knowledge_profile_id,raw_disease,disease,raw_hindi_name,hindi_name,raw_marathi_name,marathi_name,raw_symptoms,symptoms,raw_diagnosis_and_tests,diagnosis_and_tests,raw_symptom_severity,symptom_severity,raw_duration_of_treatment,duration_of_treatment,raw_medical_history,medical_history,raw_current_medications,current_medications,raw_risk_factors,risk_factors,raw_environmental_factors,environmental_factors,raw_sleep_patterns,sleep_patterns,raw_stress_levels,stress_levels,raw_physical_activity_levels,physical_activity_levels,raw_family_history,family_history,raw_dietary_habits,dietary_habits,raw_allergies_food_env,allergies_food_env,raw_seasonal_variation,seasonal_variation,raw_age_group,age_group,raw_gender,gender,raw_occupation_and_lifestyle,occupation_and_lifestyle,raw_cultural_preferences,cultural_preferences,raw_herbal_alternative_remedies,herbal_alternative_remedies,raw_ayurvedic_herbs,ayurvedic_herbs,raw_formulation,formulation,raw_doshas,doshas,raw_constitution_prakriti,constitution_prakriti,raw_diet_and_lifestyle_recommendations,diet_and_lifestyle_recommendations,raw_yoga_and_physical_therapy,yoga_and_physical_therapy,raw_medical_intervention,medical_intervention,raw_prevention,prevention,raw_prognosis,prognosis,raw_complications,complications,raw_patient_recommendations,patient_recommendations,normalized_disease,symptom_tokens,symptom_token_count,dosha_vata,dosha_pitta,dosha_kapha,placeholder_missing_columns
kp_0001,Cough,Cough,खांसी,खांसी,खोकला,खोकला,"Sore throat, chest congestion","Sore throat, chest congestion","Chest X-ray, Blood tests, Sputum analysis","Chest X-ray, Blood tests, Sputum analysis",Mild to Moderate,mild to moderate,1-2 weeks,1-2 weeks,"Asthma, Respiratory Issues","Asthma, Respiratory Issues","Cough syrup, Inhalers","Cough syrup, Inhalers","Viral infections, Smoking","Viral infections, Smoking","Dry, Cold Air, Dusty Air","Dry, Cold Air, Dusty Air",Irregular Sleep,irregular sleep,High Stress,high stress,Low,low,"Asthma, Respiratory issues","Asthma, Respiratory issues","Spicy, Oily Foods","Spicy, Oily Foods","Dust, Pollen","Dust, Pollen","Winter, Rainy","winter, rainy",All ages,all ages,All genders,all genders,"Desk Job, Low physical activity","Desk Job, Low physical activity",Varies by region,Varies by region,"Ginger, Honey","Ginger, Honey","Tulsi, Ashwagandha","Tulsi, Ashwagandha","Ginger (2g), Honey (1 tsp)","Ginger (2g), Honey (1 tsp)","Vata, Kapha","Vata, Kapha",Vata-Kapha,Vata-Kapha,Avoid cold foods; stay hydrated; consume warm liquids.,Avoid cold foods; stay hydrated; consume warm liquids.,"Anulom Vilom, Pranayama","Anulom Vilom, Pranayama","Cough syrup, Antibiotics","Cough syrup, Antibiotics",Avoid irritants,Avoid irritants,Usually mild,Usually mild,"Bronchitis, Pneumonia","Bronchitis, Pneumonia","Stay hydrated, rest","Stay hydrated, rest",cough,"[""sore throat"", ""chest congestion""]",2,1,0,1,[]
kp_0002,Diabetes,Diabetes,मधुमेह,मधुमेह,मधुमेह,मधुमेह,"Frequent urination, fatigue","Frequent urination, fatigue","Blood sugar test, HbA1c test","Blood sugar test, HbA1c test",Moderate to High,moderate to high,Lifetime management,Lifetime management,Family history of diabetes,Family history of diabetes,"Insulin, Metformin","Insulin, Metformin","Obesity, Genetics, Age > 40","Obesity, Genetics, Age > 40","High Sugar, Sedentary Life","High Sugar, Sedentary Life",Poor Sleep,poor sleep,High Stress,high stress,Low,low,Family History of Diabetes,Family History of Diabetes,"High sugar, Low fiber","High sugar, Low fiber","Gluten, Dairy","Gluten, Dairy",All seasons,all seasons,30-60 years,30-60 years,Both genders,all genders,"Sedentary job, Low exercise","Sedentary job, Low exercise",Avoids certain foods,Avoids certain foods,"Cinnamon, Bitter melon","Cinnamon, Bitter melon","Jamun, Gudmar","Jamun, Gudmar",Fenugreek (3g daily),Fenugreek (3g daily),"Pitta, Kapha","Pitta, Kapha",Kapha,Kapha,Avoid sugary foods; focus on low-GI foods; regular exercise.,Avoid sugary foods; focus on low-GI foods; regular exercise.,"Surya Namaskar, Pranayama","Surya Namaskar, Pranayama","Insulin, Oral meds","Insulin, Oral meds",Regular exercise,Regular exercise,"Chronic, manageable","Chronic, manageable","Retinopathy, Kidney disease","Retinopathy, Kidney disease","Healthy diet, exercise","Healthy diet, exercise",diabetes,"[""frequent urination"", ""fatigue""]",2,0,1,1,[]
kp_0003,Hypertension,Hypertension,उच्च रक्तचाप,उच्च रक्तचाप,उच्च रक्तदाब,उच्च रक्तदाब,"High blood pressure, stress","High blood pressure, stress",Blood pressure measurement,Blood pressure measurement,High,high,Lifetime management,Lifetime management,"Heart disease, Stroke","Heart disease, Stroke","Beta-blockers, Diuretics","Beta-blockers, Diuretics","Family history, Obesity, Age","Family history, Obesity, Age","Hot weather, Salt intake","Hot weather, Salt intake",Poor Sleep,poor sleep,High Stress,high stress,Moderate,moderate,Family History of Hypertension,Family History of Hypertension,"Low Salt, Low Fat","Low Salt, Low Fat",None,,Hot Weather,hot weather,40-70 years,40-70 years,Both genders,all genders,"Desk Job, High stress","Desk Job, High stress","Low-fat, Low-sodium preferences","Low-fat, Low-sodium preferences","Garlic, Hibiscus tea","Garlic, Hibiscus tea","Ashwagandha, Arjuna","Ashwagandha, Arjuna",Ashwagandha (5g daily),Ashwagandha (5g daily),"Pitta, Vata","Vata, Pitta",Pitta,Pitta,Reduce salt; practice yoga and meditation; avoid spicy foods.,Reduce salt; practice yoga and meditation; avoid spicy foods.,"Surya Namaskar, Meditation","Surya Namaskar, Meditation",Antihypertensive meds,Antihypertensive meds,Salt restriction,Salt restriction,Chronic,Chronic,"Heart failure, Stroke","Heart failure, Stroke","Limit salt, exercise","Limit salt, exercise",hypertension,"[""high blood pressure"", ""stress""]",2,1,1,0,"[""allergies_food_env""]"
kp_0004,Migraine,Migraine,माइग्रेन,माइग्रेन,डोकेदुखी,डोकेदुखी,"Severe headache, nausea","Severe headache, nausea","CT scan, MRI, Neurological exam","CT scan, MRI, Neurological exam",Moderate to Severe,moderate to severe,3-4 days for relief,3-4 days for relief,Family history of migraines,Family history of migraines,Pain relievers (NSAIDs),Pain relievers (NSAIDs),"Stress, Hormonal changes","Stress, Hormonal changes","Bright lights, Loud sounds","Bright lights, Loud sounds",Irregular Sleep,irregular sleep,High Stress,high stress,Moderate,moderate,Family History of Migraines,Family History of Migraines,"Spicy, Caffeinated foods","Spicy, Caffeinated foods",None,,All seasons,all seasons,20-50 years,20-50 years,Mostly Female,mostly female,"High screen time, Low activity","High screen time, Low activity",Avoids strong smells,Avoids strong smells,"Peppermint, Lavender oil","Peppermint, Lavender oil","Brahmi, Jatamansi","Brahmi, Jatamansi",Peppermint (2 drops in water),Peppermint (2 drops in water),"Pitta, Vata","Vata, Pitta",Pitta-Vata,Pitta-Vata,Maintain regular meal times; avoid bright lights; stay hydrated.,Maintain regular meal times; avoid bright lights; stay hydrated.,"Anulom Vilom, Pranayama","Anulom Vilom, Pranayama","Pain relievers, Botox","Pain relievers, Botox",Stress management,Stress management,Variable,Variable,"Stroke, Anxiety, Depression","Stroke, Anxiety, Depression","Sleep, avoid triggers","Sleep, avoid triggers",migraine,"[""severe headache"", ""nausea""]",2,1,1,0,"[""allergies_food_env""]"
kp_0005,Arthritis,Arthritis,गठिया,गठिया,आर्थरायटीस,आर्थरायटीस,"Joint pain, swelling","Joint pain, swelling","X-ray, MRI, Blood tests (RA factor)","X-ray, MRI, Blood tests (RA factor)",Moderate to Severe,moderate to severe,Variable,Variable,"Joint pain, Obesity","Joint pain, Obesity",Pain relievers (NSAIDs),Pain relievers (NSAIDs),"Age, Joint overuse, Genetics","Age, Joint overuse, Genetics","Cold, Damp weather","Cold, Damp weather",Poor Sleep,poor sleep,Moderate Stress,moderate stress,Low,low,Family History of Arthritis,Family History of Arthritis,"Low-fat, Low-carb","Low-fat, Low-carb","Pollen, Dust","Pollen, Dust","Winter, Rainy","winter, rainy",40+ years,40+ years,Both genders,all genders,"Sedentary lifestyle, Office job","Sedentary lifestyle, Office job","Avoids cold, prefers warm places","Avoids cold, prefers warm places","Turmeric, Ginger","Turmeric, Ginger","Ashwagandha, Guggul","Ashwagandha, Guggul","Turmeric (1/2 tsp), Milk (200ml)","Turmeric (1/ 2 tsp), Milk (200ml)","Vata, Kapha","Vata, Kapha",Vata,Vata,Consume anti-inflammatory foods; stay active; avoid cold exposure.,Consume anti-inflammatory foods; stay active; avoid cold exposure.,"Yoga for flexibility, Strength","Yoga for flexibility, Strength","NSAIDs, Steroids","NSAIDs, Steroids",Weight management,Weight management,Chronic,Chronic,"Joint deformity, Mobility issues","Joint deformity, Mobility issues","Exercise, joint care","Exercise, joint care",arthritis,"[""joint pain"", ""swelling""]",2,1,0,1,[]
kp_0006,Common Cold,Common Cold,सामान्य सर्दी,सामान्य सर्दी,सामान्य सर्दी,सामान्य सर्दी,"Runny nose, sneezing, mild fever","Runny nose, sneezing, mild fever","Physical exam, Throat culture","Physical exam, Throat culture",Mild to Moderate,mild to moderate,7-10 days,7-10 days,None,,"Antihistamines, Decongestants","Antihistamines, Decongestants","Viral infections, Immune weakness","Viral infections, Immune weakness","Cold Air, Viral Infection","Cold Air, Viral Infection",Irregular Sleep,irregular sleep,Moderate Stress,moderate stress,Low,low,None,,Balanced diet,Balanced diet,"Dust, Pollen","Dust, Pollen","Winter, Monsoon","winter, monsoon",All ages,all ages,All genders,all genders,"Office job, Low activity","Office job, Low activity",Avoids cold foods,Avoids cold foods,"Echinacea, Ginger tea","Echinacea, Ginger tea","Tulsi, Ginger","Tulsi, Ginger","Tulsi leaves (5), Ginger (1g)","Tulsi leaves (5), Ginger (1g)","Kapha, Vata","Vata, Kapha",Kapha,Kapha,Rest well; consume warm foods; avoid dairy temporarily.,Rest well; consume warm foods; avoid dairy temporarily.,"Pranayama, Anulom Vilom","Pranayama, Anulom Vilom","Decongestants, Rest","Decongestants, Rest","Good hygiene, Rest","Good hygiene, Rest",Usually mild,Usually mild,Secondary infections,Secondary infections,"Hydration, rest","Hydration, rest",common cold,"[""runny nose"", ""sneezing"", ""mild fever""]",3,1,0,1,"[""medical_history"", ""family_history""]"
kp_0007,Indigestion,Indigestion,पाचन की समस्या,पाचन की समस्या,पचन समस्या,पचन समस्या,"Bloating, abdominal discomfort","Bloating, abdominal discomfort","Endoscopy, Blood tests","Endoscopy, Blood tests",Mild to Moderate,mild to moderate,1-3 days,1-3 days,"Poor diet, Stress","Poor diet, Stress","Antacids, Probiotics","Antacids, Probiotics","Overeating, Stress","Overeating, Stress","Overeating, Spicy foods","Overeating, Spicy foods",Poor Sleep,poor sleep,High Stress,high stress,Moderate,moderate,Family history of digestive issues,Family history of digestive issues,"Spicy, Oily foods","Spicy, Oily foods","Dairy, Gluten","Dairy, Gluten","Winter, Monsoon","winter, monsoon",All ages,all ages,All genders,all genders,"Sedentary job, High stress","Sedentary job, High stress","Varies, often vegetarian","Varies, often vegetarian","Peppermint, Fennel","Peppermint, Fennel","Triphala, Ajwain","Triphala, Ajwain","Ajwain seeds (1 tsp), Water (200ml)","Ajwain seeds (1 tsp), Water (200ml)","Vata, Pitta","Vata, Pitta",Vata-Pitta,Vata-Pitta,Avoid processed foods; eat smaller meals; stay active.,Avoid processed foods; eat smaller meals; stay active.,"Pranayama, Yogasanas","Pranayama, Yogasanas","Antacids, PPIs","Antacids, PPIs","Eat small meals, Avoid triggers","Eat small meals, Avoid triggers",Usually mild,Usually mild,"Acid reflux, GERD","Acid reflux, GERD","Avoid heavy meals, stress","Avoid heavy meals, stress",indigestion,"[""bloating"", ""abdominal discomfort""]",2,1,1,0,[]
kp_0008,Asthma,Asthma,दमा,दमा,श्वसन रोग,श्वसन रोग,"Wheezing, shortness of breath","Wheezing, shortness of breath","Pulmonary function tests, Chest X-ray","Pulmonary function tests, Chest X-ray",Moderate to Severe,moderate to severe,Lifelong management,Lifelong management,"Allergies, Respiratory Issues","Allergies, Respiratory Issues","Inhalers, Steroids","Inhalers, Steroids","Family history, Allergies, Air pollution","Family history, Allergies, Air pollution","Dust, Pollution","Dust, Pollution",Irregular Sleep,irregular sleep,High Stress,high stress,Low,low,Family History of Asthma,Family History of Asthma,"Low-fat, High-protein","Low-fat, High-protein","Pollen, Dust","Pollen, Dust","Winter, Rainy","winter, rainy",Any age,any age,Both genders,all genders,"Sedentary lifestyle, Low activity","Sedentary lifestyle, Low activity","Avoids cold, prefers warm places","Avoids cold, prefers warm places","Ginger, Eucalyptus oil","Ginger, Eucalyptus oil","Ashwagandha, Tulsi","Ashwagandha, Tulsi","Mulethi (1/2 tsp), Honey (1 tsp)","Mulethi (1/ 2 tsp), Honey (1 tsp)","Kapha, Vata","Vata, Kapha",Kapha,Kapha,Avoid cold and dusty environments; practice breathing exercises.,Avoid cold and dusty environments; practice breathing exercises.,"Pranayama, Kapalbhati","Pranayama, Kapalbhati","Inhalers, Steroids","Inhalers, Steroids",Avoid allergens,Avoid allergens,Chronic,Chronic,"Asthma attacks, Lung infections","Asthma attacks, Lung infections","Avoid triggers, use inhaler","Avoid triggers, use inhaler",asthma,"[""wheezing"", ""shortness of breath""]",2,1,0,1,[]
kp_0009,Constipation,Constipation,कब्ज,कब्ज,बधाम,बधाम,"Hard stools, infrequent bowel movement","Hard stools, infrequent bowel movement","Physical exam, Colonoscopy, X-ray","Physical exam, Colonoscopy, X-ray",Mild to Moderate,mild to moderate,2-3 days,2-3 days,"Poor diet, Lack of exercise","Poor diet, Lack of exercise","Laxatives, Fiber","Laxatives, Fiber","Low fiber diet, Dehydration","Low fiber diet, Dehydration","Low water intake, Stress","Low water intake, Stress",Irregular Sleep,irregular sleep,High Stress,high stress,Low to Moderate,low to moderate,Family History of Constipation,Family History of Constipation,"High fiber, Low-fat","High fiber, Low-fat","Dairy, Processed foods","Dairy, Processed foods",All seasons,all seasons,All ages,all ages,Both genders,all genders,"Office job, Low physical activity","Office job, Low physical activity","Vegetarian, high fiber intake","Vegetarian, high fiber intake","Triphala, Aloe Vera","Triphala, Aloe Vera","Triphala, Isabgol","Triphala, Isabgol","Triphala (1 tsp), Warm water (200ml)","Triphala (1 tsp), Warm water (200ml)",Vata,Vata,Vata,Vata,Increase fiber intake; stay hydrated; practice regular bowel routines.,Increase fiber intake; stay hydrated; practice regular bowel routines.,"Paschimottanasana, Pranayama","Paschimottanasana, Pranayama","Laxatives, Fiber supplements","Laxatives, Fiber supplements","Drink water, fiber-rich foods","Drink water, fiber-rich foods",Usually mild,Usually mild,"Hemorrhoids, Fecal impaction","Hemorrhoids, Fecal impaction",Increase fiber intake,Increase fiber intake,constipation,"[""hard stools"", ""infrequent bowel movement""]",2,1,0,0,[]
kp_0010,Insomnia,Insomnia,अनिद्रा,अनिद्रा,अनिद्रा,अनिद्रा,"Difficulty sleeping, restlessness","Difficulty sleeping, restlessness","Sleep study, Blood tests, Questionnaire","Sleep study, Blood tests, Questionnaire",Moderate to Severe,moderate to severe,"Variable, up to 4 weeks","Variable, up to 4 weeks","Anxiety, Depression, Stress","Anxiety, Depression, Stress","Sleep aids, Melatonin","Sleep aids, Melatonin","Stress, Anxiety, Irregular sleep","Stress, Anxiety, Irregular sleep","Noise, Bright light, Caffeine","Noise, Bright light, Caffeine",Poor Sleep,poor sleep,High Stress,high stress,Low,low,Family history of Insomnia,Family history of Insomnia,"Caffeine, Spicy foods","Caffeine, Spicy foods",None,,All seasons,all seasons,All ages,all ages,Both genders,all genders,"Office job, High stress","Office job, High stress",Avoids screen time late,Avoids screen time late,"Valerian root, Chamomile","Valerian root, Chamomile","Ashwagandha, Jatamansi","Ashwagandha, Jatamansi","Brahmi (1 tsp), Warm milk (200ml)","Brahmi (1 tsp), Warm milk (200ml)","Vata, Pitta","Vata, Pitta",Vata-Pitta,Vata-Pitta,Establish a sleep routine; avoid caffeine; practice meditation.,Establish a sleep routine; avoid caffeine; practice meditation.,"Anulom Vilom, Yoga Nidra","Anulom Vilom, Yoga Nidra","Sleep aids, CBT therapy","Sleep aids, CBT therapy","Sleep routine, Relaxation","Sleep routine, Relaxation",Chronic if untreated,Chronic if untreated,"Anxiety, Depression","Anxiety, Depression","Sleep hygiene, relax","Sleep hygiene, relax",insomnia,"[""difficulty sleeping"", ""restlessness""]",2,1,1,0,"[""allergies_food_env""]"
kp_0011,Obesity,Obesity,मोटापा,मोटापा,"स्थूलता ,लठ्ठपणा","स्थूलता, लठ्ठपणा","Weight gain, lethargy","Weight gain, lethargy","BMI, Blood tests, Waist-to-hip ratio","BMI, Blood tests, Waist-to-hip ratio",Moderate to Severe,moderate to severe,"Variable, long-term","Variable, long-term","Diabetes, Hypertension","Diabetes, Hypertension",Weight loss medications,Weight loss medications,"Overeating, Sedentary lifestyle","Overeating, Sedentary lifestyle","Overeating, Sedentary lifestyle","Overeating, Sedentary lifestyle",Irregular Sleep,irregular sleep,High Stress,high stress,Low to Moderate,low to moderate,Family History of Obesity,Family History of Obesity,"High-calorie, Low-nutrient","High-calorie, Low-nutrient",None,,All seasons,all seasons,30-50 years,30-50 years,Both genders,all genders,Sedentary lifestyle,Sedentary lifestyle,"Low-fat, low-sugar preference","Low-fat, low-sugar preference","Green tea, Garcinia Cambogia","Green tea, Garcinia Cambogia","Guggul, Triphala","Guggul, Triphala","Guggulu (500mg), Warm water (200ml)","Guggulu (500mg), Warm water (200ml)",Kapha,Kapha,Kapha,Kapha,Avoid heavy and oily foods; focus on exercise; eat light dinners.,Avoid heavy and oily foods; focus on exercise; eat light dinners.,"Surya Namaskar, Walking","Surya Namaskar, Walking",Weight loss medications,Weight loss medications,"Exercise, Diet control","Exercise, Diet control","Chronic, manageable","Chronic, manageable","Heart disease, Diabetes","Heart disease, Diabetes","Exercise, balanced diet","Exercise, balanced diet",obesity,"[""weight gain"", ""lethargy""]",2,0,0,1,"[""allergies_food_env""]"
kp_0012,Skin Allergy,Skin Allergy,त्वचा एलर्जी,त्वचा एलर्जी,त्वचा एलर्जी,त्वचा एलर्जी,"Itchy rash, redness","Itchy rash, redness","Skin tests, Blood tests","Skin tests, Blood tests",Moderate to Severe,moderate to severe,1-2 weeks,1-2 weeks,"Asthma, Eczema, Hay fever","Asthma, Eczema, Hay fever","Antihistamines, Topical creams","Antihistamines, Topical creams","Allergies, Genetics","Allergies, Genetics","Dust, Pollen, Chemicals","Dust, Pollen, Chemicals",Poor Sleep,poor sleep,High Stress,high stress,Low,low,Family History of Allergies,Family History of Allergies,"High-protein, Low-dairy","High-protein, Low-dairy","Dust, Pollen","Dust, Pollen","Winter, Spring","winter, spring",All ages,all ages,Both genders,all genders,Exposure to allergens,Exposure to allergens,Avoids scented products,Avoids scented products,"Aloe Vera, Chamomile","Aloe Vera, Chamomile","Neem, Tulsi","Neem, Tulsi","Aloe vera gel (fresh, 2 tsp)","Aloe vera gel (fresh, 2 tsp)",Pitta,Pitta,Pitta,Pitta,Avoid allergens; wear loose clothing; consume cooling foods.,Avoid allergens; wear loose clothing; consume cooling foods.,"Anulom Vilom, Pranayama","Anulom Vilom, Pranayama","Antihistamines, Steroids","Antihistamines, Steroids",Avoid allergens,Avoid allergens,Usually mild,Usually mild,"Eczema, Rash","Eczema, Rash","Avoid triggers, moisturize","Avoid triggers, moisturize",skin allergy,"[""itchy rash"", ""redness""]",2,0,1,0,[]
kp_0013,Anxiety,Anxiety,चिंता,चिंता,चिंता,चिंता,"Excessive worry, restlessness","Excessive worry, restlessness","Psychological evaluation, Blood tests","Psychological evaluation, Blood tests",Moderate to Severe,moderate to severe,2-4 weeks,2-4 weeks,"Stress, Trauma, Depression","Stress, Trauma, Depression","Antidepressants, Benzodiazepines","Antidepressants, Benzodiazepines","Stress, Trauma, Family history","Stress, Trauma, Family history","Overwork, Personal issues","Overwork, Personal issues",Poor Sleep,poor sleep,High Stress,high stress,Low to Moderate,low to moderate,Family History of Anxiety,Family History of Anxiety,"Balanced diet, Low caffeine","Balanced diet, Low caffeine",None,,All seasons,all seasons,20-40 years,20-40 years,Mostly Female,mostly female,High-stress job,High-stress job,Favors holistic practices,Favors holistic practices,"Lavender oil, Ashwagandha","Lavender oil, Ashwagandha","Brahmi, Ashwagandha","Brahmi, Ashwagandha","Ashwagandha (1 tsp), Tulsi (5 leaves)","Ashwagandha (1 tsp), Tulsi (5 leaves)","Vata, Pitta","Vata, Pitta",Vata-Pitta,Vata-Pitta,Practice yoga; avoid stimulants; focus on mindfulness.,Practice yoga; avoid stimulants; focus on mindfulness.,"Meditation, Deep Breathing","Meditation, Deep Breathing","Antidepressants, CBT","Antidepressants, CBT","Stress management, Exercise","Stress management, Exercise",Chronic,Chronic,"Depression, Panic attacks","Depression, Panic attacks","Relaxation, therapy","Relaxation, therapy",anxiety,"[""excessive worry"", ""restlessness""]",2,1,1,0,"[""allergies_food_env""]"
kp_0014,Fever,Fever,बुखार,बुखार,ताप,ताप,"High temperature, body aches","High temperature, body aches","Physical exam, Blood tests","Physical exam, Blood tests",Mild to Severe,mild to severe,3-5 days,3-5 days,"Viral infections, Infections","Viral infections, Infections","Antipyretics, Fluids","Antipyretics, Fluids","Infection, Immune weakness","Infection, Immune weakness","Infections, Viral outbreaks","Infections, Viral outbreaks",Irregular Sleep,irregular sleep,Moderate Stress,moderate stress,Low,low,Family History of Fever,Family History of Fever,Balanced diet,Balanced diet,None,,"Winter, Monsoon","winter, monsoon",All ages,all ages,Both genders,all genders,"Sedentary, Dependent on season","Sedentary, Dependent on season",Avoids cold foods,Avoids cold foods,"Ginger, Honey","Ginger, Honey","Tulsi, Ginger","Tulsi, Ginger","Coriander seeds (1 tsp), Ginger (1g)","Coriander seeds (1 tsp), Ginger (1g)","Pitta, Kapha","Pitta, Kapha",Pitta,Pitta,"Rest; stay hydrated; consume light, warm meals.","Rest; stay hydrated; consume light, warm meals.","Surya Namaskar, Pranayama","Surya Namaskar, Pranayama","Antipyretics, Fluids","Antipyretics, Fluids","Rest, Hydration","Rest, Hydration",Usually mild,Usually mild,"Sepsis, Organ failure","Sepsis, Organ failure","Hydration, rest","Hydration, rest",fever,"[""high temperature"", ""body aches""]",2,0,1,1,"[""allergies_food_env""]"
kp_0015,Acidity,Acidity,अम्लपित्त,अम्लपित्त,आम्लपित्त,आम्लपित्त,"Heartburn, sour taste, nausea","Heartburn, sour taste, nausea","Endoscopy, pH monitoring","Endoscopy, pH monitoring",Mild to Moderate,mild to moderate,1-3 days,1-3 days,"Poor diet, Stress, Spicy foods","Poor diet, Stress, Spicy foods","Antacids, Proton pump inhibitors","Antacids, Proton pump inhibitors","Spicy foods, Alcohol","Spicy foods, Alcohol","Overeating, Stress, Spicy foods","Overeating, Stress, Spicy foods",Poor Sleep,poor sleep,High Stress,high stress,Low,low,Family history of Acid reflux,Family history of Acid reflux,"Spicy, Oily foods","Spicy, Oily foods","Dairy, Caffeine","Dairy, Caffeine",All seasons,all seasons,All ages,all ages,Both genders,all genders,"Office job, High stress","Office job, High stress",Avoids spicy foods,Avoids spicy foods,"Ginger, Fennel","Ginger, Fennel","Amla, Ajwain","Amla, Ajwain","Aloe vera (10ml), Water (200ml)","Aloe vera (10ml), Water (200ml)",Pitta,Pitta,Pitta-Prakriti,Pitta-Prakriti,Avoid spicy foods; eat cooling foods like cucumber.,Avoid spicy foods; eat cooling foods like cucumber.,"Yogasanas, Pranayama","Yogasanas, Pranayama","Antacids, PPIs","Antacids, PPIs","Avoid spicy foods, smaller meals","Avoid spicy foods, smaller meals",Usually mild,Usually mild,"GERD, Esophagitis","GERD, Esophagitis",Eat smaller meals,Eat smaller meals,acidity,"[""heartburn"", ""sour taste"", ""nausea""]",3,0,1,0,[]
kp_0016,Acne,Acne,मुँहासे,मुँहासे,पिंपल्स,पिंपल्स,"Pimples, blackheads, oily skin","Pimples, blackheads, oily skin","Skin exam, Hormonal tests, Blood tests","Skin exam, Hormonal tests, Blood tests",Mild to Moderate,mild to moderate,2-4 weeks,2-4 weeks,"Hormonal imbalance, Poor hygiene","Hormonal imbalance, Poor hygiene","Topical creams, Antibiotics","Topical creams, Antibiotics","Hormones, Stress, Diet","Hormones, Stress, Diet","Pollution, Oily skin","Pollution, Oily skin",Irregular Sleep,irregular sleep,High Stress,high stress,Moderate,moderate,Family history of Acne,Family history of Acne,"Oily, High-sugar diet","Oily, High-sugar diet","Dairy, Chocolate","Dairy, Chocolate",All seasons,all seasons,"Teenagers, 20s","teenagers, 20s",Both genders,all genders,"Active, College/Teen lifestyle","Active, College/ Teen lifestyle",Avoids greasy foods,Avoids greasy foods,"Tea tree oil, Aloe Vera","Tea tree oil, Aloe Vera","Neem, Turmeric","Neem, Turmeric","Neem leaves (5g), Water (10ml)","Neem leaves (5g), Water (10ml)",Pitta,Pitta,Pitta-Prakriti,Pitta-Prakriti,Avoid fried foods; include turmeric and green vegetables.,Avoid fried foods; include turmeric and green vegetables.,"Anulom Vilom, Kapalbhati","Anulom Vilom, Kapalbhati","Topical treatments, Antibiotics","Topical treatments, Antibiotics","Clean skin, avoid triggers","Clean skin, avoid triggers",Usually mild,Usually mild,"Scarring, Skin infections","Scarring, Skin infections","Healthy diet, proper skincare","Healthy diet, proper skincare",acne,"[""pimples"", ""blackheads"", ""oily skin""]",3,0,1,0,[]
kp_0017,Acromegaly,Acromegaly,एक्रोमेगाली,एक्रोमेगाली,एक्रोमेगाली,एक्रोमेगाली,"Enlarged hands/feet, thickened skin","Enlarged hands/ feet, thickened skin","MRI, Blood tests (GH levels)","MRI, Blood tests (GH levels)",Severe,severe,Long-term,Long-term,Pituitary gland tumors,Pituitary gland tumors,"Hormone replacement, Surgery","Hormone replacement, Surgery","Pituitary tumor, Genetics","Pituitary tumor, Genetics","Genetic mutations, Tumors","Genetic mutations, Tumors",Poor Sleep,poor sleep,Moderate Stress,moderate stress,Low,low,Family History of Endocrine disorders,Family History of Endocrine disorders,"High-protein, Low-fat","High-protein, Low-fat",None,,All seasons,all seasons,30-60 years,30-60 years,Both genders,all genders,Sedentary lifestyle,Sedentary lifestyle,Avoids processed foods,Avoids processed foods,None known,None known,"Ashwagandha, Brahmi","Ashwagandha, Brahmi",Ashwagandha (3g daily),Ashwagandha (3g daily),"Pitta, Kapha","Pitta, Kapha",Kapha-Prakriti,Kapha-Prakriti,"Avoid heavy meals; consume balanced, nutrient-rich foods.","Avoid heavy meals; consume balanced, nutrient-rich foods.",Yoga for joint flexibility,Yoga for joint flexibility,"Surgery, Medication","Surgery, Medication",Regular check-ups,Regular check-ups,Chronic,Chronic,"Cardiovascular disease, Arthritis","Cardiovascular disease, Arthritis",Monitor hormone levels,Monitor hormone levels,acromegaly,"[""enlarged hands"", ""feet"", ""thickened skin""]",3,0,1,1,"[""allergies_food_env""]"
kp_0018,Acute Kidney Injury,Acute Kidney Injury,तीव्र किडनी क्षति,तीव्र किडनी क्षति,तीव्र मूत्रमार्ग विकार,तीव्र मूत्रमार्ग विकार,"Reduced urine output, swelling, confusion","Reduced urine output, swelling, confusion","Blood Tests, Urine Tests","Blood Tests, Urine Tests",Severe,severe,"Varies, depends on cause","Varies, depends on cause","Diabetes, Hypertension, Trauma","Diabetes, Hypertension, Trauma","Diuretics, Dialysis","Diuretics, Dialysis","Dehydration, Hypertension","Dehydration, Hypertension","Dehydration, High blood pressure","Dehydration, High blood pressure",Irregular Sleep,irregular sleep,High Stress,high stress,Low,low,Family History of Kidney disease,Family History of Kidney disease,"Low-salt, High-water intake","Low-salt, High-water intake",None,,All seasons,all seasons,All ages,all ages,Both genders,all genders,"High-risk jobs (e.g., construction)","High-risk jobs (e.g., construction)",Favors fresh foods,Favors fresh foods,"Nettle Leaf, Dandelion","Nettle Leaf, Dandelion","Punarnava, Gokshura","Punarnava, Gokshura","Punarnava (3g), Warm water (200ml)","Punarnava (3g), Warm water (200ml)","Kapha, Pitta","Pitta, Kapha",Kapha-Pitta,Kapha-Pitta,Avoid salty and processed foods; stay hydrated.,Avoid salty and processed foods; stay hydrated.,"Pranayama, Surya Namaskar","Pranayama, Surya Namaskar","Dialysis, Kidney Transplant","Dialysis, Kidney Transplant",Avoid Nephrotoxic Drugs,Avoid Nephrotoxic Drugs,"Recovery possible, may need dialysis","Recovery possible, may need dialysis",Chronic Kidney Disease,Chronic Kidney Disease,Monitor Kidney Function,Monitor Kidney Function,acute kidney injury,"[""reduced urine output"", ""swelling"", ""confusion""]",3,0,1,1,"[""allergies_food_env""]"
kp_0019,Addison's Disease,Addison's Disease,एडिसन रोग,एडिसन रोग,एडिसन रोग,एडिसन रोग,"Fatigue, low blood pressure, weight loss","Fatigue, low blood pressure, weight loss","Blood Tests, ACTH Stimulation","Blood Tests, ACTH Stimulation",Severe,severe,Lifelong,Lifelong,"Autoimmune disorders, Tuberculosis","Autoimmune disorders, Tuberculosis","Steroid replacement, Hormone therapy","Steroid replacement, Hormone therapy","Autoimmune Diseases, Stress","Autoimmune Diseases, Stress","Stress, Infections","Stress, Infections",Irregular Sleep,irregular sleep,High Stress,high stress,Low,low,Family History of Autoimmune diseases,Family History of Autoimmune diseases,"Low-sodium, High-potassium","Low-sodium, High-potassium",None,,"Winter, Rainy","winter, rainy",30-60 years,30-60 years,Both genders,all genders,"Sedentary lifestyle, Medical jobs","Sedentary lifestyle, Medical jobs",Avoids cold environments,Avoids cold environments,"Licorice Root, Ashwagandha","Licorice Root, Ashwagandha","Ashwagandha, Licorice","Ashwagandha, Licorice","Licorice root (2g), Warm water (200ml)","Licorice root (2g), Warm water (200ml)","Vata, Pitta","Vata, Pitta",Vata-Pitta,Vata-Pitta,"Include salty foods; consume small, frequent meals.","Include salty foods; consume small, frequent meals.","Gentle Yoga, Restorative Practices","Gentle Yoga, Restorative Practices",Hormone Replacement Therapy,Hormone Replacement Therapy,"Avoid Stress, Adequate Rest","Avoid Stress, Adequate Rest",Manageable with Lifelong Treatment,Manageable with Lifelong Treatment,Adrenal Crisis,Adrenal Crisis,Regular Monitoring of Hormone Levels,Regular Monitoring of Hormone Levels,addison s disease,"[""fatigue"", ""low blood pressure"", ""weight loss""]",3,1,1,0,"[""allergies_food_env""]"
kp_0020,Adrenal Insufficiency,Adrenal Insufficiency,एड्रेनल अपर्याप्तता,एड्रेनल अपर्याप्तता,अधिवृद्धी रोग,अधिवृद्धी रोग,"Fatigue, muscle weakness, low energy","Fatigue, muscle weakness, low energy","Blood Tests, ACTH Stimulation","Blood Tests, ACTH Stimulation",Severe,severe,Lifelong,Lifelong,"Autoimmune diseases, Tuberculosis","Autoimmune diseases, Tuberculosis","Steroid replacement, Hormone therapy","Steroid replacement, Hormone therapy","Autoimmune Diseases, Infection","Autoimmune Diseases, Infection","Stress, Infections","Stress, Infections",Poor Sleep,poor sleep,High Stress,high stress,Low,low,Family History of Endocrine disorders,Family History of Endocrine disorders,"Low-sodium, High-potassium","Low-sodium, High-potassium",None,,All seasons,all seasons,30-60 years,30-60 years,Both genders,all genders,"Sedentary lifestyle, Medical jobs","Sedentary lifestyle, Medical jobs",Avoids cold environments,Avoids cold environments,"Ashwagandha, Rhodiola","Ashwagandha, Rhodiola","Ashwagandha, Licorice","Ashwagandha, Licorice","Ashwagandha (2g), Warm water (200ml)","Ashwagandha (2g), Warm water (200ml)",Vata,Vata,Vata-Prakriti,Vata-Prakriti,Avoid stress; practice yoga and meditation.,Avoid stress; practice yoga and meditation.,Yoga for Stress Relief,Yoga for Stress Relief,Hormone Replacement Therapy,Hormone Replacement Therapy,Stress Management,Stress Management,Manageable with Medication,Manageable with Medication,Adrenal Crisis,Adrenal Crisis,Regular Medication,Regular Medication,adrenal insufficiency,"[""fatigue"", ""muscle weakness"", ""low energy""]",3,1,0,0,"[""allergies_food_env""]"
kp_0021,Alkaptonuria,Alkaptonuria,अल्काप्टोन्यूरिया,अल्काप्टोन्यूरिया,अल्काप्टोन्यूरिया,अल्काप्टोन्यूरिया,"Dark urine, joint pain, stiffness","Dark urine, joint pain, stiffness",Urine Test (Homogentisic Acid),Urine Test (Homogentisic Acid),Mild to Moderate,mild to moderate,Lifelong,Lifelong,"Genetic, Metabolic disorders","Genetic, Metabolic disorders","Pain relievers, Vitamin C","Pain relievers, Vitamin C",Genetic Mutation,Genetic Mutation,"Genetic mutation, High protein intake","Genetic mutation, High protein intake",Irregular Sleep,irregular sleep,Moderate Stress,moderate stress,Low,low,Family history of metabolic disorders,Family history of metabolic disorders,"High-protein, Low-fat","High-protein, Low-fat",None,,All seasons,all seasons,Childhood to Adult,childhood to adult,Both genders,all genders,Active lifestyle,Active lifestyle,Avoids foods high in phenylalanine,Avoids foods high in phenylalanine,None specific,None specific,"Guggulu, Ashwagandha","Guggulu, Ashwagandha","Turmeric (1/2 tsp), Milk (200ml)","Turmeric (1/ 2 tsp), Milk (200ml)","Vata, Kapha","Vata, Kapha",Vata-Kapha,Vata-Kapha,Avoid heavy meals; perform light exercises and consume warm meals.,Avoid heavy meals; perform light exercises and consume warm meals.,"Gentle Yoga, Joint Exercises","Gentle Yoga, Joint Exercises","Symptomatic Treatment, Joint Replacements","Symptomatic Treatment, Joint Replacements",None,,"Progressive, with Joint Damage","Progressive, with Joint Damage",Osteoarthritis,Osteoarthritis,Avoid High-Protein Diet,Avoid High-Protein Diet,alkaptonuria,"[""dark urine"", ""joint pain"", ""stiffness""]",3,1,0,1,"[""allergies_food_env"", ""prevention""]"
kp_0022,Allergies,Allergies,एलर्जी,एलर्जी,एलर्जी,एलर्जी,"Sneezing, itching, rashes","Sneezing, itching, rashes","Skin Test, Blood Test","Skin Test, Blood Test",Moderate to Severe,moderate to severe,"Varies, depends on allergen","Varies, depends on allergen","Asthma, Eczema, Hay fever, Pollen exposure","Asthma, Eczema, Hay fever, Pollen exposure","Antihistamines, Topical creams","Antihistamines, Topical creams","Family History, Environmental Allergens","Family History, Environmental Allergens","Dust, Pollen, Chemicals, Pollution","Dust, Pollen, Chemicals, Pollution",Poor Sleep,poor sleep,High Stress,high stress,Low,low,Family History of Allergies,Family History of Allergies,"High-protein, Low-dairy","High-protein, Low-dairy","Dust, Pollen","Dust, Pollen","Winter, Spring","winter, spring",All ages,all ages,Both genders,all genders,Exposure to allergens,Exposure to allergens,Avoids scented products,Avoids scented products,"Local Honey, Echinacea","Local Honey, Echinacea","Brahmi, Ashwagandha","Brahmi, Ashwagandha","Tulsi leaves (5g), Warm water (200ml)","Tulsi leaves (5g), Warm water (200ml)","Vata, Kapha","Vata, Kapha",Vata-Kapha,Vata-Kapha,Avoid cold foods; include herbal teas in the diet.,Avoid cold foods; include herbal teas in the diet.,"Pranayama, Breathing Exercises","Pranayama, Breathing Exercises","Antihistamines, Steroids","Antihistamines, Steroids","Avoid Triggers, Air Filters","Avoid Triggers, Air Filters",Can be Managed with Treatment,Can be Managed with Treatment,"Anaphylaxis, Asthma","Anaphylaxis, Asthma",Avoid Allergen Exposure,Avoid Allergen Exposure,allergies,"[""sneezing"", ""itching"", ""rashes""]",3,1,0,1,[]
kp_0023,Alopecia,Alopecia,गंजापन,गंजापन,गंजेपण,गंजेपण,"Hair loss, thinning of scalp","Hair loss, thinning of scalp","Scalp Biopsy, Blood Tests","Scalp Biopsy, Blood Tests",Moderate to Severe,moderate to severe,Varies,Varies,"Genetic, Autoimmune conditions","Genetic, Autoimmune conditions","Topical treatments, Steroid creams","Topical treatments, Steroid creams","Genetics, Hormonal Imbalance","Genetics, Hormonal Imbalance","Genetic, Stress","Genetic, Stress",Irregular Sleep,irregular sleep,High Stress,high stress,Low,low,Family history of hair loss,Family history of hair loss,"Balanced diet, High-protein","Balanced diet, High-protein",None,,All seasons,all seasons,20-50 years,20-50 years,Both genders,all genders,Stressful lifestyle,Stressful lifestyle,Avoids chemical treatments,Avoids chemical treatments,"Ginseng, Fenugreek","Ginseng, Fenugreek","Bhringraj, Amla","Bhringraj, Amla",Bhringraj oil (as needed),Bhringraj oil (as needed),Pitta,Pitta,Pitta-Prakriti,Pitta-Prakriti,Avoid spicy foods; massage scalp regularly with herbal oils.,Avoid spicy foods; massage scalp regularly with herbal oils.,"Gentle Yoga, Head Massage","Gentle Yoga, Head Massage","Topical Steroids, Minoxidil","Topical Steroids, Minoxidil",Healthy Diet,Healthy Diet,Can be Reversed with Treatment,Can be Reversed with Treatment,"Scarring, Hair Thinning","Scarring, Hair Thinning",Regular Scalp Massage,Regular Scalp Massage,alopecia,"[""hair loss"", ""thinning of scalp""]",2,0,1,0,"[""allergies_food_env""]"
kp_0024,Alzheimer's Disease,Alzheimer's Disease,अल्जाइमर रोग,अल्जाइमर रोग,अल्झायमर रोग,अल्झायमर रोग,"Memory loss, confusion, difficulty thinking","Memory loss, confusion, difficulty thinking","Cognitive Tests, MRI, PET Scan","Cognitive Tests, MRI, PET Scan",Severe,severe,"Progressive, Lifelong","Progressive, Lifelong","Family history of dementia, Age-related","Family history of dementia, Age-related",Acetylcholinesterase inhibitors,Acetylcholinesterase inhibitors,"Age, Genetics, Family History","Age, Genetics, Family History","Genetic predisposition, Aging","Genetic predisposition, Aging",Poor Sleep,poor sleep,High Stress,high stress,Low,low,Family History of Dementia,Family History of Dementia,"Low-fat, High-antioxidant","Low-fat, High-antioxidant",None,,All seasons,all seasons,60+ years,60+ years,Both genders,all genders,"Sedentary lifestyle, Aging","Sedentary lifestyle, Aging",Avoids processed foods,Avoids processed foods,"Ginkgo Biloba, Turmeric","Ginkgo Biloba, Turmeric","Brahmi, Ashwagandha","Brahmi, Ashwagandha","Brahmi (3g), Warm water (200ml)","Brahmi (3g), Warm water (200ml)","Vata, Pitta","Vata, Pitta",Vata-Prakriti,Vata-Prakriti,Include brain-boosting herbs like Brahmi; engage in memory exercises.,Include brain-boosting herbs like Brahmi; engage in memory exercises.,"Meditation, Memory Exercises","Meditation, Memory Exercises","Cholinesterase Inhibitors, Memantine","Cholinesterase Inhibitors, Memantine","Mental Stimulation, Diet","Mental Stimulation, Diet","Progressive, Declines Over Time","Progressive, Declines Over Time","Memory Loss, Dementia","Memory Loss, Dementia",Cognitive Exercises,Cognitive Exercises,alzheimer s disease,"[""memory loss"", ""confusion"", ""difficulty thinking""]",3,1,1,0,"[""allergies_food_env""]"
kp_0025,Amebiasis,Amebiasis,एमेबायसिस,एमेबायसिस,एमेबायसिस,एमेबायसिस,"Abdominal pain, diarrhea, fever","Abdominal pain, diarrhea, fever","Stool Test, Blood Test","Stool Test, Blood Test",Moderate to Severe,moderate to severe,"Varies, depending on severity","Varies, depending on severity","Travel to endemic areas, Poor sanitation","Travel to endemic areas, Poor sanitation",Antiprotozoal drugs,Antiprotozoal drugs,"Contaminated Water, Poor Sanitation","Contaminated Water, Poor Sanitation","Poor sanitation, Contaminated water","Poor sanitation, Contaminated water",Irregular Sleep,irregular sleep,Moderate Stress,moderate stress,Low,low,Family history of infections,Family history of infections,"Low-fat, High-carb diet","Low-fat, High-carb diet",None,,"Monsoon, Summer","monsoon, summer",All ages,all ages,Both genders,all genders,Travel to endemic areas,Travel to endemic areas,Avoids raw food,Avoids raw food,"Papaya Seeds, Garlic","Papaya Seeds, Garlic","Kutki, Triphala","Kutki, Triphala","Pomegranate rind (5g), Warm water (200ml)","Pomegranate rind (5g), Warm water (200ml)","Pitta, Kapha","Pitta, Kapha",Pitta-Kapha,Pitta-Kapha,Avoid raw foods; consume easily digestible meals.,Avoid raw foods; consume easily digestible meals.,Yoga for Digestion,Yoga for Digestion,Antiprotozoal Drugs,Antiprotozoal Drugs,Safe Drinking Water,Safe Drinking Water,Treatable with Medication,Treatable with Medication,"Dehydration, Liver Abscess","Dehydration, Liver Abscess",Good Hygiene Practices,Good Hygiene Practices,amebiasis,"[""abdominal pain"", ""diarrhea"", ""fever""]",3,0,1,1,"[""allergies_food_env""]"
kp_0026,Amyotrophic Lateral Sclerosis (ALS),Amyotrophic Lateral Sclerosis (ALS),एएमीट्रोफिक लेटरल स्क्लेरोसिस,एएमीट्रोफिक लेटरल स्क्लेरोसिस,एएमीट्रोफिक लेटरल स्क्लेरोसिस,एएमीट्रोफिक लेटरल स्क्लेरोसिस,"Muscle weakness, difficulty swallowing, speech problems","Muscle weakness, difficulty swallowing, speech problems","Electromyography (EMG), MRI","Electromyography (EMG), MRI",Severe,severe,"Progressive, Lifelong","Progressive, Lifelong","Genetic, Progressive neurological disorder","Genetic, Progressive neurological disorder","Riluzole, Muscle relaxants","Riluzole, Muscle relaxants","Genetics, Environmental Toxins","Genetics, Environmental Toxins","Genetic mutation, Environmental toxins","Genetic mutation, Environmental toxins",Poor Sleep,poor sleep,High Stress,high stress,Low,low,Family History of ALS,Family History of ALS,"High-protein, Low-fat","High-protein, Low-fat",None,,All seasons,all seasons,40-70 years,40-70 years,Mostly Male,mostly male,"Sedentary lifestyle, Work stress","Sedentary lifestyle, Work stress",Avoids smoking,Avoids smoking,None specific,None specific,"Ashwagandha, Brahmi","Ashwagandha, Brahmi","Shankhpushpi (10ml), Water (200ml)","Shankhpushpi (10ml), Water (200ml)",Vata,Vata,Vata-Prakriti,Vata-Prakriti,Avoid stress; include grounding and nourishing foods.,Avoid stress; include grounding and nourishing foods.,"Gentle Yoga, Stretching","Gentle Yoga, Stretching","Supportive Care, Riluzole","Supportive Care, Riluzole",None,,"Progressive, Fatal within 3-5 Years","Progressive, Fatal within 3-5 Years","Respiratory Failure, Paralysis","Respiratory Failure, Paralysis",Physical Therapy for Mobility,Physical Therapy for Mobility,amyotrophic lateral sclerosis als,"[""muscle weakness"", ""difficulty swallowing"", ""speech problems""]",3,1,0,0,"[""allergies_food_env"", ""prevention""]"
kp_0027,Anxiety,Anxiety,चिंता,चिंता,चिंता,चिंता,"Restlessness, nervousness, rapid breathing","Restlessness, nervousness, rapid breathing","Psychological Evaluation, Blood Tests","Psychological Evaluation, Blood Tests",Moderate to Severe,moderate to severe,"Varies, depends on severity","Varies, depends on severity","Stress, Trauma, Depression, Genetic factors","Stress, Trauma, Depression, Genetic factors","Antidepressants, Benzodiazepines","Antidepressants, Benzodiazepines","Stress, Genetics, Trauma","Stress, Genetics, Trauma","Overwork, Personal issues","Overwork, Personal issues",Poor Sleep,poor sleep,High Stress,high stress,Low to Moderate,low to moderate,Family History of Anxiety,Family History of Anxiety,"Balanced diet, Low caffeine","Balanced diet, Low caffeine",None,,All seasons,all seasons,20-40 years,20-40 years,Mostly Female,mostly female,High-stress job,High-stress job,Favors holistic practices,Favors holistic practices,"Lavender Oil, Chamomile Tea","Lavender Oil, Chamomile Tea","Ashwagandha, Brahmi","Ashwagandha, Brahmi","Jatamansi (3g), Warm water (200ml)","Jatamansi (3g), Warm water (200ml)",Vata,Vata,Vata-Prakriti,Vata-Prakriti,Avoid caffeine; practice mindfulness and relaxation techniques.,Avoid caffeine; practice mindfulness and relaxation techniques.,"Pranayama, Meditation","Pranayama, Meditation","Antidepressants, Therapy","Antidepressants, Therapy","Stress Management, Relaxation","Stress Management, Relaxation",Manageable with Treatment,Manageable with Treatment,"Panic Attacks, Insomnia","Panic Attacks, Insomnia",Practice Relaxation,Practice Relaxation,anxiety,"[""restlessness"", ""nervousness"", ""rapid breathing""]",3,1,0,0,"[""allergies_food_env""]"
kp_0028,Argininemia,Argininemia,आर्जिनिनेमिया,आर्जिनिनेमिया,आर्जिनिनेमिया,आर्जिनिनेमिया,"Muscle weakness, intellectual disability","Muscle weakness, intellectual disability","Blood Tests, Urine Tests","Blood Tests, Urine Tests",Mild to Severe,mild to severe,Lifelong,Lifelong,Genetic metabolic disorders,Genetic metabolic disorders,"Arginine restriction, Dietary management","Arginine restriction, Dietary management",Genetic Mutation,Genetic Mutation,"Genetic, High-protein intake","Genetic, High-protein intake",Irregular Sleep,irregular sleep,Moderate Stress,moderate stress,Low,low,Family history of metabolic disorders,Family history of metabolic disorders,"High-protein, Low-fat","High-protein, Low-fat",None,,All seasons,all seasons,Childhood,childhood,Both genders,all genders,Active lifestyle,Active lifestyle,Avoids foods high in arginine,Avoids foods high in arginine,None specific,None specific,None specific,None specific,"Brahmi (2g), Warm water (200ml)","Brahmi (2g), Warm water (200ml)",Vata,Vata,Vata-Prakriti,Vata-Prakriti,Include protein-restricted diet; practice stress management.,Include protein-restricted diet; practice stress management.,None specific,None specific,"Arginine Supplements, Low-Protein Diet","Arginine Supplements, Low-Protein Diet",Low-Protein Diet,Low-Protein Diet,Can be Managed with Diet,Can be Managed with Diet,"Cognitive Impairment, Liver Damage","Cognitive Impairment, Liver Damage",Regular Monitoring of Arginine Levels,Regular Monitoring of Arginine Levels,argininemia,"[""muscle weakness"", ""intellectual disability""]",2,1,0,0,"[""allergies_food_env""]"
kp_0029,Argininosuccinic Aciduria,Argininosuccinic Aciduria,आर्जिनिनोस्यूसीनिक एसिड्यूरिया,आर्जिनिनोस्यूसीनिक एसिड्यूरिया,आर्जिनिनोस्यूसीनिक एसिड्यूरिया,आर्जिनिनोस्यूसीनिक एसिड्यूरिया,"Poor growth, intellectual disability","Poor growth, intellectual disability","Blood Tests, Urine Tests","Blood Tests, Urine Tests",Severe,severe,Lifelong,Lifelong,Genetic metabolic disorders,Genetic metabolic disorders,"Arginine restriction, Dietary management","Arginine restriction, Dietary management",Genetic Mutation,Genetic Mutation,"Genetic, High-protein intake","Genetic, High-protein intake",Irregular Sleep,irregular sleep,Moderate Stress,moderate stress,Low,low,Family history of metabolic disorders,Family history of metabolic disorders,"High-protein, Low-fat","High-protein, Low-fat",None,,All seasons,all seasons,Childhood to Adult,childhood to adult,Both genders,all genders,Active lifestyle,Active lifestyle,Avoids foods high in arginine,Avoids foods high in arginine,None specific,None specific,None specific,None specific,"Amalaki (10ml), Water (200ml)","Amalaki (10ml), Water (200ml)","Pitta, Vata","Vata, Pitta",Pitta-Prakriti,Pitta-Prakriti,Avoid high-protein foods; consume fresh fruits and vegetables.,Avoid high-protein foods; consume fresh fruits and vegetables.,None specific,None specific,"Arginine Supplements, Low-Protein Diet","Arginine Supplements, Low-Protein Diet",Low-Protein Diet,Low-Protein Diet,Can be Managed with Diet,Can be Managed with Diet,"Cognitive Impairment, Liver Damage","Cognitive Impairment, Liver Damage",Regular Monitoring of Arginine Levels,Regular Monitoring of Arginine Levels,argininosuccinic aciduria,"[""poor growth"", ""intellectual disability""]",2,1,1,0,"[""allergies_food_env""]"
kp_0030,Arrhythmia,Arrhythmia,अरिदमिकता,अरिदमिकता,अरिदमिकता,अरिदमिकता,"Irregular heartbeat, palpitations, dizziness","Irregular heartbeat, palpitations, dizziness","Electrocardiogram (ECG), Holter Monitor","Electrocardiogram (ECG), Holter Monitor",Moderate to Severe,moderate to severe,Lifelong,Lifelong,"Heart diseases, Hypertension","Heart diseases, Hypertension","Beta-blockers, Calcium channel blockers","Beta-blockers, Calcium channel blockers","Heart Disease, Electrolyte Imbalance","Heart Disease, Electrolyte Imbalance","High caffeine intake, Sedentary lifestyle","High caffeine intake, Sedentary lifestyle",Poor Sleep,poor sleep,High Stress,high stress,Low to Moderate,low to moderate,Family history of heart disease,Family history of heart disease,"Low-sodium, High-potassium","Low-sodium, High-potassium",None,,All seasons,all seasons,40-70 years,40-70 years,Both genders,all genders,"Sedentary lifestyle, Desk jobs","Sedentary lifestyle, Desk jobs",Avoids alcohol and smoking,Avoids alcohol and smoking,"Hawthorn, Magnesium","Hawthorn, Magnesium","Arjuna, Brahmi","Arjuna, Brahmi","Arjuna bark (3g), Warm water (200ml)","Arjuna bark (3g), Warm water (200ml)","Vata, Pitta","Vata, Pitta",Vata-Prakriti,Vata-Prakriti,Avoid caffeine; include grounding foods and practice meditation.,Avoid caffeine; include grounding foods and practice meditation.,"Pranayama, Surya Namaskar","Pranayama, Surya Namaskar","Antiarrhythmic Drugs, Pacemaker","Antiarrhythmic Drugs, Pacemaker",Heart Health Monitoring,Heart Health Monitoring,Manageable with Treatment,Manageable with Treatment,"Stroke, Heart Failure","Stroke, Heart Failure",Monitor Heart Rate,Monitor Heart Rate,arrhythmia,"[""irregular heartbeat"", ""palpitations"", ""dizziness""]",3,1,1,0,"[""allergies_food_env""]"
kp_0031,Arthritis,Arthritis,गठिया,गठिया,संधिवात,संधिवात,"Joint pain, stiffness, swelling","Joint pain, stiffness, swelling","X-rays, Blood Tests","X-rays, Blood Tests",Moderate to Severe,moderate to severe,Lifelong,Lifelong,"Autoimmune diseases, Joint inflammation","Autoimmune diseases, Joint inflammation","NSAIDs, Corticosteroids","NSAIDs, Corticosteroids","Age, Family History","Age, Family History","Weather changes, Joint strain","Weather changes, Joint strain",Poor Sleep,poor sleep,High Stress,high stress,Low to Moderate,low to moderate,Family history of joint disorders,Family history of joint disorders,"Anti-inflammatory, High-calcium","Anti-inflammatory, High-calcium",None,,"Winter, Rainy season","winter, rainy season",30-60 years,30-60 years,Both genders,all genders,"Sedentary lifestyle, Active","Sedentary lifestyle, Active",Avoids heavy physical activity,Avoids heavy physical activity,"Turmeric, Ginger","Turmeric, Ginger","Guggulu, Ashwagandha","Guggulu, Ashwagandha","Turmeric (1/2 tsp), Milk (200ml)","Turmeric (1/ 2 tsp), Milk (200ml)","Vata, Kapha","Vata, Kapha",Vata-Kapha,Vata-Kapha,"Avoid cold foods; consume warm, cooked meals and do light exercises.","Avoid cold foods; consume warm, cooked meals and do light exercises.",Yoga for Flexibility,Yoga for Flexibility,"NSAIDs, Joint Injections","NSAIDs, Joint Injections","Exercise, Healthy Diet","Exercise, Healthy Diet",Can be Managed,Can be Managed,"Joint Deformity, Stiffness","Joint Deformity, Stiffness",Weight Management,Weight Management,arthritis,"[""joint pain"", ""stiffness"", ""swelling""]",3,1,0,1,"[""allergies_food_env""]"
kp_0032,Ascariasis,Ascariasis,ऐस्केरियासिस,ऐस्केरियासिस,ऐस्केरियासिस,ऐस्केरियासिस,"Abdominal pain, nausea, intestinal discomfort","Abdominal pain, nausea, intestinal discomfort","Stool Test, Blood Tests","Stool Test, Blood Tests",Moderate to Severe,moderate to severe,Varies,Varies,"Poor sanitation, Contaminated water","Poor sanitation, Contaminated water","Anthelmintics (Mebendazole, Albendazole)","Anthelmintics (Mebendazole, Albendazole)","Poor Sanitation, Contaminated Food","Poor Sanitation, Contaminated Food","Poor sanitation, Contaminated food","Poor sanitation, Contaminated food",Irregular Sleep,irregular sleep,Moderate Stress,moderate stress,Low,low,Family history of parasitic infections,Family history of parasitic infections,"Low-fat, High-carb diet","Low-fat, High-carb diet",None,,"Monsoon, Summer","monsoon, summer",All ages,all ages,Both genders,all genders,Exposure to unsanitary conditions,Exposure to unsanitary conditions,Avoids raw food,Avoids raw food,None specific,None specific,"Haritaki, Trifala","Haritaki, Trifala","Neem leaves (5g), Warm water (200ml)","Neem leaves (5g), Warm water (200ml)","Kapha, Pitta","Pitta, Kapha",Kapha-Prakriti,Kapha-Prakriti,Avoid raw and contaminated foods; focus on hygiene.,Avoid raw and contaminated foods; focus on hygiene.,Yoga for Digestion,Yoga for Digestion,Anthelmintics,Anthelmintics,Safe Drinking Water,Safe Drinking Water,Treatable with Medication,Treatable with Medication,"Intestinal Obstruction, Malnutrition","Intestinal Obstruction, Malnutrition",Good Hygiene Practices,Good Hygiene Practices,ascariasis,"[""abdominal pain"", ""nausea"", ""intestinal discomfort""]",3,0,1,1,"[""allergies_food_env""]"
kp_0033,Asparagine Synthetase Deficiency,Asparagine Synthetase Deficiency,ऐस्पैरेजिन सिंथेटेस की कमी,ऐस्पैरेजिन सिंथेटेस की कमी,ऐस्पैरेजिन सिंथेटेसची कमतरता,ऐस्पैरेजिन सिंथेटेसची कमतरता,"Developmental delays, epilepsy","Developmental delays, epilepsy","Blood Tests, Genetic Testing","Blood Tests, Genetic Testing",Severe,severe,Lifelong,Lifelong,Genetic metabolic disorders,Genetic metabolic disorders,"Enzyme replacement, Dietary management","Enzyme replacement, Dietary management",Genetic Mutation,Genetic Mutation,Genetic mutation,Genetic mutation,Irregular Sleep,irregular sleep,Moderate Stress,moderate stress,Low,low,Family history of metabolic disorders,Family history of metabolic disorders,"High-protein, Low-fat","High-protein, Low-fat",None,,All seasons,all seasons,Childhood,childhood,Both genders,all genders,"Active lifestyle, Special care","Active lifestyle, Special care",Avoids high-protein foods,Avoids high-protein foods,None specific,None specific,None specific,None specific,"Brahmi (10ml), Water (200ml)","Brahmi (10ml), Water (200ml)",Vata,Vata,Vata-Prakriti,Vata-Prakriti,"Avoid processed foods; provide a nutrient-rich, balanced diet.","Avoid processed foods; provide a nutrient-rich, balanced diet.",None specific,None specific,"Supportive Care, Diet Management","Supportive Care, Diet Management",None,,"Progressive, with Cognitive Decline","Progressive, with Cognitive Decline",Intellectual Disabilities,Intellectual Disabilities,Genetic Counseling,Genetic Counseling,asparagine synthetase deficiency,"[""developmental delays"", ""epilepsy""]",2,1,0,0,"[""allergies_food_env"", ""prevention""]"
kp_0034,Aspartylglucosaminuria,Aspartylglucosaminuria,एस्पार्टाइलग्लूकोसामिन्यूरिया,एस्पार्टाइलग्लूकोसामिन्यूरिया,एस्पार्टाइलग्लूकोसामिन्यूरिया,एस्पार्टाइलग्लूकोसामिन्यूरिया,"Growth delay, intellectual disability","Growth delay, intellectual disability","Urine Test, Genetic Testing","Urine Test, Genetic Testing",Severe,severe,Lifelong,Lifelong,Genetic metabolic disorders,Genetic metabolic disorders,"Enzyme replacement, Symptomatic treatment","Enzyme replacement, Symptomatic treatment",Genetic Mutation,Genetic Mutation,"Genetic mutation, Poor protein metabolism","Genetic mutation, Poor protein metabolism",Irregular Sleep,irregular sleep,Moderate Stress,moderate stress,Low,low,Family history of metabolic disorders,Family history of metabolic disorders,"High-protein, Low-carb","High-protein, Low-carb",None,,All seasons,all seasons,Childhood to Adult,childhood to adult,Both genders,all genders,"Active lifestyle, Medical care","Active lifestyle, Medical care",Avoids high-protein foods,Avoids high-protein foods,None specific,None specific,None specific,None specific,"Ashwagandha (2g), Warm water (200ml)","Ashwagandha (2g), Warm water (200ml)",Vata,Vata,Vata-Prakriti,Vata-Prakriti,Avoid heavy foods; provide fresh fruits and vegetables.,Avoid heavy foods; provide fresh fruits and vegetables.,None specific,None specific,"Supportive Care, Diet Management","Supportive Care, Diet Management",None,,"Progressive, with Cognitive Decline","Progressive, with Cognitive Decline",Intellectual Disabilities,Intellectual Disabilities,Genetic Counseling,Genetic Counseling,aspartylglucosaminuria,"[""growth delay"", ""intellectual disability""]",2,1,0,0,"[""allergies_food_env"", ""prevention""]"
kp_0035,Asthma,Asthma,अस्थमा,अस्थमा,अस्थमा,अस्थमा,"Wheezing, shortness of breath, chest tightness","Wheezing, shortness of breath, chest tightness","Spirometry, Chest X-ray","Spirometry, Chest X-ray",Mild to Severe,mild to severe,Lifelong,Lifelong,"Allergies, Respiratory infections","Allergies, Respiratory infections","Inhalers (Beta-agonists, Corticosteroids)","Inhalers (Beta-agonists, Corticosteroids)","Allergies, Air Pollution","Allergies, Air Pollution","Pollen, Dust, Pollution","Pollen, Dust, Pollution",Irregular Sleep,irregular sleep,High Stress,high stress,Low to Moderate,low to moderate,Family history of asthma,Family history of asthma,"Low-dairy, High-protein","Low-dairy, High-protein","Dust, Pollen, Pollution","Dust, Pollen, Pollution","Winter, Spring","winter, spring",All ages,all ages,Both genders,all genders,Exposure to allergens,Exposure to allergens,Favors natural remedies,Favors natural remedies,"Eucalyptus, Honey","Eucalyptus, Honey","Brahmi, Tulsi","Brahmi, Tulsi","Tulsi leaves (3g), Ginger (1g), Warm water (200ml)","Tulsi leaves (3g), Ginger (1g), Warm water (200ml)","Kapha, Vata","Vata, Kapha",Kapha-Vata,Kapha-Vata,Avoid cold and damp environments; practice pranayama regularly.,Avoid cold and damp environments; practice pranayama regularly.,"Pranayama, Kapalbhati","Pranayama, Kapalbhati","Inhalers, Corticosteroids","Inhalers, Corticosteroids",Avoid Triggers,Avoid Triggers,Manageable with Care,Manageable with Care,Asthma Attacks,Asthma Attacks,"Avoid Cold, Allergens","Avoid Cold, Allergens",asthma,"[""wheezing"", ""shortness of breath"", ""chest tightness""]",3,1,0,1,[]
kp_0036,Atherosclerosis,Atherosclerosis,एथेरोस्क्लेरोसिस,एथेरोस्क्लेरोसिस,एथेरोस्क्लेरोसिस,एथेरोस्क्लेरोसिस,"Chest pain, fatigue, high cholesterol","Chest pain, fatigue, high cholesterol","Blood Tests, Ultrasound","Blood Tests, Ultrasound",Severe,severe,Lifelong,Lifelong,"High cholesterol, Hypertension","High cholesterol, Hypertension","Statins, Blood thinners","Statins, Blood thinners","High Cholesterol, Smoking","High Cholesterol, Smoking","High-fat diet, Smoking, Lack of exercise","High-fat diet, Smoking, Lack of exercise",Poor Sleep,poor sleep,High Stress,high stress,Low,low,Family history of heart disease,Family history of heart disease,"Low-fat, High-fiber","Low-fat, High-fiber",None,,All seasons,all seasons,40-70 years,40-70 years,Both genders,all genders,"Sedentary lifestyle, High-stress work","Sedentary lifestyle, High-stress work",Avoids fried foods,Avoids fried foods,"Garlic, Turmeric","Garlic, Turmeric","Arjuna, Ashwagandha","Arjuna, Ashwagandha","Garlic (2 cloves), Warm water (200ml)","Garlic (2 cloves), Warm water (200ml)","Kapha, Pitta","Pitta, Kapha",Kapha-Prakriti,Kapha-Prakriti,Avoid fatty foods; include fiber-rich and antioxidant foods.,Avoid fatty foods; include fiber-rich and antioxidant foods.,"Pranayama, Surya Namaskar","Pranayama, Surya Namaskar","Statins, Blood Pressure Medications","Statins, Blood Pressure Medications","Healthy Diet, Exercise","Healthy Diet, Exercise",Can be Managed,Can be Managed,"Heart Attack, Stroke","Heart Attack, Stroke",Regular Exercise,Regular Exercise,atherosclerosis,"[""chest pain"", ""fatigue"", ""high cholesterol""]",3,0,1,1,"[""allergies_food_env""]"
kp_0037,Autosomal Dominant Polycystic Kidney Disease,Autosomal Dominant Polycystic Kidney Disease,ऑटोसोमल डॉमिनेंट पॉलीसिस्टिक किडनी रोग,ऑटोसोमल डॉमिनेंट पॉलीसिस्टिक किडनी रोग,ऑटोसोमल डॉमिनेंट पॉलीसिस्टिक किडनी रोग,ऑटोसोमल डॉमिनेंट पॉलीसिस्टिक किडनी रोग,"High blood pressure, kidney pain, frequent urination","High blood pressure, kidney pain, frequent urination","Ultrasound, Genetic Testing","Ultrasound, Genetic Testing",Severe,severe,Lifelong,Lifelong,"Genetic, Kidney disorders","Genetic, Kidney disorders","ACE inhibitors, Diuretics","ACE inhibitors, Diuretics","Family History, Hypertension","Family History, Hypertension","Genetic predisposition, High blood pressure","Genetic predisposition, High blood pressure",Irregular Sleep,irregular sleep,High Stress,high stress,Low,low,Family history of kidney disease,Family history of kidney disease,"Low-sodium, High-potassium","Low-sodium, High-potassium",None,,All seasons,all seasons,30-50 years,30-50 years,Both genders,all genders,"Sedentary lifestyle, Family care","Sedentary lifestyle, Family care",Avoids high-sodium foods,Avoids high-sodium foods,"Nettle Leaf, Dandelion","Nettle Leaf, Dandelion","Punarnava, Gokshura","Punarnava, Gokshura","Punarnava (3g), Warm water (200ml)","Punarnava (3g), Warm water (200ml)","Kapha, Pitta","Pitta, Kapha",Kapha-Prakriti,Kapha-Prakriti,Avoid salty foods; drink plenty of water to flush the system.,Avoid salty foods; drink plenty of water to flush the system.,"Pranayama, Yoga for Kidney Health","Pranayama, Yoga for Kidney Health","Kidney Transplant, Dialysis","Kidney Transplant, Dialysis",Regular Kidney Monitoring,Regular Kidney Monitoring,"Progressive, can lead to Kidney Failure","Progressive, can lead to Kidney Failure","Kidney Failure, Hypertension","Kidney Failure, Hypertension",Regular Kidney Monitoring,Regular Kidney Monitoring,autosomal dominant polycystic kidney disease,"[""high blood pressure"", ""kidney pain"", ""frequent urination""]",3,0,1,1,"[""allergies_food_env""]"
kp_0038,Back Pain,Back Pain,पीठ में दर्द,पीठ में दर्द,पाठीचा दुखणं,पाठीचा दुखणं,"Muscle stiffness, difficulty moving","Muscle stiffness, difficulty moving","X-rays, MRI, Physical Exam","X-rays, MRI, Physical Exam",Mild to Moderate,mild to moderate,Varies,Varies,"Injury, Poor posture, Sedentary lifestyle","Injury, Poor posture, Sedentary lifestyle","Pain relievers, Physical therapy","Pain relievers, Physical therapy","Poor Posture, Sedentary Lifestyle","Poor Posture, Sedentary Lifestyle","Poor posture, Lack of exercise","Poor posture, Lack of exercise",Irregular Sleep,irregular sleep,Moderate Stress,moderate stress,Low to Moderate,low to moderate,Family history of back problems,Family history of back problems,"Balanced diet, High-protein","Balanced diet, High-protein",None,,All seasons,all seasons,20-60 years,20-60 years,Both genders,all genders,"Sedentary lifestyle, Office jobs","Sedentary lifestyle, Office jobs",Avoids lifting heavy weights,Avoids lifting heavy weights,"Turmeric, Ginger","Turmeric, Ginger","Guggulu, Ashwagandha","Guggulu, Ashwagandha",Mahanarayan oil (as needed),Mahanarayan oil (as needed),Vata,Vata,Vata-Prakriti,Vata-Prakriti,Avoid heavy lifting; practice stretching and yoga regularly.,Avoid heavy lifting; practice stretching and yoga regularly.,Yoga for Back Pain,Yoga for Back Pain,"Painkillers, Physical Therapy","Painkillers, Physical Therapy","Ergonomics, Exercise","Ergonomics, Exercise",Can Improve with Treatment,Can Improve with Treatment,"Herniated Disc, Nerve Damage","Herniated Disc, Nerve Damage","Proper Posture, Exercise","Proper Posture, Exercise",back pain,"[""muscle stiffness"", ""difficulty moving""]",2,1,0,0,"[""allergies_food_env""]"
kp_0039,Barth Syndrome,Barth Syndrome,बार्थ सिंड्रोम,बार्थ सिंड्रोम,बार्थ सिंड्रोम,बार्थ सिंड्रोम,"Muscle weakness, fatigue, delayed growth","Muscle weakness, fatigue, delayed growth","Genetic Testing, Blood Tests","Genetic Testing, Blood Tests",Severe,severe,Lifelong,Lifelong,"Genetic, Cardiovascular disorders","Genetic, Cardiovascular disorders","Supportive care, Heart medication","Supportive care, Heart medication","Genetic Mutation, Family History","Genetic Mutation, Family History","Genetic mutation, Stress","Genetic mutation, Stress",Poor Sleep,poor sleep,High Stress,high stress,Low,low,Family history of Barth Syndrome,Family history of Barth Syndrome,"Low-sodium, High-protein","Low-sodium, High-protein",None,,All seasons,all seasons,Childhood,childhood,Mostly Male,mostly male,Special medical care,Special medical care,Avoids high-stress environments,Avoids high-stress environments,None specific,None specific,"Arjuna, Ashwagandha","Arjuna, Ashwagandha","Shatavari (2g), Warm milk (200ml)","Shatavari (2g), Warm milk (200ml)","Vata, Pitta","Vata, Pitta",Vata-Prakriti,Vata-Prakriti,Include nutrient-dense foods and avoid strenuous activities.,Include nutrient-dense foods and avoid strenuous activities.,"Gentle Yoga, Cardiovascular Yoga","Gentle Yoga, Cardiovascular Yoga","Cardiac Support, Medications","Cardiac Support, Medications","Genetic Counseling, Monitoring","Genetic Counseling, Monitoring",Can be Managed with Medications,Can be Managed with Medications,"Cardiomyopathy, Heart Failure","Cardiomyopathy, Heart Failure",Regular Monitoring of Heart Health,Regular Monitoring of Heart Health,barth syndrome,"[""muscle weakness"", ""fatigue"", ""delayed growth""]",3,1,1,0,"[""allergies_food_env""]"
kp_0040,Arrhythmia,Arrhythmia,अरिदमिकता,अरिदमिकता,अरिदमिकता,अरिदमिकता,"Enlarged organs, low blood sugar, growth delays","Enlarged organs, low blood sugar, growth delays","Genetic Testing, Blood Tests","Genetic Testing, Blood Tests",Moderate to Severe,moderate to severe,Lifelong,Lifelong,"Heart diseases, Hypertension","Heart diseases, Hypertension","Beta-blockers, Calcium channel blockers","Beta-blockers, Calcium channel blockers","Genetic Mutations, Family History","Genetic Mutations, Family History","High caffeine intake, Sedentary lifestyle","High caffeine intake, Sedentary lifestyle",Poor Sleep,poor sleep,High Stress,high stress,Low to Moderate,low to moderate,Family history of heart disease,Family history of heart disease,"Low-sodium, High-potassium","Low-sodium, High-potassium",None,,All seasons,all seasons,40-70 years,40-70 years,Both genders,all genders,"Sedentary lifestyle, Desk jobs","Sedentary lifestyle, Desk jobs",Avoids alcohol and smoking,Avoids alcohol and smoking,None specific,None specific,"Ashwagandha, Brahmi","Ashwagandha, Brahmi","Triphala (1 tsp), Warm water (200ml)","Triphala (1 tsp), Warm water (200ml)",Kapha,Kapha,Kapha-Prakriti,Kapha-Prakriti,Avoid sugary foods; focus on a balanced diet and regular meals.,Avoid sugary foods; focus on a balanced diet and regular meals.,Physical Therapy for Developmental Delays,Physical Therapy for Developmental Delays,"Surgery, Hormonal Therapy","Surgery, Hormonal Therapy",Prenatal Screening,Prenatal Screening,Can be Managed with Treatment,Can be Managed with Treatment,"Tumors, Intellectual Disabilities","Tumors, Intellectual Disabilities","Regular Monitoring, Surgical Intervention","Regular Monitoring, Surgical Intervention",arrhythmia,"[""enlarged organs"", ""low blood sugar"", ""growth delays""]",3,0,0,1,"[""allergies_food_env""]"
kp_0041,Arthritis,Arthritis,गठिया,गठिया,संधिवात,संधिवात,"Vision loss, difficulty focusing","Vision loss, difficulty focusing","Eye Exam, Genetic Testing","Eye Exam, Genetic Testing",Moderate to Severe,moderate to severe,Lifelong,Lifelong,"Autoimmune diseases, Joint inflammation","Autoimmune diseases, Joint inflammation","NSAIDs, Corticosteroids","NSAIDs, Corticosteroids",Genetic Mutation,Genetic Mutation,"Weather changes, Joint strain","Weather changes, Joint strain",Poor Sleep,poor sleep,High Stress,high stress,Low to Moderate,low to moderate,Family history of joint disorders,Family history of joint disorders,"Anti-inflammatory, High-calcium","Anti-inflammatory, High-calcium",None,,"Winter, Rainy season","winter, rainy season",30-60 years,30-60 years,Both genders,all genders,"Sedentary lifestyle, Active","Sedentary lifestyle, Active",Avoids heavy physical activity,Avoids heavy physical activity,None specific,None specific,None specific,None specific,Triphala decoction (5ml),Triphala decoction (5ml),Pitta,Pitta,Pitta-Prakriti,Pitta-Prakriti,Avoid eye strain; include Vitamin A-rich foods like carrots.,Avoid eye strain; include Vitamin A-rich foods like carrots.,"Eye Exercises, Vision Training","Eye Exercises, Vision Training","Vision Aids, Surgery","Vision Aids, Surgery",None,,Progressive Vision Loss,Progressive Vision Loss,"Vision Impairment, Macular Degeneration","Vision Impairment, Macular Degeneration",Regular Eye Checkups,Regular Eye Checkups,arthritis,"[""vision loss"", ""difficulty focusing""]",2,0,1,0,"[""allergies_food_env"", ""prevention""]"
kp_0042,Ascariasis,Ascariasis,ऐस्केरियासिस,ऐस्केरियासिस,ऐस्केरियासिस,ऐस्केरियासिस,"Seizures, skin rash, hearing loss","Seizures, skin rash, hearing loss","Blood Tests, Genetic Testing","Blood Tests, Genetic Testing",Moderate to Severe,moderate to severe,Lifelong,Lifelong,"Poor sanitation, Contaminated water","Poor sanitation, Contaminated water","Anthelmintics (Mebendazole, Albendazole)","Anthelmintics (Mebendazole, Albendazole)",Genetic Mutation,Genetic Mutation,"Poor sanitation, Contaminated food","Poor sanitation, Contaminated food",Irregular Sleep,irregular sleep,Moderate Stress,moderate stress,Low,low,Family history of parasitic infections,Family history of parasitic infections,"Low-fat, High-carb diet","Low-fat, High-carb diet",None,,"Monsoon, Summer","monsoon, summer",All ages,all ages,Both genders,all genders,Exposure to unsanitary conditions,Exposure to unsanitary conditions,Avoids raw food,Avoids raw food,None specific,None specific,None specific,None specific,"Amalaki (10ml), Water (200ml)","Amalaki (10ml), Water (200ml)","Vata, Pitta","Vata, Pitta",Pitta-Prakriti,Pitta-Prakriti,Include biotin-rich foods like nuts and seeds.,Include biotin-rich foods like nuts and seeds.,None specific,None specific,Biotin Supplementation,Biotin Supplementation,"Early Detection, Screening","Early Detection, Screening",Can be Managed with Biotin,Can be Managed with Biotin,"Cognitive Impairment, Seizures","Cognitive Impairment, Seizures",Biotin Supplementation,Biotin Supplementation,ascariasis,"[""seizures"", ""skin rash"", ""hearing loss""]",3,1,1,0,"[""allergies_food_env""]"
kp_0043,Asparagine Synthetase Deficiency,Asparagine Synthetase Deficiency,ऐस्पैरेजिन सिंथेटेस की कमी,ऐस्पैरेजिन सिंथेटेस की कमी,ऐस्पैरेजिन सिंथेटेसची कमतरता,ऐस्पैरेजिन सिंथेटेसची कमतरता,"Fever, chest pain, cough","Fever, chest pain, cough","Blood Tests, Culture Test","Blood Tests, Culture Test",Severe,severe,6-12 months,6-12 months,Genetic metabolic disorders,Genetic metabolic disorders,"Enzyme replacement, Dietary management","Enzyme replacement, Dietary management",Exposure to Contaminated Soil,Exposure to Contaminated Soil,Genetic mutation,Genetic mutation,Irregular Sleep,irregular sleep,Moderate Stress,moderate stress,Low,low,Family history of metabolic disorders,Family history of metabolic disorders,"High-protein, Low-fat","High-protein, Low-fat",None,,All seasons,all seasons,Childhood,childhood,Both genders,all genders,"Active lifestyle, Special care","Active lifestyle, Special care",Avoids high-protein foods,Avoids high-protein foods,None specific,None specific,"Neem, Turmeric","Neem, Turmeric","Turmeric (1/2 tsp), Honey (1 tsp)","Turmeric (1/ 2 tsp), Honey (1 tsp)","Kapha, Pitta","Pitta, Kapha",Kapha-Prakriti,Kapha-Prakriti,Avoid cold foods; consume warm soups and herbal teas.,Avoid cold foods; consume warm soups and herbal teas.,None specific,None specific,Antifungal Medications,Antifungal Medications,Avoid Exposure to Soil,Avoid Exposure to Soil,Can be Managed with Medication,Can be Managed with Medication,"Lung Damage, Skin Ulcers","Lung Damage, Skin Ulcers",Avoid Soil Contact,Avoid Soil Contact,asparagine synthetase deficiency,"[""fever"", ""chest pain"", ""cough""]",3,0,1,1,"[""allergies_food_env""]"
kp_0044,Aspartylglucosaminuria,Aspartylglucosaminuria,एस्पार्टाइलग्लूकोसामिन्यूरिया,एस्पार्टाइलग्लूकोसामिन्यूरिया,एस्पार्टाइलग्लूकोसामिन्यूरिया,एस्पार्टाइलग्लूकोसामिन्यूरिया,"Small stature, sensitivity to sunlight, skin rash","Small stature, sensitivity to sunlight, skin rash","Genetic Testing, Blood Tests","Genetic Testing, Blood Tests",Severe,severe,Lifelong,Lifelong,Genetic metabolic disorders,Genetic metabolic disorders,"Enzyme replacement, Symptomatic treatment","Enzyme replacement, Symptomatic treatment",Genetic Mutation,Genetic Mutation,"Genetic mutation, Poor protein metabolism","Genetic mutation, Poor protein metabolism",Irregular Sleep,irregular sleep,Moderate Stress,moderate stress,Low,low,Family history of metabolic disorders,Family history of metabolic disorders,"High-protein, Low-carb","High-protein, Low-carb",None,,All seasons,all seasons,Childhood to Adult,childhood to adult,Both genders,all genders,"Active lifestyle, Medical care","Active lifestyle, Medical care",Avoids high-protein foods,Avoids high-protein foods,None specific,None specific,None specific,None specific,"Neem leaves (5g), Water (as needed)","Neem leaves (5g), Water (as needed)",Pitta,Pitta,Pitta-Prakriti,Pitta-Prakriti,Avoid direct sunlight; apply aloe vera gel for skin care.,Avoid direct sunlight; apply aloe vera gel for skin care.,None specific,None specific,Symptomatic Treatment,Symptomatic Treatment,None,,Increased Risk of Cancer,Increased Risk of Cancer,"Increased Cancer Risk, Short Stature","Increased Cancer Risk, Short Stature",Genetic Counseling,Genetic Counseling,aspartylglucosaminuria,"[""small stature"", ""sensitivity to sunlight"", ""skin rash""]",3,0,1,0,"[""allergies_food_env"", ""prevention""]"
kp_0045,Asthma,Asthma,अस्थमा,अस्थमा,अस्थमा,अस्थमा,"Pain, swelling, difficulty moving","Pain, swelling, difficulty moving","Physical Exam, X-ray, CT Scan","Physical Exam, X-ray, CT Scan",Mild to Severe,mild to severe,6-8 weeks (varies),6-8 weeks (varies),"Allergies, Respiratory infections","Allergies, Respiratory infections","Inhalers (Beta-agonists, Corticosteroids)","Inhalers (Beta-agonists, Corticosteroids)","Osteoporosis, Accidents","Osteoporosis, Accidents","Pollen, Dust, Pollution","Pollen, Dust, Pollution",Irregular Sleep,irregular sleep,High Stress,high stress,Low to Moderate,low to moderate,Family history of asthma,Family history of asthma,"Low-dairy, High-protein","Low-dairy, High-protein","Dust, Pollen, Pollution","Dust, Pollen, Pollution","Winter, Spring","winter, spring",All ages,all ages,Both genders,all genders,Exposure to allergens,Exposure to allergens,Favors natural remedies,Favors natural remedies,None specific,None specific,"Ashwagandha, Shallaki","Ashwagandha, Shallaki","Hadjod powder (2g), Warm water (200ml)","Hadjod powder (2g), Warm water (200ml)",Vata,Vata,Vata-Prakriti,Vata-Prakriti,Include calcium-rich foods; avoid cold foods and drinks.,Include calcium-rich foods; avoid cold foods and drinks.,"Stretching, Strengthening Exercises","Stretching, Strengthening Exercises","Casts, Surgery","Casts, Surgery","Fall Prevention, Calcium Intake","Fall Prevention, Calcium Intake","Heals with Treatment, Rare Complications","Heals with Treatment, Rare Complications","Malunion, Non-union","Malunion, Non-union","Adequate Rest, Bone Strengthening","Adequate Rest, Bone Strengthening",asthma,"[""pain"", ""swelling"", ""difficulty moving""]",3,1,0,0,[]
kp_0046,Atherosclerosis,Atherosclerosis,एथेरोस्क्लेरोसिस,एथेरोस्क्लेरोसिस,एथेरोस्क्लेरोसिस,एथेरोस्क्लेरोसिस,"Muscle weakness, difficulty swallowing, breathing","Muscle weakness, difficulty swallowing, breathing","Blood Tests, Stool Test","Blood Tests, Stool Test",Severe,severe,2-4 weeks,2-4 weeks,"High cholesterol, Hypertension","High cholesterol, Hypertension","Statins, Blood thinners","Statins, Blood thinners","Contaminated Food, Wound Infections","Contaminated Food, Wound Infections","High-fat diet, Smoking, Lack of exercise","High-fat diet, Smoking, Lack of exercise",Poor Sleep,poor sleep,High Stress,high stress,Low,low,Family history of heart disease,Family history of heart disease,"Low-fat, High-fiber","Low-fat, High-fiber",None,,All seasons,all seasons,40-70 years,40-70 years,Both genders,all genders,"Sedentary lifestyle, High-stress work","Sedentary lifestyle, High-stress work",Avoids fried foods,Avoids fried foods,None specific,None specific,None specific,None specific,"Turmeric (1g), Warm water (200ml)","Turmeric (1g), Warm water (200ml)","Kapha, Vata","Vata, Kapha",Kapha-Prakriti,Kapha-Prakriti,Avoid processed foods; stay hydrated and consume light meals.,Avoid processed foods; stay hydrated and consume light meals.,"Breathing Exercises, Physical Therapy","Breathing Exercises, Physical Therapy","Antitoxin, Supportive Care","Antitoxin, Supportive Care",Safe Food Practices,Safe Food Practices,Can be Treated with Antitoxin,Can be Treated with Antitoxin,"Respiratory Failure, Paralysis","Respiratory Failure, Paralysis",Proper Food Storage,Proper Food Storage,atherosclerosis,"[""muscle weakness"", ""difficulty swallowing"", ""breathing""]",3,1,0,1,"[""allergies_food_env""]"
kp_0047,Autosomal Dominant Polycystic Kidney Disease,Autosomal Dominant Polycystic Kidney Disease,ऑटोसोमल डॉमिनेंट पॉलीसिस्टिक किडनी रोग,ऑटोसोमल डॉमिनेंट पॉलीसिस्टिक किडनी रोग,ऑटोसोमल डॉमिनेंट पॉलीसिस्टिक किडनी रोग,ऑटोसोमल डॉमिनेंट पॉलीसिस्टिक किडनी रोग,"Lump in breast, skin changes, nipple discharge","Lump in breast, skin changes, nipple discharge","Mammogram, Biopsy, Ultrasound","Mammogram, Biopsy, Ultrasound",Severe,severe,6 months to lifelong,6 months to lifelong,"Genetic, Kidney disorders","Genetic, Kidney disorders","ACE inhibitors, Diuretics","ACE inhibitors, Diuretics","Family History, Hormonal Factors","Family History, Hormonal Factors","Genetic predisposition, High blood pressure","Genetic predisposition, High blood pressure",Irregular Sleep,irregular sleep,High Stress,high stress,Low,low,Family history of kidney disease,Family history of kidney disease,"Low-sodium, High-potassium","Low-sodium, High-potassium",None,,All seasons,all seasons,30-50 years,30-50 years,Both genders,all genders,"Sedentary lifestyle, Family care","Sedentary lifestyle, Family care",Avoids high-sodium foods,Avoids high-sodium foods,None specific,None specific,"Ashwagandha, Guggulu","Ashwagandha, Guggulu",Ashwagandha (5g daily),Ashwagandha (5g daily),Kapha,Kapha,Kapha-Prakriti,Kapha-Prakriti,Avoid fatty foods; include antioxidant-rich foods like berries.,Avoid fatty foods; include antioxidant-rich foods like berries.,"Yoga for Strength, Post-Surgery Rehab","Yoga for Strength, Post-Surgery Rehab","Surgery, Chemotherapy, Radiation","Surgery, Chemotherapy, Radiation","Regular Screening, Healthy Diet","Regular Screening, Healthy Diet",Can be Managed with Treatment,Can be Managed with Treatment,"Metastasis, Recurrence","Metastasis, Recurrence","Regular Screening, Healthy Lifestyle","Regular Screening, Healthy Lifestyle",autosomal dominant polycystic kidney disease,"[""lump in breast"", ""skin changes"", ""nipple discharge""]",3,0,0,1,"[""allergies_food_env""]"
kp_0048,Back Pain,Back Pain,पीठ में दर्द,पीठ में दर्द,पाठीचा दुखणं,पाठीचा दुखणं,"Persistent cough, mucus production, chest pain","Persistent cough, mucus production, chest pain","Physical Exam, Chest X-ray, Sputum Culture","Physical Exam, Chest X-ray, Sputum Culture",Mild to Moderate,mild to moderate,2-4 weeks,2-4 weeks,"Injury, Poor posture, Sedentary lifestyle","Injury, Poor posture, Sedentary lifestyle","Pain relievers, Physical therapy","Pain relievers, Physical therapy","Smoking, Air Pollution, Respiratory Infections","Smoking, Air Pollution, Respiratory Infections","Poor posture, Lack of exercise","Poor posture, Lack of exercise",Irregular Sleep,irregular sleep,Moderate Stress,moderate stress,Low to Moderate,low to moderate,Family history of back problems,Family history of back problems,"Balanced diet, High-protein","Balanced diet, High-protein",None,,All seasons,all seasons,20-60 years,20-60 years,Both genders,all genders,"Sedentary lifestyle, Office jobs","Sedentary lifestyle, Office jobs",Avoids lifting heavy weights,Avoids lifting heavy weights,"Honey, Ginger","Honey, Ginger","Tulsi, Licorice","Tulsi, Licorice","Mulethi (3g), Warm water (200ml)","Mulethi (3g), Warm water (200ml)","Kapha, Vata","Vata, Kapha",Kapha-Vata,Kapha-Vata,Avoid cold drinks; inhale steam with eucalyptus oil.,Avoid cold drinks; inhale steam with eucalyptus oil.,"Breathing Exercises, Chest Therapy","Breathing Exercises, Chest Therapy","Bronchodilators, Antibiotics","Bronchodilators, Antibiotics","Avoid Smoking, Air Quality Control","Avoid Smoking, Air Quality Control",Can be Managed with Medication,Can be Managed with Medication,Chronic Obstructive Pulmonary Disease (COPD),Chronic Obstructive Pulmonary Disease (COPD),"Rest, Hydration","Rest, Hydration",back pain,"[""persistent cough"", ""mucus production"", ""chest pain""]",3,1,0,1,"[""allergies_food_env""]"
kp_0049,Barth Syndrome,Barth Syndrome,बार्थ सिंड्रोम,बार्थ सिंड्रोम,बार्थ सिंड्रोम,बार्थ सिंड्रोम,"Fever, joint pain, fatigue","Fever, joint pain, fatigue","Blood Test, Culture Test","Blood Test, Culture Test",Severe,severe,6-8 weeks,6-8 weeks,"Genetic, Cardiovascular disorders","Genetic, Cardiovascular disorders","Supportive care, Heart medication","Supportive care, Heart medication",Contact with Infected Animals,Contact with Infected Animals,"Genetic mutation, Stress","Genetic mutation, Stress",Poor Sleep,poor sleep,High Stress,high stress,Low,low,Family history of Barth Syndrome,Family history of Barth Syndrome,"Low-sodium, High-protein","Low-sodium, High-protein",None,,All seasons,all seasons,Childhood,childhood,Mostly Male,mostly male,Special medical care,Special medical care,Avoids high-stress environments,Avoids high-stress environments,None specific,None specific,None specific,None specific,"Giloy (5g), Warm water (200ml)","Giloy (5g), Warm water (200ml)","Kapha, Pitta","Pitta, Kapha",Kapha-Prakriti,Kapha-Prakriti,Avoid raw milk; include immunity-boosting herbs.,Avoid raw milk; include immunity-boosting herbs.,None specific,None specific,"Antibiotics, Supportive Care","Antibiotics, Supportive Care","Avoid Animal Contact, Hygiene","Avoid Animal Contact, Hygiene",Can be Managed with Antibiotics,Can be Managed with Antibiotics,"Osteoarticular Infections, Heart Valve Infection","Osteoarticular Infections, Heart Valve Infection","Regular Monitoring, Antibiotics","Regular Monitoring, Antibiotics",barth syndrome,"[""fever"", ""joint pain"", ""fatigue""]",3,0,1,1,"[""allergies_food_env""]"
kp_0050,Brugada Syndrome,Brugada Syndrome,ब्रुगाडा सिंड्रोम,ब्रुगाडा सिंड्रोम,ब्रुगाडा सिंड्रोम,ब्रुगाडा सिंड्रोम,"Fainting, irregular heartbeat, chest pain","Fainting, irregular heartbeat, chest pain","Electrocardiogram (ECG), Genetic Testing","Electrocardiogram (ECG), Genetic Testing",Severe,severe,Lifelong,Lifelong,"Genetic heart conditions, Arrhythmia","Genetic heart conditions, Arrhythmia",Anti-arrhythmic drugs,Anti-arrhythmic drugs,"Genetic Mutation, Family History","Genetic Mutation, Family History","Genetic, Emotional stress","Genetic, Emotional stress",Poor Sleep,poor sleep,High Stress,high stress,Low,low,Family history of heart disease,Family history of heart disease,"Low-sodium, High-potassium","Low-sodium, High-potassium",None,,All seasons,all seasons,20-50 years,20-50 years,Both genders,all genders,"Sedentary lifestyle, High-stress work","Sedentary lifestyle, High-stress work",Avoids alcohol and caffeine,Avoids alcohol and caffeine,None specific,None specific,None specific,None specific,"Arjuna (3g), Warm water (200ml)","Arjuna (3g), Warm water (200ml)","Vata, Pitta","Vata, Pitta",Vata-Prakriti,Vata-Prakriti,Avoid stress and caffeine; include magnesium-rich foods.,Avoid stress and caffeine; include magnesium-rich foods.,"Gentle Yoga, Stress Reduction","Gentle Yoga, Stress Reduction","Implantable Cardioverter Defibrillator (ICD), Medication","Implantable Cardioverter Defibrillator (ICD), Medication",Avoidance of Triggers,Avoidance of Triggers,Can be Managed with ICD or Medications,Can be Managed with ICD or Medications,Sudden Cardiac Arrest,Sudden Cardiac Arrest,Regular Monitoring of Heart Function,Regular Monitoring of Heart Function,brugada syndrome,"[""fainting"", ""irregular heartbeat"", ""chest pain""]",3,1,1,0,"[""allergies_food_env""]"
kp_0051,Bubonic Plague,Bubonic Plague,बुबोनिक प्लेग,बुबोनिक प्लेग,बुबोनिक प्लेग,बुबोनिक प्लेग,"Fever, chills, swollen lymph nodes","Fever, chills, swollen lymph nodes","Blood Test, Culture Test","Blood Test, Culture Test",Severe,severe,2-4 weeks,2-4 weeks,"Infection, Poor hygiene","Infection, Poor hygiene","Antibiotics (Streptomycin, Doxycycline)","Antibiotics (Streptomycin, Doxycycline)","Flea Bites, Contact with Infected Animals","Flea Bites, Contact with Infected Animals","Poor sanitation, Rodent exposure","Poor sanitation, Rodent exposure",Irregular Sleep,irregular sleep,Moderate Stress,moderate stress,Low,low,No family history,No family history,"Balanced, High-protein","Balanced, High-protein",None,,"Winter, Rainy season","winter, rainy season",All ages,all ages,Both genders,all genders,"Poor sanitation, Rural areas","Poor sanitation, Rural areas",Avoids crowded areas,Avoids crowded areas,None specific,None specific,None specific,None specific,"Neem (5g), Turmeric (2g)","Neem (5g), Turmeric (2g)","Kapha, Pitta","Pitta, Kapha",Kapha-Prakriti,Kapha-Prakriti,Practice hygiene; avoid crowded places and eat light meals.,Practice hygiene; avoid crowded places and eat light meals.,None specific,None specific,"Antibiotics, Supportive Care","Antibiotics, Supportive Care","Avoid Flea Bites, Rodent Control","Avoid Flea Bites, Rodent Control",Treatable with Antibiotics,Treatable with Antibiotics,"Septicemia, Organ Failure","Septicemia, Organ Failure","Good Hygiene, Avoid Rodent Areas","Good Hygiene, Avoid Rodent Areas",bubonic plague,"[""fever"", ""chills"", ""swollen lymph nodes""]",3,0,1,1,"[""allergies_food_env""]"
kp_0052,Buruli Ulcer,Buruli Ulcer,बुरुली अल्सर,बुरुली अल्सर,बुरुली अल्सर,बुरुली अल्सर,"Skin ulcers, pain, fever","Skin ulcers, pain, fever","Skin Biopsy, PCR Test","Skin Biopsy, PCR Test",Severe,severe,6-12 months,6-12 months,"Poor sanitation, Contaminated water","Poor sanitation, Contaminated water",Antibiotics (Rifampicin),Antibiotics (Rifampicin),"Contact with Infected Water, Soil","Contact with Infected Water, Soil","Poor sanitation, Tropical environments","Poor sanitation, Tropical environments",Irregular Sleep,irregular sleep,Moderate Stress,moderate stress,Low,low,No family history,No family history,"Low-fat, High-protein","Low-fat, High-protein",None,,Wet season,wet season,All ages,all ages,Both genders,all genders,"Rural, Remote areas","Rural, Remote areas",Avoids contaminated water,Avoids contaminated water,None specific,None specific,None specific,None specific,"Turmeric (1g), Water (as needed)","Turmeric (1g), Water (as needed)",Pitta,Pitta,Pitta-Prakriti,Pitta-Prakriti,Avoid spicy foods; clean ulcers with antiseptic solutions.,Avoid spicy foods; clean ulcers with antiseptic solutions.,None specific,None specific,"Antibiotics, Surgery","Antibiotics, Surgery",Avoid Contact with Contaminated Water,Avoid Contact with Contaminated Water,Treatable with Antibiotics,Treatable with Antibiotics,"Skin Ulceration, Scarring","Skin Ulceration, Scarring",Proper Wound Care,Proper Wound Care,buruli ulcer,"[""skin ulcers"", ""pain"", ""fever""]",3,0,1,0,"[""allergies_food_env""]"
kp_0053,COVID-19,COVID-19,कोविड-19,कोविड-19,कोविड-19,कोविड-19,"Fever, cough, difficulty breathing","Fever, cough, difficulty breathing","PCR Test, Blood Tests","PCR Test, Blood Tests",Severe,severe,"2-4 weeks, may vary","2-4 weeks, may vary","Respiratory infections, Underlying conditions","Respiratory infections, Underlying conditions","Antiviral drugs, Steroids","Antiviral drugs, Steroids","Age, Pre-existing Health Conditions, Exposure","Age, Pre-existing Health Conditions, Exposure","Airborne transmission, Crowded places","Airborne transmission, Crowded places",Irregular Sleep,irregular sleep,High Stress,high stress,Low,low,No family history,No family history,"Low-carb, High-protein","Low-carb, High-protein",Airborne pollutants,Airborne pollutants,"Winter, Rainy season","winter, rainy season",All ages,all ages,Both genders,all genders,"Work from home, Social distancing","Work from home, Social distancing",Favors herbal remedies,Favors herbal remedies,"Elderberry, Echinacea","Elderberry, Echinacea","Ashwagandha, Tulsi","Ashwagandha, Tulsi","Giloy (3g), Tulsi leaves (5g), Warm water (200ml)","Giloy (3g), Tulsi leaves (5g), Warm water (200ml)","Kapha, Pitta","Pitta, Kapha",Kapha-Prakriti,Kapha-Prakriti,"Practice hygiene, stay hydrated, and boost immunity with herbs.","Practice hygiene, stay hydrated, and boost immunity with herbs.","Pranayama, Breathing Exercises","Pranayama, Breathing Exercises","Antiviral Drugs, Oxygen Therapy","Antiviral Drugs, Oxygen Therapy","Vaccination, Social Distancing","Vaccination, Social Distancing","Can Recover, Some Long-Term Effects","Can Recover, Some Long-Term Effects","Pneumonia, Acute Respiratory Distress Syndrome (ARDS)","Pneumonia, Acute Respiratory Distress Syndrome (ARDS)","Stay Hydrated, Rest","Stay Hydrated, Rest",covid 19,"[""fever"", ""cough"", ""difficulty breathing""]",3,0,1,1,[]
kp_0054,Canavan Disease,Canavan Disease,कैनावन रोग,कैनावन रोग,कैनावन रोग,कैनावन रोग,"Muscle weakness, difficulty swallowing, seizures","Muscle weakness, difficulty swallowing, seizures","Genetic Testing, MRI","Genetic Testing, MRI",Severe,severe,Lifelong,Lifelong,Genetic neurological disorders,Genetic neurological disorders,"Supportive care, Symptomatic treatment","Supportive care, Symptomatic treatment","Genetic Mutation, Family History","Genetic Mutation, Family History","Genetic mutation, Brain development issues","Genetic mutation, Brain development issues",Irregular Sleep,irregular sleep,Moderate Stress,moderate stress,Low,low,Family history of genetic disorders,Family history of genetic disorders,"High-calcium, Low-protein","High-calcium, Low-protein",None,,All seasons,all seasons,Childhood,childhood,Both genders,all genders,"Special care, Home care","Special care, Home care",Avoids high-protein foods,Avoids high-protein foods,None specific,None specific,None specific,None specific,"Shankhpushpi (10ml), Warm water (200ml)","Shankhpushpi (10ml), Warm water (200ml)",Vata,Vata,Vata-Prakriti,Vata-Prakriti,"Provide a nutrient-dense, balanced diet; avoid stress.","Provide a nutrient-dense, balanced diet; avoid stress.",None specific,None specific,"Supportive Care, Medication","Supportive Care, Medication",None,,"Progressive, with Cognitive Decline","Progressive, with Cognitive Decline",Intellectual Disabilities,Intellectual Disabilities,Genetic Counseling,Genetic Counseling,canavan disease,"[""muscle weakness"", ""difficulty swallowing"", ""seizures""]",3,1,0,0,"[""allergies_food_env"", ""prevention""]"
kp_0055,Carbamoyl Phosphate Synthetase I Deficiency Disease,Carbamoyl Phosphate Synthetase I Deficiency Disease,कार्बामॉयल फॉस्फेट सिंथेटेज की कमी,कार्बामॉयल फॉस्फेट सिंथेटेज की कमी,कार्बामॉयल फॉस्फेट सिंथेटेजची कमी,कार्बामॉयल फॉस्फेट सिंथेटेजची कमी,"Poor feeding, vomiting, lethargy","Poor feeding, vomiting, lethargy","Blood Tests, Genetic Testing","Blood Tests, Genetic Testing",Severe,severe,Lifelong,Lifelong,Genetic metabolic disorders,Genetic metabolic disorders,"Enzyme replacement, Dietary management","Enzyme replacement, Dietary management",Genetic Mutation,Genetic Mutation,"Genetic mutation, Urea cycle disruption","Genetic mutation, Urea cycle disruption",Irregular Sleep,irregular sleep,Moderate Stress,moderate stress,Low,low,Family history of metabolic disorders,Family history of metabolic disorders,"High-protein, Low-fat","High-protein, Low-fat",None,,All seasons,all seasons,Childhood to Adult,childhood to adult,Both genders,all genders,"Active lifestyle, Medical care","Active lifestyle, Medical care",Avoids high-protein foods,Avoids high-protein foods,None specific,None specific,None specific,None specific,"Amalaki (10ml), Water (200ml)","Amalaki (10ml), Water (200ml)",Pitta,Pitta,Pitta-Prakriti,Pitta-Prakriti,"Avoid high-protein foods; provide small, frequent meals.","Avoid high-protein foods; provide small, frequent meals.",None specific,None specific,"Arginine Supplements, Low-Protein Diet","Arginine Supplements, Low-Protein Diet",Low-Protein Diet,Low-Protein Diet,Can be Managed with Diet,Can be Managed with Diet,"Cognitive Impairment, Liver Damage","Cognitive Impairment, Liver Damage",Regular Monitoring of Arginine Levels,Regular Monitoring of Arginine Levels,carbamoyl phosphate synthetase i deficiency disease,"[""poor feeding"", ""vomiting"", ""lethargy""]",3,0,1,0,"[""allergies_food_env""]"
kp_0056,Cardiomyopathy,Cardiomyopathy,कार्डियोमायोपैथी,कार्डियोमायोपैथी,कार्डियोमायोपैथी,कार्डियोमायोपैथी,"Shortness of breath, fatigue, chest pain","Shortness of breath, fatigue, chest pain","Echocardiogram, ECG, Blood Tests","Echocardiogram, ECG, Blood Tests",Severe,severe,Lifelong,Lifelong,"Heart conditions, Hypertension","Heart conditions, Hypertension","Beta-blockers, Diuretics","Beta-blockers, Diuretics","Hypertension, Diabetes, Genetics","Hypertension, Diabetes, Genetics","High blood pressure, Alcohol use","High blood pressure, Alcohol use",Poor Sleep,poor sleep,High Stress,high stress,Low,low,Family history of heart disease,Family history of heart disease,"Low-sodium, High-potassium","Low-sodium, High-potassium",None,,"Winter, Rainy season","winter, rainy season",30-70 years,30-70 years,Both genders,all genders,"Sedentary lifestyle, High-stress work","Sedentary lifestyle, High-stress work",Avoids alcohol and smoking,Avoids alcohol and smoking,"Hawthorn, Magnesium","Hawthorn, Magnesium","Arjuna, Ashwagandha","Arjuna, Ashwagandha","Arjuna (5g), Warm water (200ml)","Arjuna (5g), Warm water (200ml)","Vata, Pitta","Vata, Pitta",Vata-Prakriti,Vata-Prakriti,Avoid heavy exertion; include antioxidant-rich foods.,Avoid heavy exertion; include antioxidant-rich foods.,"Pranayama, Cardio Yoga","Pranayama, Cardio Yoga","Heart Medications, Pacemaker","Heart Medications, Pacemaker",Healthy Heart Habits,Healthy Heart Habits,Can be Managed with Medication,Can be Managed with Medication,"Heart Failure, Stroke","Heart Failure, Stroke","Regular Exercise, Avoid Salt","Regular Exercise, Avoid Salt",cardiomyopathy,"[""shortness of breath"", ""fatigue"", ""chest pain""]",3,1,1,0,"[""allergies_food_env""]"
kp_0057,Carpal Tunnel Syndrome,Carpal Tunnel Syndrome,कार्पल टनल सिंड्रोम,कार्पल टनल सिंड्रोम,कार्पल टनल सिंड्रोम,कार्पल टनल सिंड्रोम,"Numbness, tingling, hand weakness","Numbness, tingling, hand weakness","Physical Exam, Nerve Conduction Test","Physical Exam, Nerve Conduction Test",Moderate to Severe,moderate to severe,"Varies, depending on severity","Varies, depending on severity","Repetitive strain, Hand injury","Repetitive strain, Hand injury","Pain relievers, Corticosteroid injections","Pain relievers, Corticosteroid injections","Repetitive Hand Movements, Wrist Injury","Repetitive Hand Movements, Wrist Injury","Repetitive movements, Sedentary work","Repetitive movements, Sedentary work",Irregular Sleep,irregular sleep,Moderate Stress,moderate stress,Low to Moderate,low to moderate,No family history,No family history,"Anti-inflammatory, High-protein","Anti-inflammatory, High-protein",None,,"Winter, Rainy season","winter, rainy season",30-60 years,30-60 years,Both genders,all genders,"Office work, Computer usage","Office work, Computer usage",Avoids repetitive strain,Avoids repetitive strain,None specific,None specific,"Ashwagandha, Turmeric","Ashwagandha, Turmeric",Dashmool oil (as needed),Dashmool oil (as needed),Vata,Vata,Vata-Prakriti,Vata-Prakriti,Avoid repetitive wrist motions; perform hand stretches daily.,Avoid repetitive wrist motions; perform hand stretches daily.,"Wrist Exercises, Stretching","Wrist Exercises, Stretching","Splinting, Surgery, Steroid Injections","Splinting, Surgery, Steroid Injections","Ergonomics, Stretching","Ergonomics, Stretching",Can be Managed with Treatment,Can be Managed with Treatment,"Nerve Damage, Weak Grip","Nerve Damage, Weak Grip","Hand Exercises, Correct Posture","Hand Exercises, Correct Posture",carpal tunnel syndrome,"[""numbness"", ""tingling"", ""hand weakness""]",3,1,0,0,"[""allergies_food_env""]"
kp_0058,Celiac Disease,Celiac Disease,सीलिएक रोग,सीलिएक रोग,सीलिएक रोग,सीलिएक रोग,"Bloating, diarrhea, weight loss","Bloating, diarrhea, weight loss","Blood Test, Biopsy","Blood Test, Biopsy",Moderate to Severe,moderate to severe,Lifelong,Lifelong,"Genetic, Gluten intolerance","Genetic, Gluten intolerance",Gluten-free diet,Gluten-free diet,"Genetic Predisposition, Gluten Consumption","Genetic Predisposition, Gluten Consumption","Gluten exposure, Poor diet","Gluten exposure, Poor diet",Irregular Sleep,irregular sleep,High Stress,high stress,Low,low,Family history of autoimmune diseases,Family history of autoimmune diseases,"Gluten-free, High-protein","Gluten-free, High-protein","Gluten, Wheat","Gluten, Wheat","Winter, Rainy season","winter, rainy season",All ages,all ages,Both genders,all genders,Exposure to gluten,Exposure to gluten,Avoids gluten-containing foods,Avoids gluten-containing foods,None specific,None specific,"Kutki, Triphala","Kutki, Triphala","Ajwain (3g), Warm water (200ml)","Ajwain (3g), Warm water (200ml)","Vata, Pitta","Vata, Pitta",Vata-Pitta,Vata-Pitta,"Avoid gluten; include rice, lentils, and fresh vegetables.","Avoid gluten; include rice, lentils, and fresh vegetables.",None specific,None specific,Gluten-Free Diet,Gluten-Free Diet,Gluten-Free Diet,Gluten-Free Diet,Can be Managed with Diet,Can be Managed with Diet,"Nutrient Deficiencies, Osteoporosis","Nutrient Deficiencies, Osteoporosis",Strict Gluten-Free Diet,Strict Gluten-Free Diet,celiac disease,"[""bloating"", ""diarrhea"", ""weight loss""]",3,1,1,0,[]
kp_0059,Cerebrotendinous Xanthomatosis,Cerebrotendinous Xanthomatosis,सेरेब्रोटेंडिनस एक्सांथोमेटोसिस,सेरेब्रोटेंडिनस एक्सांथोमेटोसिस,सेरेब्रोटेंडिनस एक्सांथोमेटोसिस,सेरेब्रोटेंडिनस एक्सांथोमेटोसिस,"Neurological issues, cataracts, tendon xanthomas","Neurological issues, cataracts, tendon xanthomas","MRI, Blood Tests, Genetic Testing","MRI, Blood Tests, Genetic Testing",Severe,severe,Lifelong,Lifelong,"Genetic, Metabolic disorders","Genetic, Metabolic disorders","Cholestyramine, Bile acid sequestrants","Cholestyramine, Bile acid sequestrants",Genetic Mutation,Genetic Mutation,"Genetic mutation, Cholesterol build-up","Genetic mutation, Cholesterol build-up",Irregular Sleep,irregular sleep,Moderate Stress,moderate stress,Low,low,Family history of metabolic disorders,Family history of metabolic disorders,"Low-fat, Low-cholesterol","Low-fat, Low-cholesterol",None,,All seasons,all seasons,Childhood to Adult,childhood to adult,Both genders,all genders,Special medical care,Special medical care,Avoids high-cholesterol foods,Avoids high-cholesterol foods,None specific,None specific,None specific,None specific,"Brahmi (2g), Warm milk (200ml)","Brahmi (2g), Warm milk (200ml)",Vata,Vata,Vata-Prakriti,Vata-Prakriti,Include antioxidant-rich foods; avoid fatty foods.,Include antioxidant-rich foods; avoid fatty foods.,None specific,None specific,"Symptomatic Treatment, Cholesterol-Lowering Drugs","Symptomatic Treatment, Cholesterol-Lowering Drugs",None,,"Progressive, with Neurological Decline","Progressive, with Neurological Decline","Cognitive Impairment, Seizures","Cognitive Impairment, Seizures","Genetic Counseling, Monitoring","Genetic Counseling, Monitoring",cerebrotendinous xanthomatosis,"[""neurological issues"", ""cataracts"", ""tendon xanthomas""]",3,1,0,0,"[""allergies_food_env"", ""prevention""]"
kp_0060,Chagas Disease,Chagas Disease,चागास रोग,चागास रोग,चागास रोग,चागास रोग,"Fever, swelling, fatigue","Fever, swelling, fatigue","Blood Test, Serology Test","Blood Test, Serology Test",Severe,severe,Lifelong,Lifelong,"Poor sanitation, Vector-borne disease","Poor sanitation, Vector-borne disease",Antitrypanosomal drugs,Antitrypanosomal drugs,"Insect Bites, Contaminated Food","Insect Bites, Contaminated Food",Vector-borne (Triatomine bugs),Vector-borne (Triatomine bugs),Poor Sleep,poor sleep,High Stress,high stress,Low,low,Family history of Chagas,Family history of Chagas,"Low-sodium, High-potassium","Low-sodium, High-potassium",None,,Rainy season,rainy season,All ages,all ages,Both genders,all genders,"Rural, Remote areas","Rural, Remote areas",Avoids bug bites,Avoids bug bites,None specific,None specific,None specific,None specific,"Neem (3g), Tulsi (3g), Warm water (200ml)","Neem (3g), Tulsi (3g), Warm water (200ml)","Pitta, Kapha","Pitta, Kapha",Kapha-Prakriti,Kapha-Prakriti,Avoid raw foods; maintain proper hygiene and rest.,Avoid raw foods; maintain proper hygiene and rest.,None specific,None specific,"Antiprotozoal Drugs, Heart Medications","Antiprotozoal Drugs, Heart Medications","Avoid Insect Bites, Safe Drinking Water","Avoid Insect Bites, Safe Drinking Water",Treatable with Medication,Treatable with Medication,"Heart Failure, Digestive Disorders","Heart Failure, Digestive Disorders",Good Hygiene Practices,Good Hygiene Practices,chagas disease,"[""fever"", ""swelling"", ""fatigue""]",3,0,1,1,"[""allergies_food_env""]"
kp_0061,Chickenpox,Chickenpox,चिकनपॉक्स,चिकनपॉक्स,चिकनपॉक्स,चिकनपॉक्स,"Itchy rashes, fever, tiredness","Itchy rashes, fever, tiredness","Physical Exam, Blood Tests","Physical Exam, Blood Tests",Moderate to Severe,moderate to severe,1-2 weeks,1-2 weeks,"Viral infection, Exposure to infected individuals","Viral infection, Exposure to infected individuals","Antihistamines, Calamine lotion","Antihistamines, Calamine lotion",Contact with Infected Individuals,Contact with Infected Individuals,"Airborne transmission, Crowded places","Airborne transmission, Crowded places",Irregular Sleep,irregular sleep,Moderate Stress,moderate stress,Low,low,No family history,No family history,"Balanced, High-protein","Balanced, High-protein",None,,"Winter, Spring","winter, spring",Childhood,childhood,Both genders,all genders,"Close contact, Schools","Close contact, Schools",Avoids contact with infected individuals,Avoids contact with infected individuals,None specific,None specific,"Neem, Tulsi","Neem, Tulsi","Neem leaves (10g), Warm water (bath)","Neem leaves (10g), Warm water (bath)",Pitta,Pitta,Pitta-Prakriti,Pitta-Prakriti,Avoid spicy foods; drink coconut water and stay hydrated.,Avoid spicy foods; drink coconut water and stay hydrated.,None specific,None specific,"Antiviral Drugs, Symptom Relief","Antiviral Drugs, Symptom Relief","Vaccination, Avoid Contact","Vaccination, Avoid Contact","Generally Mild, Rare Complications","Generally Mild, Rare Complications",Secondary Skin Infections,Secondary Skin Infections,"Rest, Hydration, Antihistamines","Rest, Hydration, Antihistamines",chickenpox,"[""itchy rashes"", ""fever"", ""tiredness""]",3,0,1,0,"[""allergies_food_env""]"
kp_0062,Chikungunya,Chikungunya,चिकनगुन्या,चिकनगुन्या,चिकनगुन्या,चिकनगुन्या,"Joint pain, fever, rash","Joint pain, fever, rash","Blood Tests, PCR Test","Blood Tests, PCR Test",Severe,severe,1-2 weeks,1-2 weeks,"Viral infection, Mosquito-borne","Viral infection, Mosquito-borne","Pain relievers, Antipyretics","Pain relievers, Antipyretics",Mosquito Bites,Mosquito Bites,"Mosquito-borne, Tropical environments","Mosquito-borne, Tropical environments",Poor Sleep,poor sleep,High Stress,high stress,Low,low,No family history,No family history,"Balanced, High-protein","Balanced, High-protein",Mosquitoes,Mosquitoes,"Rainy, Summer seasons","rainy, summer seasons",All ages,all ages,Both genders,all genders,"Rural, Tropical areas","Rural, Tropical areas",Avoids mosquito bites,Avoids mosquito bites,None specific,None specific,"Ashwagandha, Guggulu","Ashwagandha, Guggulu","Giloy (3g), Warm water (200ml)","Giloy (3g), Warm water (200ml)","Vata, Pitta","Vata, Pitta",Vata-Pitta,Vata-Pitta,Avoid heavy physical activity; drink warm soups and herbal teas.,Avoid heavy physical activity; drink warm soups and herbal teas.,"Pranayama, Joint Stretches","Pranayama, Joint Stretches","Antiviral Medications, Pain Relief","Antiviral Medications, Pain Relief","Mosquito Control, Repellents","Mosquito Control, Repellents","Self-limiting, Can be Managed","Self-limiting, Can be Managed","Joint Pain, Fatigue","Joint Pain, Fatigue","Rest, Hydration, Pain Relief","Rest, Hydration, Pain Relief",chikungunya,"[""joint pain"", ""fever"", ""rash""]",3,1,1,0,[]
kp_0063,Chromoblastomycosis,Chromoblastomycosis,क्रोमोब्लास्टोमाइकोसिस,क्रोमोब्लास्टोमाइकोसिस,क्रोमोब्लास्टोमाइकोसिस,क्रोमोब्लास्टोमाइकोसिस,"Skin lesions, swelling","Skin lesions, swelling","Skin Biopsy, PCR Test","Skin Biopsy, PCR Test",Severe,severe,6-12 months,6-12 months,"Fungal infection, Poor hygiene","Fungal infection, Poor hygiene",Antifungal treatment,Antifungal treatment,"Contact with Soil, Fungal Spores","Contact with Soil, Fungal Spores","Poor sanitation, Moist environments","Poor sanitation, Moist environments",Irregular Sleep,irregular sleep,Moderate Stress,moderate stress,Low,low,No family history,No family history,"Balanced, Low-protein","Balanced, Low-protein",None,,"Humid, Rainy season","humid, rainy season",Adults,adults,Both genders,all genders,"Poor hygiene, Rural areas","Poor hygiene, Rural areas",Avoids exposure to damp areas,Avoids exposure to damp areas,None specific,None specific,"Neem, Turmeric","Neem, Turmeric","Turmeric (2g), Neem (2g)","Turmeric (2g), Neem (2g)","Kapha, Pitta","Pitta, Kapha",Kapha-Prakriti,Kapha-Prakriti,Maintain proper hygiene; avoid raw and contaminated foods.,Maintain proper hygiene; avoid raw and contaminated foods.,None specific,None specific,"Antifungal Drugs, Surgery","Antifungal Drugs, Surgery","Protective Clothing, Avoid Soil Contact","Protective Clothing, Avoid Soil Contact",Can be Managed with Treatment,Can be Managed with Treatment,"Skin Ulcerations, Scarring","Skin Ulcerations, Scarring",Proper Wound Care,Proper Wound Care,chromoblastomycosis,"[""skin lesions"", ""swelling""]",2,0,1,1,"[""allergies_food_env""]"
kp_0064,Chronic Kidney Disease (CKD),Chronic Kidney Disease (CKD),पुरानी किडनी रोग,पुरानी किडनी रोग,पुरानी किडनी रोग,पुरानी किडनी रोग,"Swelling, fatigue, reduced appetite","Swelling, fatigue, reduced appetite","Blood Tests, Urine Tests","Blood Tests, Urine Tests",Severe,severe,Lifelong,Lifelong,"Hypertension, Diabetes, Kidney disorders","Hypertension, Diabetes, Kidney disorders","Diuretics, ACE inhibitors","Diuretics, ACE inhibitors","Hypertension, Diabetes, Genetics","Hypertension, Diabetes, Genetics","High blood pressure, Diabetes","High blood pressure, Diabetes",Poor Sleep,poor sleep,High Stress,high stress,Low,low,Family history of kidney disease,Family history of kidney disease,"Low-sodium, High-potassium","Low-sodium, High-potassium",None,,All seasons,all seasons,40-70 years,40-70 years,Both genders,all genders,"Sedentary lifestyle, High-stress work","Sedentary lifestyle, High-stress work",Avoids high-salt foods,Avoids high-salt foods,"Nettle Leaf, Dandelion","Nettle Leaf, Dandelion","Punarnava, Gokshura","Punarnava, Gokshura","Punarnava (5g), Warm water (200ml)","Punarnava (5g), Warm water (200ml)","Kapha, Pitta","Pitta, Kapha",Kapha-Prakriti,Kapha-Prakriti,Avoid salty foods; drink plenty of water to flush toxins.,Avoid salty foods; drink plenty of water to flush toxins.,"Pranayama, Kidney Yoga","Pranayama, Kidney Yoga","Dialysis, Kidney Transplant","Dialysis, Kidney Transplant","Manage Blood Pressure, Healthy Diet","Manage Blood Pressure, Healthy Diet","Can be Managed, May Lead to Kidney Failure","Can be Managed, May Lead to Kidney Failure","Dialysis, Heart Disease","Dialysis, Heart Disease",Monitor Kidney Function,Monitor Kidney Function,chronic kidney disease ckd,"[""swelling"", ""fatigue"", ""reduced appetite""]",3,0,1,1,"[""allergies_food_env""]"
kp_0065,Chronic Obstructive Pulmonary Disease (COPD),Chronic Obstructive Pulmonary Disease (COPD),पुरानी अवरोधक फेफड़े रोग,पुरानी अवरोधक फेफड़े रोग,पुरानी अवरोधक फेफडे रोग,पुरानी अवरोधक फेफडे रोग,"Breathlessness, wheezing, fatigue","Breathlessness, wheezing, fatigue","Pulmonary Function Test, X-ray","Pulmonary Function Test, X-ray",Severe,severe,Lifelong,Lifelong,"Smoking, Environmental pollutants","Smoking, Environmental pollutants","Bronchodilators, Steroids","Bronchodilators, Steroids","Smoking, Air Pollution","Smoking, Air Pollution","Air pollution, Smoking","Air pollution, Smoking",Irregular Sleep,irregular sleep,High Stress,high stress,Low,low,Family history of lung disease,Family history of lung disease,"Low-fat, High-protein","Low-fat, High-protein","Smoke, Dust","Smoke, Dust","Winter, Rainy season","winter, rainy season",40-80 years,40-80 years,Both genders,all genders,"Sedentary, Smoky areas","Sedentary, Smoky areas",Avoids smoke and pollutants,Avoids smoke and pollutants,"Eucalyptus, Licorice","Eucalyptus, Licorice","Tulsi, Ginger","Tulsi, Ginger","Mulethi (3g), Warm water (200ml)","Mulethi (3g), Warm water (200ml)","Kapha, Vata","Vata, Kapha",Kapha-Vata,Kapha-Vata,Avoid smoking and cold environments; practice pranayama.,Avoid smoking and cold environments; practice pranayama.,"Pranayama, Chest Exercises","Pranayama, Chest Exercises","Bronchodilators, Steroids","Bronchodilators, Steroids","Quit Smoking, Avoid Pollutants","Quit Smoking, Avoid Pollutants",Can be Managed with Treatment,Can be Managed with Treatment,"Respiratory Failure, Lung Infections","Respiratory Failure, Lung Infections","Quit Smoking, Regular Check-ups","Quit Smoking, Regular Check-ups",chronic obstructive pulmonary disease copd,"[""breathlessness"", ""wheezing"", ""fatigue""]",3,1,0,1,[]
kp_0066,Ciguatera Poisoning,Ciguatera Poisoning,सिगुआटेरा विषाक्तता,सिगुआटेरा विषाक्तता,सिगुआटेरा विषबाधा,सिगुआटेरा विषबाधा,"Nausea, diarrhea, muscle pain","Nausea, diarrhea, muscle pain","Blood Tests, Toxin Detection","Blood Tests, Toxin Detection",Severe,severe,1-2 weeks,1-2 weeks,Consumption of contaminated fish,Consumption of contaminated fish,Symptomatic treatment,Symptomatic treatment,Eating Contaminated Fish,Eating Contaminated Fish,"Contaminated seafood, Tropical waters","Contaminated seafood, Tropical waters",Irregular Sleep,irregular sleep,High Stress,high stress,Low,low,No family history,No family history,"Balanced, High-protein","Balanced, High-protein","Fish, Seafood","Fish, Seafood","Tropical, Summer seasons","tropical, summer seasons",All ages,all ages,Both genders,all genders,Seafood industry,Seafood industry,Avoids contaminated seafood,Avoids contaminated seafood,None specific,None specific,None specific,None specific,"Ginger (2g), Honey (1 tsp)","Ginger (2g), Honey (1 tsp)","Kapha, Pitta","Pitta, Kapha",Kapha-Prakriti,Kapha-Prakriti,Stay hydrated; avoid seafood and consume warm foods.,Stay hydrated; avoid seafood and consume warm foods.,None specific,None specific,"Symptom Relief, Antihistamines","Symptom Relief, Antihistamines",Avoid Risky Seafood,Avoid Risky Seafood,"Self-limiting, Can be Managed","Self-limiting, Can be Managed","Neurological Symptoms, Gastrointestinal Distress","Neurological Symptoms, Gastrointestinal Distress",Avoid Contaminated Fish,Avoid Contaminated Fish,ciguatera poisoning,"[""nausea"", ""diarrhea"", ""muscle pain""]",3,0,1,1,[]
kp_0067,Clonorchiasis,Clonorchiasis,क्लोनोर्कियासिस,क्लोनोर्कियासिस,क्लोनोर्कियासिस,क्लोनोर्कियासिस,"Abdominal pain, jaundice, diarrhea","Abdominal pain, jaundice, diarrhea","Stool Test, Blood Tests","Stool Test, Blood Tests",Severe,severe,2-4 weeks,2-4 weeks,"Parasitic infection, Poor hygiene","Parasitic infection, Poor hygiene",Anthelmintics,Anthelmintics,Eating Contaminated Fish or Seafood,Eating Contaminated Fish or Seafood,"Poor sanitation, Raw fish consumption","Poor sanitation, Raw fish consumption",Irregular Sleep,irregular sleep,Moderate Stress,moderate stress,Low,low,No family history,No family history,"High-protein, Low-fat","High-protein, Low-fat","Fish, Seafood","Fish, Seafood",Wet season,wet season,Adults,adults,Both genders,all genders,"Rural, Fishing areas","Rural, Fishing areas",Avoids raw fish,Avoids raw fish,None specific,None specific,None specific,None specific,"Kutki (2g), Warm water (200ml)","Kutki (2g), Warm water (200ml)",Pitta,Pitta,Pitta-Prakriti,Pitta-Prakriti,"Avoid fatty foods; include light, easily digestible meals.","Avoid fatty foods; include light, easily digestible meals.",None specific,None specific,Anthelmintic Drugs,Anthelmintic Drugs,Avoid Raw Fish Consumption,Avoid Raw Fish Consumption,Can be Treated with Medication,Can be Treated with Medication,"Liver Damage, Cholangiocarcinoma","Liver Damage, Cholangiocarcinoma","Good Hygiene, Proper Cooking","Good Hygiene, Proper Cooking",clonorchiasis,"[""abdominal pain"", ""jaundice"", ""diarrhea""]",3,0,1,0,[]
kp_0068,Coffin-Lowry Syndrome,Coffin-Lowry Syndrome,कॉफिन-लोवरी सिंड्रोम,कॉफिन-लोवरी सिंड्रोम,कॉफिन-लोवरी सिंड्रोम,कॉफिन-लोवरी सिंड्रोम,"Developmental delays, weak muscle tone","Developmental delays, weak muscle tone","Genetic Testing, MRI","Genetic Testing, MRI",Severe,severe,Lifelong,Lifelong,"Genetic, Developmental disorders","Genetic, Developmental disorders",Supportive care,Supportive care,Genetic Mutation,Genetic Mutation,"Genetic mutation, Developmental delay","Genetic mutation, Developmental delay",Irregular Sleep,irregular sleep,Moderate Stress,moderate stress,Low,low,Family history of genetic disorders,Family history of genetic disorders,"High-calcium, Low-protein","High-calcium, Low-protein",None,,All seasons,all seasons,Childhood,childhood,Both genders,all genders,"Special care, Home care","Special care, Home care",Avoids high-protein foods,Avoids high-protein foods,None specific,None specific,None specific,None specific,Ashwagandha (5g daily),Ashwagandha (5g daily),Vata,Vata,Vata-Prakriti,Vata-Prakriti,"Provide a balanced, nutrient-rich diet; avoid processed foods.","Provide a balanced, nutrient-rich diet; avoid processed foods.",None specific,None specific,"Supportive Care, Therapy","Supportive Care, Therapy",None,,"Progressive, Intellectual Disabilities","Progressive, Intellectual Disabilities",Intellectual Disabilities,Intellectual Disabilities,Genetic Counseling,Genetic Counseling,coffin lowry syndrome,"[""developmental delays"", ""weak muscle tone""]",2,1,0,0,"[""allergies_food_env"", ""prevention""]"
kp_0069,Cold,Cold,सर्दी,सर्दी,सर्दी,सर्दी,"Sneezing, runny nose, congestion","Sneezing, runny nose, congestion","Physical Exam, Symptom Review","Physical Exam, Symptom Review",Mild to Moderate,mild to moderate,7-10 days,7-10 days,"Viral infection, Exposure to cold weather","Viral infection, Exposure to cold weather","Decongestants, Pain relievers","Decongestants, Pain relievers","Exposure to Viruses, Low Immunity","Exposure to Viruses, Low Immunity","Exposure to cold weather, Crowded areas","Exposure to cold weather, Crowded areas",Poor Sleep,poor sleep,Moderate Stress,moderate stress,Low,low,No family history,No family history,"Balanced, High-protein","Balanced, High-protein",None,,"Winter, Cold season","winter, cold season",All ages,all ages,Both genders,all genders,"Close contact, Schools","Close contact, Schools",Avoids exposure to cold air,Avoids exposure to cold air,"Honey, Ginger","Honey, Ginger","Ginger, Tulsi","Ginger, Tulsi","Ginger (2g), Tulsi (5g), Warm water (200ml)","Ginger (2g), Tulsi (5g), Warm water (200ml)",Kapha,Kapha,Kapha-Prakriti,Kapha-Prakriti,Avoid cold drinks; drink warm soups and inhale steam regularly.,Avoid cold drinks; drink warm soups and inhale steam regularly.,"Restorative Yoga, Breathing","Restorative Yoga, Breathing","Rest, Fluids, Symptom Relief","Rest, Fluids, Symptom Relief","Hand Hygiene, Avoid Sick People","Hand Hygiene, Avoid Sick People","Self-limiting, Manageable","Self-limiting, Manageable","Secondary Infections, Sinusitis","Secondary Infections, Sinusitis","Hydration, Rest","Hydration, Rest",cold,"[""sneezing"", ""runny nose"", ""congestion""]",3,0,0,1,"[""allergies_food_env""]"
kp_0070,Colorectal Cancer,Colorectal Cancer,कोलोरेक्टल कैंसर,कोलोरेक्टल कैंसर,कोलोरेक्टल कर्करोग,कोलोरेक्टल कर्करोग,"Changes in bowel habits, abdominal pain","Changes in bowel habits, abdominal pain","Colonoscopy, Biopsy, CT Scan","Colonoscopy, Biopsy, CT Scan",Severe,severe,6 months to lifelong,6 months to lifelong,"Family history, Diet high in red meat","Family history, Diet high in red meat","Chemotherapy, Radiation therapy","Chemotherapy, Radiation therapy","Family History, Age, Diet","Family History, Age, Diet","Poor diet, Sedentary lifestyle","Poor diet, Sedentary lifestyle",Poor Sleep,poor sleep,High Stress,high stress,Low,low,Family history of cancer,Family history of cancer,"Low-fiber, High-protein","Low-fiber, High-protein",None,,All seasons,all seasons,40-70 years,40-70 years,Both genders,all genders,"Sedentary, High-stress jobs","Sedentary, High-stress jobs",Avoids processed foods,Avoids processed foods,None specific,None specific,"Ashwagandha, Guggulu","Ashwagandha, Guggulu","Amalaki (10ml), Water (200ml)","Amalaki (10ml), Water (200ml)","Kapha, Pitta","Pitta, Kapha",Kapha-Prakriti,Kapha-Prakriti,Include fiber-rich foods; avoid processed and fatty foods.,Include fiber-rich foods; avoid processed and fatty foods.,Yoga for Post-Surgery Rehabilitation,Yoga for Post-Surgery Rehabilitation,"Surgery, Chemotherapy, Radiation","Surgery, Chemotherapy, Radiation","Regular Screening, Healthy Diet","Regular Screening, Healthy Diet",Can be Managed with Treatment,Can be Managed with Treatment,"Recurrence, Metastasis","Recurrence, Metastasis","Regular Screening, Healthy Lifestyle","Regular Screening, Healthy Lifestyle",colorectal cancer,"[""changes in bowel habits"", ""abdominal pain""]",2,0,1,1,"[""allergies_food_env""]"
kp_0071,Constipation,Constipation,कब्ज,कब्ज,बद्धकोष्ठता,बद्धकोष्ठता,"Irregular bowel movements, bloating","Irregular bowel movements, bloating","Physical Exam, Stool Test, X-ray","Physical Exam, Stool Test, X-ray",Mild to Moderate,mild to moderate,2-4 weeks,2-4 weeks,"Low fiber diet, Inadequate fluid intake","Low fiber diet, Inadequate fluid intake","Laxatives, Stool softeners","Laxatives, Stool softeners","Low Fiber Diet, Lack of Exercise","Low Fiber Diet, Lack of Exercise","Lack of exercise, Stress","Lack of exercise, Stress",Irregular Sleep,irregular sleep,High Stress,high stress,Low,low,Family history of gastrointestinal issues,Family history of gastrointestinal issues,"Low-fiber, High-fat","Low-fiber, High-fat",None,,"Winter, Low-humidity","winter, low-humidity",All ages,all ages,Both genders,all genders,Sedentary lifestyle,Sedentary lifestyle,Avoids heavy foods,Avoids heavy foods,"Psyllium, Aloe Vera","Psyllium, Aloe Vera","Triphala, Ajwain","Triphala, Ajwain","Isabgol (1 tsp), Warm water (200ml)","Isabgol (1 tsp), Warm water (200ml)",Vata,Vata,Vata-Prakriti,Vata-Prakriti,Include fiber-rich foods; drink warm water with lemon in the morning.,Include fiber-rich foods; drink warm water with lemon in the morning.,"Yoga for Digestion, Abdominal Breathing","Yoga for Digestion, Abdominal Breathing","Laxatives, Dietary Changes","Laxatives, Dietary Changes","High Fiber Diet, Hydration","High Fiber Diet, Hydration",Can be Managed with Treatment,Can be Managed with Treatment,"Chronic Constipation, Hemorrhoids","Chronic Constipation, Hemorrhoids","Increase Fiber Intake, Regular Exercise","Increase Fiber Intake, Regular Exercise",constipation,"[""irregular bowel movements"", ""bloating""]",2,1,0,0,"[""allergies_food_env""]"
kp_0072,Contact Dermatitis,Contact Dermatitis,संपर्क डर्माटाइटिस,संपर्क डर्माटाइटिस,संपर्कजन्य चर्मरोग,संपर्कजन्य चर्मरोग,"Redness, itching, swelling","Redness, itching, swelling","Skin Examination, Patch Testing","Skin Examination, Patch Testing",Moderate to Severe,moderate to severe,1-4 weeks,1-4 weeks,"Allergic reactions, Exposure to irritants","Allergic reactions, Exposure to irritants","Topical steroids, Antihistamines","Topical steroids, Antihistamines","Exposure to Irritants, Allergens","Exposure to Irritants, Allergens","Exposure to chemicals, Allergens","Exposure to chemicals, Allergens",Irregular Sleep,irregular sleep,Moderate Stress,moderate stress,Low,low,Family history of skin conditions,Family history of skin conditions,"Low-fat, Balanced","Low-fat, Balanced","Chemicals, Metals","Chemicals, Metals","Summer, Rainy season","summer, rainy season",All ages,all ages,Both genders,all genders,Occupational exposure,Occupational exposure,Avoids allergens,Avoids allergens,"Aloe Vera, Chamomile","Aloe Vera, Chamomile","Aloe Vera, Neem","Aloe Vera, Neem",Fresh aloe vera gel,Fresh aloe vera gel,Pitta,Pitta,Pitta-Prakriti,Pitta-Prakriti,Avoid allergens; apply soothing herbal pastes and avoid spicy foods.,Avoid allergens; apply soothing herbal pastes and avoid spicy foods.,"Gentle Skin Care, Moisturization","Gentle Skin Care, Moisturization","Steroid Creams, Antihistamines","Steroid Creams, Antihistamines","Avoid Irritants, Skin Care","Avoid Irritants, Skin Care",Can be Managed with Medication,Can be Managed with Medication,"Chronic Dermatitis, Skin Infection","Chronic Dermatitis, Skin Infection","Proper Skin Care, Avoid Irritants","Proper Skin Care, Avoid Irritants",contact dermatitis,"[""redness"", ""itching"", ""swelling""]",3,0,1,0,[]
kp_0073,Coronary Artery Disease,Coronary Artery Disease,कोरोनरी आर्टरी रोग,कोरोनरी आर्टरी रोग,कोरोनरी आर्टरी विकार,कोरोनरी आर्टरी विकार,"Chest pain, shortness of breath, fatigue","Chest pain, shortness of breath, fatigue","ECG, Angiogram, Blood Tests","ECG, Angiogram, Blood Tests",Severe,severe,Lifelong,Lifelong,"Hypertension, High cholesterol, Diabetes","Hypertension, High cholesterol, Diabetes","Statins, Beta-blockers","Statins, Beta-blockers","High Cholesterol, Smoking, Diabetes","High Cholesterol, Smoking, Diabetes","High blood pressure, Smoking, Obesity","High blood pressure, Smoking, Obesity",Poor Sleep,poor sleep,High Stress,high stress,Low,low,Family history of heart disease,Family history of heart disease,"Low-fat, Low-sodium","Low-fat, Low-sodium","Smoke, Dust","Smoke, Dust","Winter, Cold season","winter, cold season",50-80 years,50-80 years,Both genders,all genders,"Sedentary lifestyle, High-stress jobs","Sedentary lifestyle, High-stress jobs",Avoids fatty foods,Avoids fatty foods,"Garlic, Hawthorn","Garlic, Hawthorn","Arjuna, Guggulu","Arjuna, Guggulu","Arjuna (5g), Warm water (200ml)","Arjuna (5g), Warm water (200ml)","Kapha, Pitta","Pitta, Kapha",Kapha-Prakriti,Kapha-Prakriti,Avoid oily and fatty foods; include whole grains and exercise regularly.,Avoid oily and fatty foods; include whole grains and exercise regularly.,"Yoga for Heart Health, Breathing Exercises","Yoga for Heart Health, Breathing Exercises","Surgery, Stents, Medications","Surgery, Stents, Medications","Healthy Diet, Exercise, No Smoking","Healthy Diet, Exercise, No Smoking",Can be Managed with Medication,Can be Managed with Medication,"Heart Attack, Heart Failure","Heart Attack, Heart Failure","Regular Exercise, Low-Cholesterol Diet","Regular Exercise, Low-Cholesterol Diet",coronary artery disease,"[""chest pain"", ""shortness of breath"", ""fatigue""]",3,0,1,1,[]
kp_0074,Costello Syndrome,Costello Syndrome,कॉस्टेलो सिंड्रोम,कॉस्टेलो सिंड्रोम,कॉस्टेलो सिंड्रोम,कॉस्टेलो सिंड्रोम,"Growth delay, developmental issues","Growth delay, developmental issues","Genetic Testing, Physical Exam","Genetic Testing, Physical Exam",Severe,severe,Lifelong,Lifelong,"Genetic, Developmental disorders","Genetic, Developmental disorders",Supportive care,Supportive care,"Genetic Mutation, Family History","Genetic Mutation, Family History","Genetic mutation, Developmental delay","Genetic mutation, Developmental delay",Irregular Sleep,irregular sleep,High Stress,high stress,Low,low,Family history of genetic disorders,Family history of genetic disorders,"High-calcium, Low-protein","High-calcium, Low-protein",None,,All seasons,all seasons,Childhood,childhood,Both genders,all genders,"Special care, Home care","Special care, Home care",Avoids high-protein foods,Avoids high-protein foods,None specific,None specific,"Ashwagandha, Brahmi","Ashwagandha, Brahmi","Shatavari (10ml), Warm water (200ml)","Shatavari (10ml), Warm water (200ml)","Vata, Pitta","Vata, Pitta",Vata-Prakriti,Vata-Prakriti,Provide nutrient-dense meals; avoid heavy physical strain.,Provide nutrient-dense meals; avoid heavy physical strain.,"Gentle Stretching, Strengthening Exercises","Gentle Stretching, Strengthening Exercises","Surgery, Growth Hormones","Surgery, Growth Hormones","Genetic Counseling, Monitoring","Genetic Counseling, Monitoring",Managed with Treatment,Managed with Treatment,"Heart Disease, Developmental Delays","Heart Disease, Developmental Delays","Regular Monitoring, Genetic Counseling","Regular Monitoring, Genetic Counseling",costello syndrome,"[""growth delay"", ""developmental issues""]",2,1,1,0,"[""allergies_food_env""]"
kp_0075,Cough,Cough,खांसी,खांसी,खोकला,खोकला,"Sore throat, dry or wet cough","Sore throat, dry or wet cough","Physical Exam, Sputum Test, X-ray","Physical Exam, Sputum Test, X-ray",Mild to Moderate,mild to moderate,1-2 weeks,1-2 weeks,"Respiratory infection, Allergies","Respiratory infection, Allergies","Antitussives, Decongestants","Antitussives, Decongestants","Respiratory Infections, Smoking","Respiratory Infections, Smoking","Exposure to allergens, Airborne viruses","Exposure to allergens, Airborne viruses",Irregular Sleep,irregular sleep,Moderate Stress,moderate stress,Low,low,No family history,No family history,"Balanced, High-protein","Balanced, High-protein","Dust, Pollens","Dust, Pollens","Winter, Cold season","winter, cold season",All ages,all ages,Both genders,all genders,Exposure to allergens,Exposure to allergens,Avoids cold air,Avoids cold air,"Honey, Ginger","Honey, Ginger","Tulsi, Licorice","Tulsi, Licorice","Ginger (2g), Honey (1 tsp)","Ginger (2g), Honey (1 tsp)","Vata, Kapha","Vata, Kapha",Vata-Kapha,Vata-Kapha,Avoid cold drinks; inhale steam with eucalyptus oil.,Avoid cold drinks; inhale steam with eucalyptus oil.,"Breathing Exercises, Chest Therapy","Breathing Exercises, Chest Therapy","Cough Suppressants, Inhalers","Cough Suppressants, Inhalers","Avoid Irritants, Stay Hydrated","Avoid Irritants, Stay Hydrated",Can be Managed with Medication,Can be Managed with Medication,"Chronic Cough, Asthma","Chronic Cough, Asthma","Rest, Hydration, Avoid Irritants","Rest, Hydration, Avoid Irritants",cough,"[""sore throat"", ""dry or wet cough""]",2,1,0,1,[]
kp_0076,Crigler-Najjar Syndrome,Crigler-Najjar Syndrome,क्रिगलर-नजजार सिंड्रोम,क्रिगलर-नजजार सिंड्रोम,क्रिगलर-नजजार सिंड्रोम,क्रिगलर-नजजार सिंड्रोम,"Jaundice, yellowing of skin and eyes","Jaundice, yellowing of skin and eyes","Genetic Testing, Bilirubin Test","Genetic Testing, Bilirubin Test",Severe,severe,Lifelong,Lifelong,"Genetic, Liver disorder","Genetic, Liver disorder","Phototherapy, Liver transplant","Phototherapy, Liver transplant",Genetic Mutation,Genetic Mutation,"Genetic mutation, Liver dysfunction","Genetic mutation, Liver dysfunction",Irregular Sleep,irregular sleep,Moderate Stress,moderate stress,Low,low,Family history of genetic disorders,Family history of genetic disorders,"High-calcium, Low-protein","High-calcium, Low-protein",None,,All seasons,all seasons,Childhood,childhood,Both genders,all genders,"Special care, Home care","Special care, Home care",Avoids high-protein foods,Avoids high-protein foods,None specific,None specific,"Neem, Amla","Neem, Amla","Kutki (2g), Giloy (2g), Warm water (200ml)","Kutki (2g), Giloy (2g), Warm water (200ml)",Pitta,Pitta,Pitta-Prakriti,Pitta-Prakriti,"Avoid fatty foods; provide small, frequent meals.","Avoid fatty foods; provide small, frequent meals.",None specific,None specific,"Phototherapy, Liver Transplant","Phototherapy, Liver Transplant","Early Detection, Genetic Screening","Early Detection, Genetic Screening",Managed with Phototherapy,Managed with Phototherapy,"Brain Damage, Jaundice","Brain Damage, Jaundice","Regular Monitoring, Phototherapy","Regular Monitoring, Phototherapy",crigler najjar syndrome,"[""jaundice"", ""yellowing of skin and eyes""]",2,0,1,0,"[""allergies_food_env""]"
kp_0077,Crimean-Congo Hemorrhagic Fever,Crimean-Congo Hemorrhagic Fever,क्राइमियन-कोंगो हेमोरेजिक बुखार,क्राइमियन-कोंगो हेमोरेजिक बुखार,क्राइमियन-कोंगो हेमोरेजिक बुखार,क्राइमियन-कोंगो हेमोरेजिक बुखार,"Fever, muscle pain, bleeding","Fever, muscle pain, bleeding","Blood Test, PCR Test","Blood Test, PCR Test",Severe,severe,2-4 weeks,2-4 weeks,Tick-borne viral infection,Tick-borne viral infection,"Antiviral drugs, Supportive care","Antiviral drugs, Supportive care",Contact with Infected Animals,Contact with Infected Animals,"Exposure to infected ticks, Rural areas","Exposure to infected ticks, Rural areas",Poor Sleep,poor sleep,High Stress,high stress,Low,low,No family history,No family history,"High-calcium, Balanced","High-calcium, Balanced",None,,"Summer, Rainy season","summer, rainy season",All ages,all ages,Both genders,all genders,"Rural, Agricultural areas","Rural, Agricultural areas",Avoids tick exposure,Avoids tick exposure,None specific,None specific,None specific,None specific,"Tulsi (5g), Giloy (3g), Warm water (200ml)","Tulsi (5g), Giloy (3g), Warm water (200ml)","Kapha, Pitta","Pitta, Kapha",Kapha-Prakriti,Kapha-Prakriti,Avoid crowded places; practice proper hygiene and rest.,Avoid crowded places; practice proper hygiene and rest.,None specific,None specific,"Antiviral Medications, Supportive Care","Antiviral Medications, Supportive Care","Avoid Animal Contact, Wear PPE","Avoid Animal Contact, Wear PPE",Can be Managed with Treatment,Can be Managed with Treatment,"Hemorrhage, Organ Failure","Hemorrhage, Organ Failure","Protective Measures, Early Detection","Protective Measures, Early Detection",crimean congo hemorrhagic fever,"[""fever"", ""muscle pain"", ""bleeding""]",3,0,1,1,"[""allergies_food_env""]"
kp_0078,Crohn's Disease,Crohn's Disease,क्रोहन रोग,क्रोहन रोग,क्रोहन रोग,क्रोहन रोग,"Abdominal pain, diarrhea, weight loss","Abdominal pain, diarrhea, weight loss","Colonoscopy, Biopsy, Blood Tests","Colonoscopy, Biopsy, Blood Tests",Severe,severe,Lifelong,Lifelong,"Autoimmune, Inflammatory bowel disease","Autoimmune, Inflammatory bowel disease","Immunosuppressants, Steroids","Immunosuppressants, Steroids","Family History, Immune System Dysfunction","Family History, Immune System Dysfunction","Stress, Poor diet, Genetic factors","Stress, Poor diet, Genetic factors",Irregular Sleep,irregular sleep,High Stress,high stress,Low,low,Family history of IBD,Family history of IBD,"High-fiber, Low-fat","High-fiber, Low-fat",None,,All seasons,all seasons,20-40 years,20-40 years,Both genders,all genders,"Sedentary, Stressful work","Sedentary, Stressful work",Avoids high-fat foods,Avoids high-fat foods,"Turmeric, Aloe Vera","Turmeric, Aloe Vera","Turmeric, Triphala","Turmeric, Triphala","Aloe vera (10ml), Warm water (200ml)","Aloe vera (10ml), Warm water (200ml)","Pitta, Kapha","Pitta, Kapha",Pitta-Prakriti,Pitta-Prakriti,Avoid spicy foods; include probiotics and fiber-rich foods.,Avoid spicy foods; include probiotics and fiber-rich foods.,"Yoga for Digestive Health, Stress Reduction","Yoga for Digestive Health, Stress Reduction",Anti-inflammatory Medications,Anti-inflammatory Medications,"Healthy Diet, Stress Management","Healthy Diet, Stress Management",Can be Managed with Medication,Can be Managed with Medication,"Bowel Obstruction, Perforation","Bowel Obstruction, Perforation","Regular Monitoring, Diet Management","Regular Monitoring, Diet Management",crohn s disease,"[""abdominal pain"", ""diarrhea"", ""weight loss""]",3,0,1,1,"[""allergies_food_env""]"
kp_0079,Cryptosporidiosis,Cryptosporidiosis,क्रिप्टोस्पोरिडियोसिस,क्रिप्टोस्पोरिडियोसिस,क्रिप्टोस्पोरिडीयसिस,क्रिप्टोस्पोरिडीयसिस,"Watery diarrhea, nausea, abdominal pain","Watery diarrhea, nausea, abdominal pain","Stool Test, PCR Test","Stool Test, PCR Test",Moderate to Severe,moderate to severe,1-2 weeks,1-2 weeks,"Parasitic infection, Contaminated water","Parasitic infection, Contaminated water",Antiprotozoal medications,Antiprotozoal medications,"Contaminated Water, Poor Sanitation","Contaminated Water, Poor Sanitation","Contaminated water, Poor hygiene","Contaminated water, Poor hygiene",Irregular Sleep,irregular sleep,Moderate Stress,moderate stress,Low,low,No family history,No family history,"Balanced, High-protein","Balanced, High-protein",None,,Rainy season,rainy season,All ages,all ages,Both genders,all genders,Poor sanitation areas,Poor sanitation areas,Avoids unclean water,Avoids unclean water,None specific,None specific,None specific,None specific,"Neem leaves (5g), Warm water (200ml)","Neem leaves (5g), Warm water (200ml)","Kapha, Pitta","Pitta, Kapha",Kapha-Prakriti,Kapha-Prakriti,Maintain hygiene; avoid contaminated water and food.,Maintain hygiene; avoid contaminated water and food.,None specific,None specific,Antiprotozoal Medications,Antiprotozoal Medications,"Safe Water Practices, Hygiene","Safe Water Practices, Hygiene",Can be Managed with Medication,Can be Managed with Medication,"Dehydration, GI Complications","Dehydration, GI Complications","Drink Clean Water, Avoid Contaminated Food","Drink Clean Water, Avoid Contaminated Food",cryptosporidiosis,"[""watery diarrhea"", ""nausea"", ""abdominal pain""]",3,0,1,1,"[""allergies_food_env""]"
kp_0080,Cushing's Syndrome,Cushing's Syndrome,कशिंग सिंड्रोम,कशिंग सिंड्रोम,कशिंग सिंड्रोम,कशिंग सिंड्रोम,"Weight gain, fatigue, high blood pressure","Weight gain, fatigue, high blood pressure","Blood Tests, Urinary Cortisol Test","Blood Tests, Urinary Cortisol Test",Severe,severe,Lifelong,Lifelong,"Excessive cortisol, Tumors","Excessive cortisol, Tumors","Corticosteroid inhibitors, Surgery","Corticosteroid inhibitors, Surgery","Tumors, Steroid Use","Tumors, Steroid Use","High-stress environment, Obesity","High-stress environment, Obesity",Irregular Sleep,irregular sleep,High Stress,high stress,Low,low,Family history of hormone disorders,Family history of hormone disorders,"High-protein, Low-sodium","High-protein, Low-sodium",None,,All seasons,all seasons,20-50 years,20-50 years,Both genders,all genders,"Sedentary, Stressful work","Sedentary, Stressful work",Avoids excessive salt,Avoids excessive salt,None specific,None specific,"Ashwagandha, Triphala","Ashwagandha, Triphala","Ashwagandha (5g), Warm water (200ml)","Ashwagandha (5g), Warm water (200ml)",Kapha,Kapha,Kapha-Prakriti,Kapha-Prakriti,Avoid processed foods; include leafy greens and exercise regularly.,Avoid processed foods; include leafy greens and exercise regularly.,"Stress Management, Yoga for Balance","Stress Management, Yoga for Balance","Surgery, Medications","Surgery, Medications",Avoid Unnecessary Steroid Use,Avoid Unnecessary Steroid Use,Can be Managed with Medication,Can be Managed with Medication,"Osteoporosis, Diabetes","Osteoporosis, Diabetes","Regular Monitoring, Medication","Regular Monitoring, Medication",cushing s syndrome,"[""weight gain"", ""fatigue"", ""high blood pressure""]",3,0,0,1,"[""allergies_food_env""]"
kp_0081,Cystic Fibrosis,Cystic Fibrosis,सिस्टिक फाइब्रोसिस,सिस्टिक फाइब्रोसिस,सिस्टिक फाइब्रोसिस,सिस्टिक फाइब्रोसिस,"Persistent cough, lung infections, poor growth","Persistent cough, lung infections, poor growth","Sweat Test, Genetic Testing","Sweat Test, Genetic Testing",Severe,severe,Lifelong,Lifelong,"Genetic, Respiratory issues","Genetic, Respiratory issues","Chest physiotherapy, Antibiotics","Chest physiotherapy, Antibiotics",Genetic Mutation,Genetic Mutation,"Air pollution, Respiratory infections","Air pollution, Respiratory infections",Poor Sleep,poor sleep,Moderate Stress,moderate stress,Low,low,Family history of CF,Family history of CF,"Low-fat, High-calcium","Low-fat, High-calcium",Airborne allergens,Airborne allergens,"Winter, Cold season","winter, cold season",Childhood to Adult,childhood to adult,Both genders,all genders,"Sedentary, Home care","Sedentary, Home care",Avoids dairy products,Avoids dairy products,None specific,None specific,"Ashwagandha, Guduchi","Ashwagandha, Guduchi","Mulethi (3g), Giloy (2g), Warm water (200ml)","Mulethi (3g), Giloy (2g), Warm water (200ml)","Kapha, Vata","Vata, Kapha",Kapha-Prakriti,Kapha-Prakriti,Stay hydrated; include antioxidant-rich foods and breathing exercises.,Stay hydrated; include antioxidant-rich foods and breathing exercises.,"Chest Exercises, Breathing Techniques","Chest Exercises, Breathing Techniques","Chest Physiotherapy, Antibiotics","Chest Physiotherapy, Antibiotics","Genetic Counseling, Early Diagnosis","Genetic Counseling, Early Diagnosis",Can be Managed with Treatment,Can be Managed with Treatment,"Lung Infections, Digestive Issues","Lung Infections, Digestive Issues","Regular Chest Physiotherapy, Nutrition Management","Regular Chest Physiotherapy, Nutrition Management",cystic fibrosis,"[""persistent cough"", ""lung infections"", ""poor growth""]",3,1,0,1,[]
kp_0082,Cysticercosis,Cysticercosis,सिस्टिसेर्कोसिस,सिस्टिसेर्कोसिस,सिस्टिसेर्कोसिस,सिस्टिसेर्कोसिस,"Seizures, muscle pain, headaches","Seizures, muscle pain, headaches","Blood Tests, CT Scan, MRI","Blood Tests, CT Scan, MRI",Severe,severe,6 months to lifelong,6 months to lifelong,"Parasitic infection, Contaminated food","Parasitic infection, Contaminated food",Antiparasitic drugs,Antiparasitic drugs,Consumption of Contaminated Food,Consumption of Contaminated Food,"Contaminated food or water, Poor hygiene","Contaminated food or water, Poor hygiene",Poor Sleep,poor sleep,High Stress,high stress,Low,low,No family history,No family history,"Low-fiber, High-protein","Low-fiber, High-protein",Contaminated food,Contaminated food,"Summer, Rainy season","summer, rainy season",All ages,all ages,Both genders,all genders,"Rural, Agricultural areas","Rural, Agricultural areas",Avoids undercooked meat,Avoids undercooked meat,None specific,None specific,None specific,None specific,"Neem (2g), Garlic (2g)","Neem (2g), Garlic (2g)","Pitta, Kapha","Pitta, Kapha",Kapha-Prakriti,Kapha-Prakriti,Avoid contaminated foods; practice proper hygiene.,Avoid contaminated foods; practice proper hygiene.,None specific,None specific,"Anticystic Drugs, Surgery","Anticystic Drugs, Surgery","Safe Food Practices, Hygiene","Safe Food Practices, Hygiene",Can be Managed with Medication,Can be Managed with Medication,"Seizures, Brain Damage","Seizures, Brain Damage","Avoid Contaminated Food, Medication","Avoid Contaminated Food, Medication",cysticercosis,"[""seizures"", ""muscle pain"", ""headaches""]",3,0,1,1,[]
kp_0083,Cystinosis,Cystinosis,सिस्टिनोसिस,सिस्टिनोसिस,सिस्टिनोसिस,सिस्टिनोसिस,"Weakness, kidney issues, vision problems","Weakness, kidney issues, vision problems","Blood Tests, Urine Tests","Blood Tests, Urine Tests",Severe,severe,Lifelong,Lifelong,"Genetic, Kidney issues","Genetic, Kidney issues","Cysteamine, Kidney transplant","Cysteamine, Kidney transplant",Genetic Mutation,Genetic Mutation,"Genetic mutation, Kidney dysfunction","Genetic mutation, Kidney dysfunction",Irregular Sleep,irregular sleep,Moderate Stress,moderate stress,Low,low,Family history of genetic disorders,Family history of genetic disorders,"Low-protein, High-calcium","Low-protein, High-calcium",None,,All seasons,all seasons,Childhood to Adult,childhood to adult,Both genders,all genders,"Home care, Sedentary","Home care, Sedentary",Avoids high-protein foods,Avoids high-protein foods,None specific,None specific,"Amla, Ashwagandha","Amla, Ashwagandha","Punarnava (3g), Warm water (200ml)","Punarnava (3g), Warm water (200ml)",Kapha,Kapha,Kapha-Prakriti,Kapha-Prakriti,Stay hydrated; include low-sodium meals and avoid heavy foods.,Stay hydrated; include low-sodium meals and avoid heavy foods.,None specific,None specific,"Cysteamine, Kidney Transplant","Cysteamine, Kidney Transplant","Genetic Counseling, Early Detection","Genetic Counseling, Early Detection",Managed with Medication,Managed with Medication,"Kidney Failure, Vision Impairment","Kidney Failure, Vision Impairment","Regular Monitoring, Kidney Care","Regular Monitoring, Kidney Care",cystinosis,"[""weakness"", ""kidney issues"", ""vision problems""]",3,0,0,1,"[""allergies_food_env""]"
kp_0084,Dandruff,Dandruff,रूसी,रूसी,केसाचे कापूस,केसाचे कापूस,"Scalp itchiness, flaking","Scalp itchiness, flaking","Physical Exam, Scalp Scraping","Physical Exam, Scalp Scraping",Mild to Moderate,mild to moderate,2-4 weeks,2-4 weeks,"Dry skin, Fungal infection","Dry skin, Fungal infection","Antifungal shampoo, Topical steroids","Antifungal shampoo, Topical steroids","Dry Skin, Oily Skin, Fungal Infection","Dry Skin, Oily Skin, Fungal Infection","Dry environment, Poor hygiene","Dry environment, Poor hygiene",Irregular Sleep,irregular sleep,Moderate Stress,moderate stress,Low,low,No family history,No family history,"Balanced, Low-fat","Balanced, Low-fat","Dust, Pollution","Dust, Pollution","Winter, Dry season","winter, dry season",All ages,all ages,Both genders,all genders,"Urban, Stressful jobs","Urban, Stressful jobs",Avoids harsh chemicals,Avoids harsh chemicals,"Tea Tree Oil, Aloe Vera","Tea Tree Oil, Aloe Vera","Neem, Aloe Vera","Neem, Aloe Vera",Neem oil (as needed),Neem oil (as needed),"Kapha, Pitta","Pitta, Kapha",Kapha-Prakriti,Kapha-Prakriti,Avoid oily and processed foods; keep the scalp clean and dry.,Avoid oily and processed foods; keep the scalp clean and dry.,"Scalp Massage, Stress Reduction","Scalp Massage, Stress Reduction","Antifungal Shampoos, Steroids","Antifungal Shampoos, Steroids","Regular Hair Wash, Scalp Care","Regular Hair Wash, Scalp Care",Can be Managed with Treatment,Can be Managed with Treatment,"Scalp Irritation, Hair Loss","Scalp Irritation, Hair Loss","Regular Scalp Care, Hydration","Regular Scalp Care, Hydration",dandruff,"[""scalp itchiness"", ""flaking""]",2,0,1,1,[]
kp_0085,Dementia,Dementia,डिमेंशिया,डिमेंशिया,मानसिक विकार,मानसिक विकार,"Memory loss, confusion, difficulty concentrating","Memory loss, confusion, difficulty concentrating","Cognitive Tests, MRI, Blood Tests","Cognitive Tests, MRI, Blood Tests",Severe,severe,Lifelong,Lifelong,"Age-related, Neurodegenerative diseases","Age-related, Neurodegenerative diseases","Cognitive enhancers, Antidepressants","Cognitive enhancers, Antidepressants","Age, Genetics, Head Trauma","Age, Genetics, Head Trauma","Age, Genetic factors, Poor mental health","Age, Genetic factors, Poor mental health",Irregular Sleep,irregular sleep,High Stress,high stress,Low,low,Family history of dementia,Family history of dementia,"High-calcium, Low-protein","High-calcium, Low-protein",None,,All seasons,all seasons,60+ years,60+ years,Both genders,all genders,"Sedentary, Caregiver stress","Sedentary, Caregiver stress",Avoids excessive sugar,Avoids excessive sugar,None specific,None specific,"Brahmi, Ashwagandha","Brahmi, Ashwagandha","Brahmi (2g), Warm water (200ml)","Brahmi (2g), Warm water (200ml)",Vata,Vata,Vata-Prakriti,Vata-Prakriti,Provide a balanced diet; include brain-boosting foods like nuts and seeds.,Provide a balanced diet; include brain-boosting foods like nuts and seeds.,"Cognitive Therapy, Memory Training","Cognitive Therapy, Memory Training","Medication for Symptoms, Supportive Care","Medication for Symptoms, Supportive Care","Cognitive Exercise, Healthy Diet","Cognitive Exercise, Healthy Diet","Progressive, Managed with Care","Progressive, Managed with Care","Memory Loss, Behavioral Changes","Memory Loss, Behavioral Changes","Cognitive Stimulation, Social Engagement","Cognitive Stimulation, Social Engagement",dementia,"[""memory loss"", ""confusion"", ""difficulty concentrating""]",3,1,0,0,"[""allergies_food_env""]"
kp_0086,Dengue Fever,Dengue Fever,डेंगू बुखार,डेंगू बुखार,डेंगू बुखार,डेंगू बुखार,"High fever, joint pain, skin rash","High fever, joint pain, skin rash","Blood Test, PCR Test","Blood Test, PCR Test",Severe,severe,1-2 weeks,1-2 weeks,Mosquito-borne viral infection,Mosquito-borne viral infection,"Antipyretics, Fluids","Antipyretics, Fluids","Mosquito Bites, Poor Sanitation","Mosquito Bites, Poor Sanitation","Mosquito exposure, High rainfall","Mosquito exposure, High rainfall",Poor Sleep,poor sleep,High Stress,high stress,Low,low,No family history,No family history,"High-protein, Hydrating","High-protein, Hydrating",Mosquitoes,Mosquitoes,Rainy season,rainy season,All ages,all ages,Both genders,all genders,"Rural, Tropical areas","Rural, Tropical areas",Avoids stagnant water,Avoids stagnant water,None specific,None specific,None specific,None specific,"Papaya leaves (10ml), Warm water (200ml)","Papaya leaves (10ml), Warm water (200ml)",Pitta,Pitta,Pitta-Prakriti,Pitta-Prakriti,Stay hydrated; include coconut water and rest adequately.,Stay hydrated; include coconut water and rest adequately.,"Rest, Hydration","Rest, Hydration","Supportive Care, Antipyretics","Supportive Care, Antipyretics","Mosquito Control, Avoid Bites","Mosquito Control, Avoid Bites",Can be Managed with Medication,Can be Managed with Medication,"Hemorrhagic Fever, Shock","Hemorrhagic Fever, Shock","Hydration, Rest, Mosquito Control","Hydration, Rest, Mosquito Control",dengue fever,"[""high fever"", ""joint pain"", ""skin rash""]",3,0,1,0,[]
kp_0087,Dengue Hemorrhagic Fever,Dengue Hemorrhagic Fever,डेंगू रक्तस्रावी बुखार,डेंगू रक्तस्रावी बुखार,डेंगू रक्तस्रावी बुखार,डेंगू रक्तस्रावी बुखार,"High fever, bleeding, abdominal pain","High fever, bleeding, abdominal pain","Blood Test, PCR Test","Blood Test, PCR Test",Severe,severe,2-4 weeks,2-4 weeks,Mosquito-borne viral infection,Mosquito-borne viral infection,"Antipyretics, IV fluids","Antipyretics, IV fluids","Mosquito Bites, Poor Sanitation","Mosquito Bites, Poor Sanitation","Mosquito exposure, High rainfall","Mosquito exposure, High rainfall",Poor Sleep,poor sleep,High Stress,high stress,Low,low,No family history,No family history,"High-protein, Hydrating","High-protein, Hydrating",Mosquitoes,Mosquitoes,Rainy season,rainy season,All ages,all ages,Both genders,all genders,"Rural, Tropical areas","Rural, Tropical areas",Avoids stagnant water,Avoids stagnant water,None specific,None specific,None specific,None specific,"Giloy (3g), Papaya leaves (10ml), Warm water (200ml)","Giloy (3g), Papaya leaves (10ml), Warm water (200ml)",Pitta,Pitta,Pitta-Prakriti,Pitta-Prakriti,Avoid strenuous activities; consume light meals and herbal teas.,Avoid strenuous activities; consume light meals and herbal teas.,None specific,None specific,"Hospitalization, Blood Transfusion","Hospitalization, Blood Transfusion","Mosquito Control, Avoid Bites","Mosquito Control, Avoid Bites",Can be Managed with Treatment,Can be Managed with Treatment,"Organ Failure, Hemorrhage","Organ Failure, Hemorrhage","Regular Monitoring, Hydration","Regular Monitoring, Hydration",dengue hemorrhagic fever,"[""high fever"", ""bleeding"", ""abdominal pain""]",3,0,1,0,[]
kp_0088,Dentinogenesis Imperfecta,Dentinogenesis Imperfecta,डेंटिनोजेनेसिस इम्परफेक्टा,डेंटिनोजेनेसिस इम्परफेक्टा,दांतांचे दोष,दांतांचे दोष,"Discolored teeth, fragile enamel","Discolored teeth, fragile enamel","Genetic Testing, X-rays","Genetic Testing, X-rays",Severe,severe,Lifelong,Lifelong,"Genetic, Dental enamel issues","Genetic, Dental enamel issues",Cosmetic dental treatment,Cosmetic dental treatment,Genetic Mutation,Genetic Mutation,"Genetic mutation, Poor oral hygiene","Genetic mutation, Poor oral hygiene",Irregular Sleep,irregular sleep,Low Stress,low stress,Low,low,Family history of dental issues,Family history of dental issues,"High-calcium, Low-protein","High-calcium, Low-protein",None,,All seasons,all seasons,Childhood,childhood,Both genders,all genders,Sedentary lifestyle,Sedentary lifestyle,Avoids sugary foods,Avoids sugary foods,None specific,None specific,None specific,None specific,"Licorice root (2g), Water (as needed)","Licorice root (2g), Water (as needed)","Kapha, Pitta","Pitta, Kapha",Kapha-Prakriti,Kapha-Prakriti,Include calcium-rich foods; avoid sugary and acidic foods.,Include calcium-rich foods; avoid sugary and acidic foods.,None specific,None specific,"Dental Care, Crowns, Root Canals","Dental Care, Crowns, Root Canals","Dental Care, Early Detection","Dental Care, Early Detection",Can be Managed with Dental Care,Can be Managed with Dental Care,"Tooth Fragility, Hearing Loss","Tooth Fragility, Hearing Loss",Regular Dental Checkups,Regular Dental Checkups,dentinogenesis imperfecta,"[""discolored teeth"", ""fragile enamel""]",2,0,1,1,"[""allergies_food_env""]"
kp_0089,Depression,Depression,अवसाद,अवसाद,उदासीनता,उदासीनता,"Sadness, loss of interest, fatigue","Sadness, loss of interest, fatigue","Clinical Evaluation, Blood Tests","Clinical Evaluation, Blood Tests",Severe,severe,6 months to lifelong,6 months to lifelong,"Stress, Genetics, Chemical imbalance","Stress, Genetics, Chemical imbalance","Antidepressants, Therapy","Antidepressants, Therapy","Genetics, Stress, Trauma","Genetics, Stress, Trauma","High stress, Lack of social support","High stress, Lack of social support",Poor Sleep,poor sleep,High Stress,high stress,Low,low,Family history of depression,Family history of depression,"Balanced, Low-sodium","Balanced, Low-sodium",None,,"Winter, Cold season","winter, cold season",All ages,all ages,Both genders,all genders,"Sedentary, Stressful jobs","Sedentary, Stressful jobs",Avoids high-caffeine foods,Avoids high-caffeine foods,"St. John's Wort, Ashwagandha","St. John's Wort, Ashwagandha","Ashwagandha, Brahmi","Ashwagandha, Brahmi","Ashwagandha (5g), Warm water (200ml)","Ashwagandha (5g), Warm water (200ml)","Vata, Pitta","Vata, Pitta",Vata-Prakriti,Vata-Prakriti,Avoid alcohol and caffeine; practice mindfulness and yoga.,Avoid alcohol and caffeine; practice mindfulness and yoga.,"Yoga for Mental Health, Breathing","Yoga for Mental Health, Breathing","Antidepressants, Therapy","Antidepressants, Therapy","Regular Exercise, Healthy Diet","Regular Exercise, Healthy Diet",Can be Managed with Medication,Can be Managed with Medication,"Suicidal Thoughts, Weight Changes","Suicidal Thoughts, Weight Changes","Therapy, Social Support","Therapy, Social Support",depression,"[""sadness"", ""loss of interest"", ""fatigue""]",3,1,1,0,"[""allergies_food_env""]"
kp_0090,Desbuquois Dysplasia,Desbuquois Dysplasia,डेस्बुक्वॉइस डिसप्लेसिया,डेस्बुक्वॉइस डिसप्लेसिया,डेस्बुक्वॉइस डिसप्लेसिया,डेस्बुक्वॉइस डिसप्लेसिया,"Short stature, joint contractures, skeletal dysplasia","Short stature, joint contractures, skeletal dysplasia","Genetic Testing, X-ray","Genetic Testing, X-ray",Severe,severe,Lifelong,Lifelong,"Genetic, Developmental disorder","Genetic, Developmental disorder",Supportive care,Supportive care,"Genetic Mutation, Family History","Genetic Mutation, Family History",Genetic mutation,Genetic mutation,Irregular Sleep,irregular sleep,High Stress,high stress,Low,low,Family history of genetic disorders,Family history of genetic disorders,"High-calcium, Low-protein","High-calcium, Low-protein",None,,All seasons,all seasons,Childhood,childhood,Both genders,all genders,"Special care, Home care","Special care, Home care",Avoids high-protein foods,Avoids high-protein foods,None specific,None specific,"Ashwagandha, Guggulu","Ashwagandha, Guggulu","Shatavari (10ml), Warm water (200ml)","Shatavari (10ml), Warm water (200ml)","Vata, Kapha","Vata, Kapha",Vata-Prakriti,Vata-Prakriti,"Include nutrient-dense foods; avoid heavy, processed foods.","Include nutrient-dense foods; avoid heavy, processed foods.",None specific,None specific,"Physical Therapy, Surgery","Physical Therapy, Surgery","Genetic Counseling, Early Diagnosis","Genetic Counseling, Early Diagnosis",Managed with Care,Managed with Care,"Joint Deformities, Growth Delay","Joint Deformities, Growth Delay","Regular Monitoring, Supportive Care","Regular Monitoring, Supportive Care",desbuquois dysplasia,"[""short stature"", ""joint contractures"", ""skeletal dysplasia""]",3,1,0,1,"[""allergies_food_env""]"
kp_0091,Diabetes,Diabetes,मधुमेह,मधुमेह,मधुमेह,मधुमेह,"Frequent urination, excessive thirst, fatigue","Frequent urination, excessive thirst, fatigue","Blood Glucose Test, A1C Test","Blood Glucose Test, A1C Test",Severe,severe,Lifelong,Lifelong,"Family history, Obesity, Sedentary lifestyle","Family history, Obesity, Sedentary lifestyle","Insulin, Oral hypoglycemics","Insulin, Oral hypoglycemics","Obesity, Family History, Age","Obesity, Family History, Age","High sugar intake, Lack of exercise","High sugar intake, Lack of exercise",Irregular Sleep,irregular sleep,High Stress,high stress,Low,low,Family history of diabetes,Family history of diabetes,"Low-carb, High-fiber","Low-carb, High-fiber",None,,All seasons,all seasons,40-70 years,40-70 years,Both genders,all genders,Sedentary lifestyle,Sedentary lifestyle,Avoids sugary foods,Avoids sugary foods,"Cinnamon, Fenugreek","Cinnamon, Fenugreek","Bitter Melon, Fenugreek","Bitter Melon, Fenugreek",Fenugreek (3g daily),Fenugreek (3g daily),"Kapha, Pitta","Pitta, Kapha",Kapha-Pitta,Kapha-Pitta,Avoid sugary foods; include bitter gourd and neem in the diet.,Avoid sugary foods; include bitter gourd and neem in the diet.,Yoga for Blood Sugar Control,Yoga for Blood Sugar Control,"Insulin, Oral Medications","Insulin, Oral Medications","Healthy Diet, Regular Exercise","Healthy Diet, Regular Exercise",Can be Managed with Treatment,Can be Managed with Treatment,"Heart Disease, Kidney Failure","Heart Disease, Kidney Failure","Regular Monitoring, Healthy Lifestyle","Regular Monitoring, Healthy Lifestyle",diabetes,"[""frequent urination"", ""excessive thirst"", ""fatigue""]",3,0,1,1,"[""allergies_food_env""]"
kp_0092,Diabetes Mellitus Type 1 and Type 2,Diabetes Mellitus Type 1 and Type 2,मधुमेह प्रकार 1 और प्रकार 2,मधुमेह प्रकार 1 और प्रकार 2,मधुमेह प्रकार 1 आणि प्रकार 2,मधुमेह प्रकार 1 आणि प्रकार 2,"Increased thirst, frequent urination, fatigue","Increased thirst, frequent urination, fatigue","Blood Glucose Test, A1C Test","Blood Glucose Test, A1C Test",Severe,severe,Lifelong,Lifelong,"Genetic (Type 1), Obesity (Type 2)","Genetic (Type 1), Obesity (Type 2)","Insulin (Type 1), Metformin (Type 2)","Insulin (Type 1), Metformin (Type 2)","Genetic Factors, Obesity, Age","Genetic Factors, Obesity, Age","High sugar intake, Lack of exercise","High sugar intake, Lack of exercise",Irregular Sleep,irregular sleep,High Stress,high stress,Low,low,Family history of diabetes,Family history of diabetes,"Low-carb, High-fiber","Low-carb, High-fiber",None,,All seasons,all seasons,10-70 years,10-70 years,Both genders,all genders,Sedentary lifestyle,Sedentary lifestyle,Avoids sugary foods,Avoids sugary foods,"Cinnamon, Fenugreek","Cinnamon, Fenugreek","Bitter Melon, Gymnema Sylvestre","Bitter Melon, Gymnema Sylvestre","Bitter gourd (50ml), Water (200ml)","Bitter gourd (50ml), Water (200ml)",Kapha,Kapha,Kapha-Prakriti,Kapha-Prakriti,Avoid refined sugars; include high-fiber foods and exercise regularly.,Avoid refined sugars; include high-fiber foods and exercise regularly.,Yoga for Blood Sugar Control,Yoga for Blood Sugar Control,"Insulin, Oral Medications","Insulin, Oral Medications","Healthy Diet, Regular Exercise","Healthy Diet, Regular Exercise",Can be Managed with Treatment,Can be Managed with Treatment,"Heart Disease, Kidney Failure","Heart Disease, Kidney Failure","Regular Monitoring, Healthy Lifestyle","Regular Monitoring, Healthy Lifestyle",diabetes mellitus type 1 and type 2,"[""increased thirst"", ""frequent urination"", ""fatigue""]",3,0,0,1,"[""allergies_food_env""]"
kp_0093,Digestive Disorders,Digestive Disorders,पाचन संबंधित रोग,पाचन संबंधित रोग,पचनाशी संबंधित विकार,पचनाशी संबंधित विकार,"Bloating, nausea, indigestion, discomfort after eating","Bloating, nausea, indigestion, discomfort after eating","Physical Exam, Endoscopy, Stool Test","Physical Exam, Endoscopy, Stool Test",Moderate to Severe,moderate to severe,2-4 weeks to lifelong,2-4 weeks to lifelong,"Poor diet, Stress, Irritable bowel syndrome","Poor diet, Stress, Irritable bowel syndrome","Antacids, Laxatives","Antacids, Laxatives","Poor Diet, Stress, Infections","Poor Diet, Stress, Infections","Poor diet, Stress","Poor diet, Stress",Irregular Sleep,irregular sleep,High Stress,high stress,Low,low,Family history of gastrointestinal issues,Family history of gastrointestinal issues,"Low-fiber, High-fat","Low-fiber, High-fat","Dairy, Gluten","Dairy, Gluten",All seasons,all seasons,All ages,all ages,Both genders,all genders,"Sedentary, High-stress jobs","Sedentary, High-stress jobs",Avoids spicy foods,Avoids spicy foods,"Peppermint, Ginger","Peppermint, Ginger","Triphala, Ginger","Triphala, Ginger","Ajwain (1 tsp), Warm water (200ml)","Ajwain (1 tsp), Warm water (200ml)","Pitta, Vata","Vata, Pitta",Pitta-Vata,Pitta-Vata,"Avoid fried and greasy foods; eat small, frequent meals.","Avoid fried and greasy foods; eat small, frequent meals.",Yoga for Digestive Health,Yoga for Digestive Health,"Medications, Dietary Changes","Medications, Dietary Changes","Healthy Diet, Stress Management","Healthy Diet, Stress Management",Can be Managed with Treatment,Can be Managed with Treatment,"Constipation, Ulcers","Constipation, Ulcers","Healthy Diet, Stress Management","Healthy Diet, Stress Management",digestive disorders,"[""bloating"", ""nausea"", ""indigestion"", ""discomfort after eating""]",4,1,1,0,[]
kp_0094,Dihydropyrimidine Dehydrogenase Deficiency,Dihydropyrimidine Dehydrogenase Deficiency,डायहाइड्रॉपाइरीमिडाइन डिहाइड्रोजनेज कमी,डायहाइड्रॉपाइरीमिडाइन डिहाइड्रोजनेज कमी,डायहाइड्रॉपाइरीमिडाइन डिहाइड्रोजनेज कमी,डायहाइड्रॉपाइरीमिडाइन डिहाइड्रोजनेज कमी,"Diarrhea, mouth sores, high blood pressure","Diarrhea, mouth sores, high blood pressure","Genetic Testing, Urine Tests","Genetic Testing, Urine Tests",Severe,severe,Lifelong,Lifelong,"Genetic, Metabolic disorder","Genetic, Metabolic disorder",Supportive care,Supportive care,Genetic Mutation,Genetic Mutation,"Genetic mutation, Metabolic imbalance","Genetic mutation, Metabolic imbalance",Irregular Sleep,irregular sleep,High Stress,high stress,Low,low,Family history of metabolic disorders,Family history of metabolic disorders,"Low-protein, High-calcium","Low-protein, High-calcium",None,,All seasons,all seasons,Childhood,childhood,Both genders,all genders,"Special care, Home care","Special care, Home care",Avoids high-protein foods,Avoids high-protein foods,None specific,None specific,None specific,None specific,"Brahmi (2g), Warm water (200ml)","Brahmi (2g), Warm water (200ml)",Pitta,Pitta,Pitta-Prakriti,Pitta-Prakriti,Avoid stress; drink herbal teas like chamomile.,Avoid stress; drink herbal teas like chamomile.,None specific,None specific,"Chemotherapy, Vitamin Therapy","Chemotherapy, Vitamin Therapy","Genetic Counseling, Early Diagnosis","Genetic Counseling, Early Diagnosis",Managed with Treatment,Managed with Treatment,"Seizures, Neurological Impairments","Seizures, Neurological Impairments","Regular Monitoring, Vitamin Supplements","Regular Monitoring, Vitamin Supplements",dihydropyrimidine dehydrogenase deficiency,"[""diarrhea"", ""mouth sores"", ""high blood pressure""]",3,0,1,0,"[""allergies_food_env""]"
kp_0095,Diphtheria,Diphtheria,काली खांसी,काली खांसी,काली खोकला,काली खोकला,"Sore throat, fever, difficulty breathing","Sore throat, fever, difficulty breathing","Throat Culture, Blood Tests","Throat Culture, Blood Tests",Severe,severe,2-4 weeks,2-4 weeks,"Bacterial infection, Lack of vaccination","Bacterial infection, Lack of vaccination","Antibiotics, Vaccination","Antibiotics, Vaccination","Lack of Vaccination, Poor Hygiene","Lack of Vaccination, Poor Hygiene",Exposure to infected individuals,Exposure to infected individuals,Irregular Sleep,irregular sleep,Moderate Stress,moderate stress,Low,low,No family history,No family history,"Balanced, High-protein","Balanced, High-protein",None,,"Winter, Cold season","winter, cold season",All ages,all ages,Both genders,all genders,Poor sanitation areas,Poor sanitation areas,Avoids close contact,Avoids close contact,None specific,None specific,None specific,None specific,"Turmeric (1/2 tsp), Milk (200ml)","Turmeric (1/ 2 tsp), Milk (200ml)","Kapha, Pitta","Pitta, Kapha",Kapha-Pitta,Kapha-Pitta,Avoid cold foods; drink warm herbal teas and soups.,Avoid cold foods; drink warm herbal teas and soups.,None specific,None specific,"Antibiotics, Antitoxins","Antibiotics, Antitoxins","Vaccination, Hygiene Practices","Vaccination, Hygiene Practices",Can be Managed with Treatment,Can be Managed with Treatment,"Heart Failure, Respiratory Distress","Heart Failure, Respiratory Distress","Regular Vaccination, Hygiene","Regular Vaccination, Hygiene",diphtheria,"[""sore throat"", ""fever"", ""difficulty breathing""]",3,0,1,1,"[""allergies_food_env""]"
kp_0096,Down Syndrome,Down Syndrome,डाउन सिंड्रोम,डाउन सिंड्रोम,डाउन सिंड्रोम,डाउन सिंड्रोम,"Developmental delays, intellectual disability","Developmental delays, intellectual disability","Genetic Testing, Physical Exam","Genetic Testing, Physical Exam",Severe,severe,Lifelong,Lifelong,"Genetic, Chromosomal disorder","Genetic, Chromosomal disorder","Supportive care, Therapies","Supportive care, Therapies",Genetic Mutation,Genetic Mutation,Genetic mutation,Genetic mutation,Irregular Sleep,irregular sleep,Moderate Stress,moderate stress,Low,low,Family history of genetic disorders,Family history of genetic disorders,"Balanced, High-calcium","Balanced, High-calcium",None,,All seasons,all seasons,Childhood,childhood,Both genders,all genders,"Special care, Home care","Special care, Home care",Avoids high-protein foods,Avoids high-protein foods,None specific,None specific,"Brahmi, Ashwagandha","Brahmi, Ashwagandha","Brahmi (2g), Warm water (200ml)","Brahmi (2g), Warm water (200ml)","Vata, Pitta","Vata, Pitta",Vata-Prakriti,Vata-Prakriti,"Provide a balanced, nutrient-dense diet; include sensory stimulation.","Provide a balanced, nutrient-dense diet; include sensory stimulation.","Gentle Physical Therapy, Stretching","Gentle Physical Therapy, Stretching","Early Intervention, Surgery","Early Intervention, Surgery","Genetic Counseling, Early Diagnosis","Genetic Counseling, Early Diagnosis",Can be Managed with Care,Can be Managed with Care,"Heart Defects, Developmental Delay","Heart Defects, Developmental Delay","Regular Monitoring, Early Intervention","Regular Monitoring, Early Intervention",down syndrome,"[""developmental delays"", ""intellectual disability""]",2,1,1,0,"[""allergies_food_env""]"
kp_0097,Dracunculiasis,Dracunculiasis,ड्रैक्युन्कुलियासिस,ड्रैक्युन्कुलियासिस,ड्रैक्युन्कुलियासिस,ड्रैक्युन्कुलियासिस,"Painful ulcers, fever, nausea","Painful ulcers, fever, nausea","Skin Examination, Stool Test","Skin Examination, Stool Test",Severe,severe,1-2 months,1-2 months,Parasitic infection,Parasitic infection,Antiparasitic drugs,Antiparasitic drugs,"Contaminated Water, Poor Sanitation","Contaminated Water, Poor Sanitation","Contaminated water, Poor hygiene","Contaminated water, Poor hygiene",Irregular Sleep,irregular sleep,High Stress,high stress,Low,low,No family history,No family history,"Balanced, High-protein","Balanced, High-protein",None,,"Summer, Rainy season","summer, rainy season",All ages,all ages,Both genders,all genders,Poor sanitation areas,Poor sanitation areas,Avoids unclean water,Avoids unclean water,None specific,None specific,None specific,None specific,"Neem leaves (5-6), Water (as needed)","Neem leaves (5-6), Water (as needed)",Kapha,Kapha,Kapha-Prakriti,Kapha-Prakriti,Maintain proper hygiene; avoid contaminated water.,Maintain proper hygiene; avoid contaminated water.,None specific,None specific,"Surgery, Antimicrobial Medications","Surgery, Antimicrobial Medications","Safe Water Practices, Hygiene","Safe Water Practices, Hygiene",Can be Managed with Treatment,Can be Managed with Treatment,"Secondary Infections, Shock","Secondary Infections, Shock","Safe Water, Hygiene Practices","Safe Water, Hygiene Practices",dracunculiasis,"[""painful ulcers"", ""fever"", ""nausea""]",3,0,0,1,"[""allergies_food_env""]"
kp_0098,Duchenne Muscular Dystrophy,Duchenne Muscular Dystrophy,डुशेन मस्कुलर डिस्ट्रोफी,डुशेन मस्कुलर डिस्ट्रोफी,डुशेन मस्कुलर डिस्ट्रोफी,डुशेन मस्कुलर डिस्ट्रोफी,"Muscle weakness, difficulty walking","Muscle weakness, difficulty walking","Genetic Testing, Muscle Biopsy","Genetic Testing, Muscle Biopsy",Severe,severe,Lifelong,Lifelong,"Genetic, Muscle degeneration","Genetic, Muscle degeneration","Supportive care, Physiotherapy","Supportive care, Physiotherapy","Genetic Mutation, Family History","Genetic Mutation, Family History","Genetic mutation, Muscle weakness","Genetic mutation, Muscle weakness",Irregular Sleep,irregular sleep,High Stress,high stress,Low,low,Family history of muscular disorders,Family history of muscular disorders,"High-calcium, Low-protein","High-calcium, Low-protein",None,,All seasons,all seasons,Childhood,childhood,Both genders,all genders,"Special care, Home care","Special care, Home care",Avoids high-protein foods,Avoids high-protein foods,None specific,None specific,"Ashwagandha, Guggulu","Ashwagandha, Guggulu","Shatavari (10ml), Ashwagandha (5g), Warm water","Shatavari (10ml), Ashwagandha (5g), Warm water","Vata, Pitta","Vata, Pitta",Vata-Prakriti,Vata-Prakriti,Include protein-rich foods; avoid excessive physical exertion.,Include protein-rich foods; avoid excessive physical exertion.,"Strengthening Exercises, Stretching","Strengthening Exercises, Stretching","Physical Therapy, Steroids","Physical Therapy, Steroids","Genetic Counseling, Early Diagnosis","Genetic Counseling, Early Diagnosis","Progressive, Managed with Therapy","Progressive, Managed with Therapy","Respiratory Failure, Heart Failure","Respiratory Failure, Heart Failure","Regular Monitoring, Physical Therapy","Regular Monitoring, Physical Therapy",duchenne muscular dystrophy,"[""muscle weakness"", ""difficulty walking""]",2,1,1,0,"[""allergies_food_env""]"
kp_0099,Dyggve-Melchior-Clausen Syndrome,Dyggve-Melchior-Clausen Syndrome,डाईगवे-मेलचिओर-क्लॉसन सिंड्रोम,डाईगवे-मेलचिओर-क्लॉसन सिंड्रोम,डाईगवे-मेलचिओर-क्लॉसन सिंड्रोम,डाईगवे-मेलचिओर-क्लॉसन सिंड्रोम,"Developmental delays, skeletal deformities","Developmental delays, skeletal deformities","Genetic Testing, X-ray","Genetic Testing, X-ray",Severe,severe,Lifelong,Lifelong,"Genetic, Skeletal disorder","Genetic, Skeletal disorder",Supportive care,Supportive care,Genetic Mutation,Genetic Mutation,"Genetic mutation, Physical deformities","Genetic mutation, Physical deformities",Irregular sleep,irregular sleep,Moderate stress,moderate stress,Low,low,Family history of genetic disorders,Family history of genetic disorders,"Low-protein, High-calcium","Low-protein, High-calcium",None,,All seasons,all seasons,Childhood,childhood,Both genders,all genders,"Special care, Home care","Special care, Home care",Avoids high-protein foods,Avoids high-protein foods,None specific,None specific,None specific,None specific,"Shatavari (10ml), Warm water (200ml)","Shatavari (10ml), Warm water (200ml)","Vata, Kapha","Vata, Kapha",Vata-Prakriti,Vata-Prakriti,"Avoid cold foods; provide a balanced, nutritious diet.","Avoid cold foods; provide a balanced, nutritious diet.",None specific,None specific,"Physical Therapy, Surgery","Physical Therapy, Surgery","Genetic Counseling, Early Diagnosis","Genetic Counseling, Early Diagnosis",Managed with Therapy,Managed with Therapy,"Growth Delays, Intellectual Impairment","Growth Delays, Intellectual Impairment","Regular Monitoring, Supportive Care","Regular Monitoring, Supportive Care",dyggve melchior clausen syndrome,"[""developmental delays"", ""skeletal deformities""]",2,1,0,1,"[""allergies_food_env""]"
kp_0100,Ebola,Ebola,इबोला,इबोला,इबोला,इबोला,"High fever, vomiting, diarrhea, hemorrhage","High fever, vomiting, diarrhea, hemorrhage","Blood Test, PCR Test","Blood Test, PCR Test",Severe,severe,2-4 weeks,2-4 weeks,"Viral infection, Exposure","Viral infection, Exposure",Antiviral medications,Antiviral medications,Contact with Infected Body Fluids,Contact with Infected Body Fluids,Exposure to infected individuals,Exposure to infected individuals,Irregular sleep,irregular sleep,High stress,high stress,Low,low,No family history,No family history,"Balanced, High-protein","Balanced, High-protein",None,,All seasons,all seasons,All ages,all ages,Both genders,all genders,Poor sanitation areas,Poor sanitation areas,Avoids close contact,Avoids close contact,None specific,None specific,None specific,None specific,"Giloy (3g), Neem (2g), Warm water (200ml)","Giloy (3g), Neem (2g), Warm water (200ml)",Pitta,Pitta,Pitta-Prakriti,Pitta-Prakriti,Avoid direct contact with infected individuals; practice hygiene.,Avoid direct contact with infected individuals; practice hygiene.,None specific,None specific,"Antiviral Medications, Supportive Care","Antiviral Medications, Supportive Care",Avoid Contact with Infected Individuals,Avoid Contact with Infected Individuals,Can be Managed with Treatment,Can be Managed with Treatment,"Organ Failure, Hemorrhaging","Organ Failure, Hemorrhaging","Protective Measures, Early Detection","Protective Measures, Early Detection",ebola,"[""high fever"", ""vomiting"", ""diarrhea"", ""hemorrhage""]",4,0,1,0,"[""allergies_food_env""]"
kp_0101,Ebola Virus,Ebola Virus,इबोला वायरस,इबोला वायरस,इबोला व्हायरस,इबोला व्हायरस,"Fever, chills, weakness, hemorrhaging","Fever, chills, weakness, hemorrhaging","Blood Test, PCR Test","Blood Test, PCR Test",Severe,severe,2-4 weeks,2-4 weeks,"Viral infection, Exposure","Viral infection, Exposure",Antiviral medications,Antiviral medications,Contact with Infected Body Fluids,Contact with Infected Body Fluids,Exposure to infected individuals,Exposure to infected individuals,Irregular sleep,irregular sleep,High stress,high stress,Low,low,No family history,No family history,"Balanced, High-protein","Balanced, High-protein",None,,All seasons,all seasons,All ages,all ages,Both genders,all genders,Poor sanitation areas,Poor sanitation areas,Avoids close contact,Avoids close contact,None specific,None specific,None specific,None specific,"Tulsi (3g), Giloy (2g), Warm water (200ml)","Tulsi (3g), Giloy (2g), Warm water (200ml)","Pitta, Kapha","Pitta, Kapha",Kapha-Pitta,Kapha-Pitta,Practice good hygiene; avoid direct contact with infected individuals.,Practice good hygiene; avoid direct contact with infected individuals.,None specific,None specific,"Antiviral Medications, Supportive Care","Antiviral Medications, Supportive Care",Avoid Contact with Infected Individuals,Avoid Contact with Infected Individuals,Can be Managed with Treatment,Can be Managed with Treatment,"Organ Failure, Hemorrhaging","Organ Failure, Hemorrhaging","Protective Measures, Early Detection","Protective Measures, Early Detection",ebola virus,"[""fever"", ""chills"", ""weakness"", ""hemorrhaging""]",4,0,1,1,"[""allergies_food_env""]"
kp_0102,Echinococcosis,Echinococcosis,एकिनोकोकोसिस,एकिनोकोकोसिस,एकिनोकोकोसिस,एकिनोकोकोसिस,"Abdominal pain, nausea, liver cysts","Abdominal pain, nausea, liver cysts","Blood Tests, Imaging (CT, MRI)","Blood Tests, Imaging (CT, MRI)",Severe,severe,3-6 months,3-6 months,"Parasitic infection, Poor hygiene","Parasitic infection, Poor hygiene",Antiparasitic drugs,Antiparasitic drugs,Consumption of Contaminated Food,Consumption of Contaminated Food,"Contaminated water, Poor sanitation","Contaminated water, Poor sanitation",Irregular sleep,irregular sleep,High stress,high stress,Low,low,No family history,No family history,"Low-protein, High-calcium","Low-protein, High-calcium",None,,All seasons,all seasons,All ages,all ages,Both genders,all genders,Poor sanitation areas,Poor sanitation areas,Avoids undercooked meat,Avoids undercooked meat,None specific,None specific,"Neem, Amla","Neem, Amla","Triphala (1 tsp), Warm water (200ml)","Triphala (1 tsp), Warm water (200ml)",Kapha,Kapha,Kapha-Prakriti,Kapha-Prakriti,Avoid raw meat; include fiber-rich foods in the diet.,Avoid raw meat; include fiber-rich foods in the diet.,None specific,None specific,"Surgery, Antiparasitic Medication","Surgery, Antiparasitic Medication","Safe Food Practices, Hygiene","Safe Food Practices, Hygiene",Can be Managed with Treatment,Can be Managed with Treatment,"Organ Damage, Cyst Rupture","Organ Damage, Cyst Rupture","Avoid Contaminated Food, Regular Checkups","Avoid Contaminated Food, Regular Checkups",echinococcosis,"[""abdominal pain"", ""nausea"", ""liver cysts""]",3,0,0,1,"[""allergies_food_env""]"
kp_0103,Eczema (Atopic Dermatitis),Eczema (Atopic Dermatitis),एक्जिमा (एटोपिक डर्माटाइटिस),एक्जिमा (एटोपिक डर्माटाइटिस),एक्जिमा (एटोपिक डर्माटाइटिस),एक्जिमा (एटोपिक डर्माटाइटिस),"Itchy skin, red rashes, inflammation","Itchy skin, red rashes, inflammation","Physical Exam, Skin Biopsy","Physical Exam, Skin Biopsy",Moderate to Severe,moderate to severe,2-4 weeks to lifelong,2-4 weeks to lifelong,"Allergies, Genetic","Allergies, Genetic",Topical corticosteroids,Topical corticosteroids,"Family History, Allergies, Dry Skin","Family History, Allergies, Dry Skin","Allergens, Irritants, Climate changes","Allergens, Irritants, Climate changes",Poor sleep,poor sleep,Moderate stress,moderate stress,Low,low,Family history of eczema,Family history of eczema,"High-moisture, Hypoallergenic","High-moisture, Hypoallergenic","Dust, Pollen","Dust, Pollen","Seasonal, Dry season","seasonal, dry season",Childhood,childhood,Both genders,all genders,High stress jobs,High stress jobs,Avoids harsh chemicals,Avoids harsh chemicals,"Aloe Vera, Oatmeal","Aloe Vera, Oatmeal","Neem, Aloe Vera","Neem, Aloe Vera",Fresh Aloe vera gel (apply as needed),Fresh Aloe vera gel (apply as needed),Pitta,Pitta,Pitta-Prakriti,Pitta-Prakriti,Avoid allergens; apply moisturizing creams and use mild soaps.,Avoid allergens; apply moisturizing creams and use mild soaps.,"Skin Care, Stress Reduction","Skin Care, Stress Reduction","Topical Steroids, Moisturizers","Topical Steroids, Moisturizers","Avoid Irritants, Moisturize Skin","Avoid Irritants, Moisturize Skin",Can be Managed with Treatment,Can be Managed with Treatment,"Infections, Scarring","Infections, Scarring","Regular Skin Care, Avoid Irritants","Regular Skin Care, Avoid Irritants",eczema atopic dermatitis,"[""itchy skin"", ""red rashes"", ""inflammation""]",3,0,1,0,[]
kp_0104,Emphysema,Emphysema,इम्फीसिमा,इम्फीसिमा,इम्फीसिमा,इम्फीसिमा,"Shortness of breath, chronic cough","Shortness of breath, chronic cough","Chest X-ray, CT Scan, Pulmonary Function Test","Chest X-ray, CT Scan, Pulmonary Function Test",Severe,severe,Lifelong,Lifelong,"Smoking, Respiratory conditions","Smoking, Respiratory conditions","Bronchodilators, Steroids","Bronchodilators, Steroids","Smoking, Air Pollution","Smoking, Air Pollution","Smoking, Air pollution","Smoking, Air pollution",Irregular sleep,irregular sleep,High stress,high stress,Low,low,Family history of respiratory issues,Family history of respiratory issues,"Low-sodium, High-fiber","Low-sodium, High-fiber",None,,"Winter, Cold season","winter, cold season",40-80 years,40-80 years,Both genders,all genders,"Sedentary, Pollution areas","Sedentary, Pollution areas",Avoids smoking,Avoids smoking,None specific,None specific,None specific,None specific,"Mulethi (3g), Tulsi (2g), Warm water (200ml)","Mulethi (3g), Tulsi (2g), Warm water (200ml)","Kapha, Vata","Vata, Kapha",Kapha-Prakriti,Kapha-Prakriti,Avoid smoking; perform breathing exercises and consume light meals.,Avoid smoking; perform breathing exercises and consume light meals.,"Breathing Exercises, Physical Therapy","Breathing Exercises, Physical Therapy","Oxygen Therapy, Surgery, Medications","Oxygen Therapy, Surgery, Medications","Quit Smoking, Avoid Pollutants","Quit Smoking, Avoid Pollutants",Can be Managed with Medication,Can be Managed with Medication,"Respiratory Failure, Lung Infections","Respiratory Failure, Lung Infections","Regular Monitoring, Quit Smoking","Regular Monitoring, Quit Smoking",emphysema,"[""shortness of breath"", ""chronic cough""]",2,1,0,1,"[""allergies_food_env""]"
kp_0105,Endometriosis,Endometriosis,एंडोमेट्रियोसिस,एंडोमेट्रियोसिस,एंडोमेट्रियोसिस,एंडोमेट्रियोसिस,"Pelvic pain, heavy periods, pain during intercourse","Pelvic pain, heavy periods, pain during intercourse","Laparoscopy, Ultrasound, Blood Tests","Laparoscopy, Ultrasound, Blood Tests",Moderate to Severe,moderate to severe,Lifelong,Lifelong,"Hormonal imbalance, Genetic","Hormonal imbalance, Genetic","Pain relievers, Hormonal treatment","Pain relievers, Hormonal treatment","Family History, Retrograde Menstruation","Family History, Retrograde Menstruation","Hormonal changes, Stress","Hormonal changes, Stress",Irregular sleep,irregular sleep,High stress,high stress,Moderate,moderate,Family history of endometriosis,Family history of endometriosis,"Balanced, Low-fat","Balanced, Low-fat",None,,All seasons,all seasons,20-40 years,20-40 years,Female,female,"Stressful jobs, Sedentary","Stressful jobs, Sedentary",Avoids high-fat foods,Avoids high-fat foods,None specific,None specific,"Ashwagandha, Shatavari","Ashwagandha, Shatavari","Ashwagandha (5g), Warm milk (200ml)","Ashwagandha (5g), Warm milk (200ml)","Vata, Pitta","Vata, Pitta",Vata-Prakriti,Vata-Prakriti,Avoid spicy foods; include anti-inflammatory foods like turmeric.,Avoid spicy foods; include anti-inflammatory foods like turmeric.,"Yoga for Pelvic Health, Relaxation","Yoga for Pelvic Health, Relaxation","Surgery, Hormonal Therapy","Surgery, Hormonal Therapy","Early Diagnosis, Pain Management","Early Diagnosis, Pain Management",Can be Managed with Treatment,Can be Managed with Treatment,"Infertility, Chronic Pain","Infertility, Chronic Pain","Pain Management, Stress Reduction","Pain Management, Stress Reduction",endometriosis,"[""pelvic pain"", ""heavy periods"", ""pain during intercourse""]",3,1,1,0,"[""allergies_food_env""]"
kp_0106,Enterobiasis,Enterobiasis,एंटरोबायसिस,एंटरोबायसिस,एंटरोबायसिस,एंटरोबायसिस,"Itchy anus, digestive discomfort","Itchy anus, digestive discomfort","Stool Test, Pinworm Tape Test","Stool Test, Pinworm Tape Test",Moderate,moderate,1-2 weeks,1-2 weeks,Parasitic infection,Parasitic infection,Antiparasitic medications,Antiparasitic medications,"Poor Hygiene, Contaminated Food","Poor Hygiene, Contaminated Food","Contaminated food, Poor hygiene","Contaminated food, Poor hygiene",Irregular sleep,irregular sleep,Low stress,low stress,Low,low,No family history,No family history,"Balanced, High-protein","Balanced, High-protein",None,,All seasons,all seasons,All ages,all ages,Both genders,all genders,Poor sanitation areas,Poor sanitation areas,Avoids unclean water,Avoids unclean water,None specific,None specific,None specific,None specific,"Garlic (2 cloves), Ginger (1g), Warm water (200ml)","Garlic (2 cloves), Ginger (1g), Warm water (200ml)","Vata, Pitta","Vata, Pitta",Pitta-Prakriti,Pitta-Prakriti,Maintain hygiene; avoid sugary foods and consume fiber-rich meals.,Maintain hygiene; avoid sugary foods and consume fiber-rich meals.,None specific,None specific,Anthelmintic Medications,Anthelmintic Medications,"Regular Handwashing, Clean Living","Regular Handwashing, Clean Living",Can be Managed with Medication,Can be Managed with Medication,"Abdominal Pain, Itching","Abdominal Pain, Itching","Good Hygiene, Clean Environment","Good Hygiene, Clean Environment",enterobiasis,"[""itchy anus"", ""digestive discomfort""]",2,1,1,0,"[""allergies_food_env""]"
kp_0107,Epilepsy,Epilepsy,मिर्गी,मिर्गी,मिर्गी,मिर्गी,"Seizures, confusion, loss of consciousness","Seizures, confusion, loss of consciousness","EEG, MRI, CT Scan","EEG, MRI, CT Scan",Severe,severe,Lifelong,Lifelong,"Neurological, Genetic","Neurological, Genetic",Antiepileptic drugs,Antiepileptic drugs,"Genetic Factors, Brain Injury","Genetic Factors, Brain Injury","Family history, Triggers like stress","Family history, Triggers like stress",Irregular sleep,irregular sleep,High stress,high stress,Low,low,Family history of epilepsy,Family history of epilepsy,"Balanced, High-protein","Balanced, High-protein",None,,All seasons,all seasons,All ages,all ages,Both genders,all genders,"Sedentary, High-stress jobs","Sedentary, High-stress jobs",Avoids triggers,Avoids triggers,None specific,None specific,"Brahmi, Ashwagandha","Brahmi, Ashwagandha","Brahmi (2g), Warm water (200ml)","Brahmi (2g), Warm water (200ml)",Vata,Vata,Vata-Prakriti,Vata-Prakriti,Avoid excessive screen time; practice mindfulness and yoga.,Avoid excessive screen time; practice mindfulness and yoga.,"Relaxation, Mindfulness","Relaxation, Mindfulness",Antiepileptic Drugs,Antiepileptic Drugs,"Avoid Triggers, Medication Adherence","Avoid Triggers, Medication Adherence",Can be Managed with Medication,Can be Managed with Medication,"Seizures, Cognitive Impairment","Seizures, Cognitive Impairment","Regular Monitoring, Medication","Regular Monitoring, Medication",epilepsy,"[""seizures"", ""confusion"", ""loss of consciousness""]",3,1,0,0,"[""allergies_food_env""]"
kp_0108,Fascioliasis,Fascioliasis,फासियोलियासिस,फासियोलियासिस,फासियोलियासिस,फासियोलियासिस,"Abdominal pain, fever, nausea, liver swelling","Abdominal pain, fever, nausea, liver swelling","Blood Tests, Stool Test, Imaging","Blood Tests, Stool Test, Imaging",Severe,severe,1-3 months,1-3 months,Parasitic infection,Parasitic infection,Antiparasitic medications,Antiparasitic medications,Consumption of Contaminated Food,Consumption of Contaminated Food,"Contaminated water, Poor sanitation","Contaminated water, Poor sanitation",Irregular sleep,irregular sleep,High stress,high stress,Low,low,No family history,No family history,"Low-protein, High-calcium","Low-protein, High-calcium",None,,All seasons,all seasons,All ages,all ages,Both genders,all genders,Poor sanitation areas,Poor sanitation areas,Avoids unclean water,Avoids unclean water,None specific,None specific,None specific,None specific,"Kutki (3g), Warm water (200ml)","Kutki (3g), Warm water (200ml)","Pitta, Kapha","Pitta, Kapha",Kapha-Prakriti,Kapha-Prakriti,Avoid raw water or food; consume light meals and stay hydrated.,Avoid raw water or food; consume light meals and stay hydrated.,None specific,None specific,Anthelmintic Medications,Anthelmintic Medications,"Safe Food Practices, Hygiene","Safe Food Practices, Hygiene",Can be Managed with Treatment,Can be Managed with Treatment,"Liver Damage, Abdominal Pain","Liver Damage, Abdominal Pain","Safe Food, Regular Monitoring","Safe Food, Regular Monitoring",fascioliasis,"[""abdominal pain"", ""fever"", ""nausea"", ""liver swelling""]",4,0,1,1,"[""allergies_food_env""]"
kp_0109,Fever,Fever,बुखार,बुखार,ताप,ताप,"High temperature, chills, sweating","High temperature, chills, sweating","Physical Exam, Blood Tests","Physical Exam, Blood Tests",Mild to Severe,mild to severe,3-5 days,3-5 days,"Viral, Bacterial infections","Viral, Bacterial infections","Antipyretics, Antibiotics","Antipyretics, Antibiotics","Infections, Heat, Inflammation","Infections, Heat, Inflammation","Infections, Seasonal changes","Infections, Seasonal changes",Irregular sleep,irregular sleep,Moderate stress,moderate stress,Low,low,Family history of infections,Family history of infections,"Balanced, Hydrating foods","Balanced, Hydrating foods",None,,All seasons,all seasons,All ages,all ages,Both genders,all genders,Sedentary lifestyle,Sedentary lifestyle,Avoids excessive heat,Avoids excessive heat,"Ginger, Peppermint","Ginger, Peppermint","Turmeric, Ginger","Turmeric, Ginger","Tulsi (5g), Warm water (200ml)","Tulsi (5g), Warm water (200ml)",Pitta,Pitta,Pitta-Prakriti,Pitta-Prakriti,Stay hydrated; include cooling foods like coconut water and fruits.,Stay hydrated; include cooling foods like coconut water and fruits.,"Rest, Hydration, Breathing Exercises","Rest, Hydration, Breathing Exercises","Antipyretics, Fluids","Antipyretics, Fluids","Hydration, Rest","Hydration, Rest",Usually resolves with Treatment,Usually resolves with Treatment,"Dehydration, Infections","Dehydration, Infections","Rest, Hydration","Rest, Hydration",fever,"[""high temperature"", ""chills"", ""sweating""]",3,0,1,0,"[""allergies_food_env""]"
kp_0110,Fibromyalgia,Fibromyalgia,फाइब्रोमाइल्जिया,फाइब्रोमाइल्जिया,फाइब्रोमाइल्जिया,फाइब्रोमाइल्जिया,"Chronic pain, fatigue, sleep disturbances","Chronic pain, fatigue, sleep disturbances","Physical Exam, Pain Evaluation","Physical Exam, Pain Evaluation",Moderate to Severe,moderate to severe,Lifelong,Lifelong,"Chronic pain, Stress","Chronic pain, Stress","Pain relievers, Antidepressants","Pain relievers, Antidepressants","Stress, Genetics, Infections","Stress, Genetics, Infections","Stress, Cold, Overexertion","Stress, Cold, Overexertion",Irregular sleep,irregular sleep,High stress,high stress,Low,low,Family history of fibromyalgia,Family history of fibromyalgia,"Balanced, Anti-inflammatory","Balanced, Anti-inflammatory",None,,All seasons,all seasons,30-60 years,30-60 years,Both genders,all genders,"Sedentary, Stressful jobs","Sedentary, Stressful jobs",Avoids triggers,Avoids triggers,None specific,None specific,"Ashwagandha, Guggulu","Ashwagandha, Guggulu","Ashwagandha (5g), Warm water (200ml)","Ashwagandha (5g), Warm water (200ml)",Vata,Vata,Vata-Prakriti,Vata-Prakriti,Include anti-inflammatory foods like turmeric; avoid stress.,Include anti-inflammatory foods like turmeric; avoid stress.,"Yoga for Relaxation, Stretching","Yoga for Relaxation, Stretching","Pain Management, Antidepressants","Pain Management, Antidepressants","Stress Management, Exercise","Stress Management, Exercise",Managed with Medication,Managed with Medication,"Chronic Pain, Sleep Disorders","Chronic Pain, Sleep Disorders","Regular Exercise, Stress Management","Regular Exercise, Stress Management",fibromyalgia,"[""chronic pain"", ""fatigue"", ""sleep disturbances""]",3,1,0,0,"[""allergies_food_env""]"
kp_0111,Filariasis,Filariasis,फाइलेरिया,फाइलेरिया,फायलेरिया,फायलेरिया,"Swelling, fever, lymph node enlargement","Swelling, fever, lymph node enlargement","Blood Test, Ultrasound, Biopsy","Blood Test, Ultrasound, Biopsy",Severe,severe,1-2 months,1-2 months,"Parasitic infection, Mosquito bite","Parasitic infection, Mosquito bite",Antiparasitic medications,Antiparasitic medications,"Mosquito Bites, Poor Sanitation","Mosquito Bites, Poor Sanitation","Poor sanitation, Mosquito-prone areas","Poor sanitation, Mosquito-prone areas",Irregular sleep,irregular sleep,Moderate stress,moderate stress,Low,low,No family history,No family history,"Low-fat, High-protein","Low-fat, High-protein",None,,Rainy season,rainy season,All ages,all ages,Both genders,all genders,Poor sanitation areas,Poor sanitation areas,Avoids mosquito exposure,Avoids mosquito exposure,None specific,None specific,None specific,None specific,"Neem leaves (5-6), Water (as needed)","Neem leaves (5-6), Water (as needed)","Kapha, Pitta","Pitta, Kapha",Kapha-Prakriti,Kapha-Prakriti,Avoid stagnant water; maintain proper hygiene.,Avoid stagnant water; maintain proper hygiene.,None specific,None specific,Antifilarial Medications,Antifilarial Medications,"Mosquito Nets, Avoid Stagnant Water","Mosquito Nets, Avoid Stagnant Water",Can be Managed with Medication,Can be Managed with Medication,"Lymphedema, Elephantiasis","Lymphedema, Elephantiasis","Avoid Mosquito Bites, Clean Environment","Avoid Mosquito Bites, Clean Environment",filariasis,"[""swelling"", ""fever"", ""lymph node enlargement""]",3,0,1,1,"[""allergies_food_env""]"
kp_0112,Fragile X Syndrome,Fragile X Syndrome,फ्रैजाइल एक्स सिंड्रोम,फ्रैजाइल एक्स सिंड्रोम,फ्रैजाइल एक्स सिंड्रोम,फ्रैजाइल एक्स सिंड्रोम,"Developmental delays, intellectual disability","Developmental delays, intellectual disability","Genetic Testing, Physical Exam","Genetic Testing, Physical Exam",Moderate to Severe,moderate to severe,Lifelong,Lifelong,Genetic disorder,Genetic disorder,Supportive therapies,Supportive therapies,"Genetic Mutation, Family History","Genetic Mutation, Family History","Genetic, Family history","Genetic, Family history",Irregular sleep,irregular sleep,High stress,high stress,Low,low,Family history of Fragile X syndrome,Family history of Fragile X syndrome,"Balanced, Nutrient-rich","Balanced, Nutrient-rich",None,,All seasons,all seasons,Childhood,childhood,Both genders,all genders,"Special care, Home care","Special care, Home care",Avoids overstimulation,Avoids overstimulation,None specific,None specific,None specific,None specific,"Brahmi (2g), Warm water (200ml)","Brahmi (2g), Warm water (200ml)","Vata, Pitta","Vata, Pitta",Vata-Prakriti,Vata-Prakriti,Provide a balanced diet with omega-3 fatty acids; avoid processed foods.,Provide a balanced diet with omega-3 fatty acids; avoid processed foods.,None specific,None specific,"Behavioral Therapy, Supportive Care","Behavioral Therapy, Supportive Care","Genetic Counseling, Early Diagnosis","Genetic Counseling, Early Diagnosis",Managed with Therapy,Managed with Therapy,"Intellectual Impairment, Behavioral Issues","Intellectual Impairment, Behavioral Issues","Early Intervention, Supportive Care","Early Intervention, Supportive Care",fragile x syndrome,"[""developmental delays"", ""intellectual disability""]",2,1,1,0,"[""allergies_food_env""]"
kp_0113,Gallstones,Gallstones,पित्ताशय की पथरी,पित्ताशय की पथरी,गॅलस्टोन,गॅलस्टोन,"Abdominal pain, nausea, indigestion","Abdominal pain, nausea, indigestion","Ultrasound, Blood Tests","Ultrasound, Blood Tests",Moderate to Severe,moderate to severe,1-3 weeks,1-3 weeks,"Obesity, Fatty diet","Obesity, Fatty diet","Pain relievers, Surgery (if severe)","Pain relievers, Surgery (if severe)","Obesity, Age, High-fat Diet","Obesity, Age, High-fat Diet","Fatty diet, Obesity","Fatty diet, Obesity",Irregular sleep,irregular sleep,Moderate stress,moderate stress,Low,low,Family history of gallstones,Family history of gallstones,"Low-fat, High-fiber","Low-fat, High-fiber",None,,All seasons,all seasons,40-60 years,40-60 years,Both genders,all genders,Sedentary lifestyle,Sedentary lifestyle,Avoids high-fat foods,Avoids high-fat foods,None specific,None specific,None specific,None specific,"Triphala (1 tsp), Warm water (200ml)","Triphala (1 tsp), Warm water (200ml)",Pitta,Pitta,Pitta-Prakriti,Pitta-Prakriti,Avoid fatty and fried foods; include fiber-rich foods and drink plenty of water.,Avoid fatty and fried foods; include fiber-rich foods and drink plenty of water.,None specific,None specific,"Surgery, Medications","Surgery, Medications","Healthy Diet, Regular Exercise","Healthy Diet, Regular Exercise",Can be Managed with Surgery,Can be Managed with Surgery,"Gallbladder Inflammation, Blockages","Gallbladder Inflammation, Blockages","Healthy Diet, Regular Checkups","Healthy Diet, Regular Checkups",gallstones,"[""abdominal pain"", ""nausea"", ""indigestion""]",3,0,1,0,"[""allergies_food_env""]"
kp_0114,Gastroesophageal Reflux Disease (GERD),Gastroesophageal Reflux Disease (GERD),गैस्ट्रोइसोफेजल रिफ्लक्स रोग,गैस्ट्रोइसोफेजल रिफ्लक्स रोग,गॅस्ट्रोइसोफेजल रिफ्लक्स रोग,गॅस्ट्रोइसोफेजल रिफ्लक्स रोग,"Heartburn, regurgitation, chest pain","Heartburn, regurgitation, chest pain","Endoscopy, pH Monitoring, X-ray","Endoscopy, pH Monitoring, X-ray",Moderate to Severe,moderate to severe,2-4 weeks,2-4 weeks,"Acid reflux, Obesity","Acid reflux, Obesity","Antacids, Proton pump inhibitors","Antacids, Proton pump inhibitors","Obesity, Smoking, Alcohol","Obesity, Smoking, Alcohol","Spicy foods, Alcohol, Stress","Spicy foods, Alcohol, Stress",Irregular sleep,irregular sleep,High stress,high stress,Low,low,Family history of GERD,Family history of GERD,"Low-fat, Small meals","Low-fat, Small meals","Spicy food, Citrus fruits","Spicy food, Citrus fruits",All seasons,all seasons,All ages,all ages,Both genders,all genders,"Sedentary lifestyle, Stress","Sedentary lifestyle, Stress",Avoids heavy meals,Avoids heavy meals,None specific,None specific,"Triphala, Guduchi","Triphala, Guduchi","Ginger (2g), Tulsi (5g), Warm water (200ml)","Ginger (2g), Tulsi (5g), Warm water (200ml)",Pitta,Pitta,Pitta-Prakriti,Pitta-Prakriti,"Avoid spicy and acidic foods; consume smaller, frequent meals.","Avoid spicy and acidic foods; consume smaller, frequent meals.","Yoga for Digestion, Stress Management","Yoga for Digestion, Stress Management","Antacids, Proton Pump Inhibitors","Antacids, Proton Pump Inhibitors","Healthy Diet, Avoid Trigger Foods","Healthy Diet, Avoid Trigger Foods",Can be Managed with Medication,Can be Managed with Medication,"Esophageal Damage, Ulcers","Esophageal Damage, Ulcers","Avoid Trigger Foods, Healthy Lifestyle","Avoid Trigger Foods, Healthy Lifestyle",gastroesophageal reflux disease gerd,"[""heartburn"", ""regurgitation"", ""chest pain""]",3,0,1,0,[]
kp_0115,Giardiasis,Giardiasis,गार्डियासिस,गार्डियासिस,गार्डियासिस,गार्डियासिस,"Diarrhea, nausea, bloating","Diarrhea, nausea, bloating","Stool Test, Blood Tests","Stool Test, Blood Tests",Moderate,moderate,2-4 weeks,2-4 weeks,"Parasitic infection, Contaminated water","Parasitic infection, Contaminated water",Antiparasitic medications,Antiparasitic medications,"Contaminated Water, Poor Sanitation","Contaminated Water, Poor Sanitation","Contaminated water, Poor sanitation","Contaminated water, Poor sanitation",Irregular sleep,irregular sleep,Moderate stress,moderate stress,Low,low,No family history,No family history,"Balanced, Hydrating foods","Balanced, Hydrating foods",None,,All seasons,all seasons,All ages,all ages,Both genders,all genders,Poor sanitation areas,Poor sanitation areas,Avoids unclean water,Avoids unclean water,None specific,None specific,None specific,None specific,"Neem leaves (5g), Turmeric (1/2 tsp), Warm water (200ml)","Neem leaves (5g), Turmeric (1/ 2 tsp), Warm water (200ml)",Pitta,Pitta,Pitta-Prakriti,Pitta-Prakriti,Avoid untreated water; drink herbal teas and eat light meals.,Avoid untreated water; drink herbal teas and eat light meals.,None specific,None specific,Antiprotozoal Medications,Antiprotozoal Medications,"Safe Water Practices, Hygiene","Safe Water Practices, Hygiene",Can be Managed with Medication,Can be Managed with Medication,"Dehydration, Malabsorption","Dehydration, Malabsorption","Safe Water, Good Hygiene Practices","Safe Water, Good Hygiene Practices",giardiasis,"[""diarrhea"", ""nausea"", ""bloating""]",3,0,1,0,"[""allergies_food_env""]"
kp_0116,Glomerulonephritis,Glomerulonephritis,ग्लोमेरुलोनेफ्रिटिस,ग्लोमेरुलोनेफ्रिटिस,ग्लोमेरुलोनेफ्रिटिस,ग्लोमेरुलोनेफ्रिटिस,"Swelling, blood in urine, high blood pressure","Swelling, blood in urine, high blood pressure","Urine Tests, Blood Tests, Biopsy","Urine Tests, Blood Tests, Biopsy",Moderate to Severe,moderate to severe,3-6 months,3-6 months,"Kidney inflammation, Infections","Kidney inflammation, Infections","Diuretics, Steroids","Diuretics, Steroids","Infections, Autoimmune Diseases","Infections, Autoimmune Diseases","Infections, Poor hygiene","Infections, Poor hygiene",Irregular sleep,irregular sleep,High stress,high stress,Low,low,Family history of kidney disease,Family history of kidney disease,"Low-sodium, High-protein","Low-sodium, High-protein",None,,All seasons,all seasons,20-50 years,20-50 years,Both genders,all genders,"Sedentary lifestyle, Stress","Sedentary lifestyle, Stress",Avoids salty foods,Avoids salty foods,None specific,None specific,None specific,None specific,"Punarnava (3g), Warm water (200ml)","Punarnava (3g), Warm water (200ml)","Vata, Kapha","Vata, Kapha",Vata-Kapha,Vata-Kapha,Avoid salty foods; drink plenty of water and follow low-protein diet.,Avoid salty foods; drink plenty of water and follow low-protein diet.,None specific,None specific,"Immunosuppressive Medications, Dialysis","Immunosuppressive Medications, Dialysis","Early Diagnosis, Treatment","Early Diagnosis, Treatment",Can be Managed with Treatment,Can be Managed with Treatment,"Kidney Failure, High Blood Pressure","Kidney Failure, High Blood Pressure","Regular Monitoring, Healthy Lifestyle","Regular Monitoring, Healthy Lifestyle",glomerulonephritis,"[""swelling"", ""blood in urine"", ""high blood pressure""]",3,1,0,1,"[""allergies_food_env""]"
kp_0117,Gout,Gout,गाउट,गाउट,गाउट,गाउट,"Joint pain, swelling, redness, especially in big toe","Joint pain, swelling, redness, especially in big toe","Blood Tests, Joint Aspiration","Blood Tests, Joint Aspiration",Severe,severe,1-2 weeks,1-2 weeks,"Uric acid build-up, Obesity","Uric acid build-up, Obesity",Anti-inflammatory medications,Anti-inflammatory medications,"Obesity, Alcohol, High-purine Foods","Obesity, Alcohol, High-purine Foods","High purine foods, Alcohol","High purine foods, Alcohol",Irregular sleep,irregular sleep,High stress,high stress,Low,low,Family history of gout,Family history of gout,"Low-fat, Low-purine","Low-fat, Low-purine","Alcohol, Shellfish","Alcohol, Shellfish",Cold season,cold season,40-60 years,40-60 years,Both genders,all genders,Sedentary lifestyle,Sedentary lifestyle,Avoids alcohol,Avoids alcohol,"Cherries, Ginger","Cherries, Ginger",None specific,None specific,"Ginger (2g), Turmeric (1/2 tsp), Warm water (200ml)","Ginger (2g), Turmeric (1/ 2 tsp), Warm water (200ml)","Vata, Pitta","Vata, Pitta",Vata-Prakriti,Vata-Prakriti,Avoid purine-rich foods (like red meat); consume more fruits and vegetables.,Avoid purine-rich foods (like red meat); consume more fruits and vegetables.,"Stretching, Joint Mobility Exercises","Stretching, Joint Mobility Exercises","Medications (NSAIDs, Uricosuric Drugs)","Medications (NSAIDs, Uricosuric Drugs)","Healthy Diet, Weight Management","Healthy Diet, Weight Management",Can be Managed with Medication,Can be Managed with Medication,"Joint Damage, Kidney Stones","Joint Damage, Kidney Stones","Avoid Trigger Foods, Regular Checkups","Avoid Trigger Foods, Regular Checkups",gout,"[""joint pain"", ""swelling"", ""redness"", ""especially in big toe""]",4,1,1,0,[]
kp_0118,Graves Disease,Graves Disease,ग्रेव्स रोग,ग्रेव्स रोग,ग्रेव्स रोग,ग्रेव्स रोग,"Hyperthyroidism, weight loss, nervousness, heat intolerance","Hyperthyroidism, weight loss, nervousness, heat intolerance","Blood Tests, Imaging, Physical Exam","Blood Tests, Imaging, Physical Exam",Severe,severe,Lifelong,Lifelong,"Hyperthyroidism, Autoimmune","Hyperthyroidism, Autoimmune",Antithyroid medications,Antithyroid medications,"Family History, Autoimmune Factors","Family History, Autoimmune Factors","Autoimmune triggers, Stress","Autoimmune triggers, Stress",Irregular sleep,irregular sleep,High stress,high stress,Low,low,Family history of Graves' disease,Family history of Graves' disease,"Balanced, Iodine-rich","Balanced, Iodine-rich",None,,All seasons,all seasons,20-40 years,20-40 years,Female,female,"Sedentary, High-stress jobs","Sedentary, High-stress jobs",Avoids excessive iodine,Avoids excessive iodine,None specific,None specific,"Ashwagandha, Brahmi","Ashwagandha, Brahmi","Ashwagandha (5g), Warm water (200ml)","Ashwagandha (5g), Warm water (200ml)","Pitta, Vata","Vata, Pitta",Pitta-Prakriti,Pitta-Prakriti,Avoid stimulating foods like caffeine; practice stress reduction.,Avoid stimulating foods like caffeine; practice stress reduction.,"Yoga for Thyroid Health, Relaxation","Yoga for Thyroid Health, Relaxation","Antithyroid Medications, Surgery","Antithyroid Medications, Surgery","Avoid Stress, Regular Monitoring","Avoid Stress, Regular Monitoring",Can be Managed with Treatment,Can be Managed with Treatment,"Heart Problems, Thyroid Crisis","Heart Problems, Thyroid Crisis","Regular Monitoring, Medication","Regular Monitoring, Medication",graves disease,"[""hyperthyroidism"", ""weight loss"", ""nervousness"", ""heat intolerance""]",4,1,1,0,"[""allergies_food_env""]"
kp_0119,Guillain-Barre Syndrome,Guillain-Barre Syndrome,गुइलन-बैरे सिंड्रोम,गुइलन-बैरे सिंड्रोम,गुइलन-बैरे सिंड्रोम,गुइलन-बैरे सिंड्रोम,"Weakness, numbness, tingling in limbs, difficulty breathing","Weakness, numbness, tingling in limbs, difficulty breathing","Physical Exam, Spinal Fluid Analysis","Physical Exam, Spinal Fluid Analysis",Severe,severe,1-3 months,1-3 months,"Autoimmune disorder, Viral infection","Autoimmune disorder, Viral infection","Immune globulin, Plasma exchange","Immune globulin, Plasma exchange","Viral Infections, Autoimmune Response","Viral Infections, Autoimmune Response","Viral infections, Autoimmune triggers","Viral infections, Autoimmune triggers",Irregular sleep,irregular sleep,High stress,high stress,Low,low,Family history of autoimmune diseases,Family history of autoimmune diseases,"Balanced, High-calcium","Balanced, High-calcium",None,,All seasons,all seasons,20-50 years,20-50 years,Both genders,all genders,"Sedentary lifestyle, Stress","Sedentary lifestyle, Stress",Avoids infections,Avoids infections,None specific,None specific,None specific,None specific,"Ashwagandha (5g), Warm water (200ml)","Ashwagandha (5g), Warm water (200ml)","Vata, Pitta","Vata, Pitta",Vata-Prakriti,Vata-Prakriti,Include light exercises; avoid cold or damp environments.,Include light exercises; avoid cold or damp environments.,"Physical Therapy, Stretching","Physical Therapy, Stretching","Immunoglobulin Therapy, Plasma Exchange","Immunoglobulin Therapy, Plasma Exchange","Early Diagnosis, Supportive Care","Early Diagnosis, Supportive Care",Can be Managed with Treatment,Can be Managed with Treatment,"Muscle Weakness, Paralysis","Muscle Weakness, Paralysis","Early Intervention, Supportive Care","Early Intervention, Supportive Care",guillain barre syndrome,"[""weakness"", ""numbness"", ""tingling in limbs"", ""difficulty breathing""]",4,1,1,0,"[""allergies_food_env""]"
kp_0120,Guinea Worm Disease,Guinea Worm Disease,गिनी वॉर्म रोग,गिनी वॉर्म रोग,गिनी वॉर्म रोग,गिनी वॉर्म रोग,"Painful blisters, swelling, fever","Painful blisters, swelling, fever","Skin Examination, Urine Test","Skin Examination, Urine Test",Severe,severe,3-6 months,3-6 months,"Parasitic infection, Contaminated water","Parasitic infection, Contaminated water",Antiparasitic medications,Antiparasitic medications,"Contaminated Water, Poor Sanitation","Contaminated Water, Poor Sanitation","Contaminated water, Poor sanitation","Contaminated water, Poor sanitation",Irregular sleep,irregular sleep,High stress,high stress,Low,low,No family history,No family history,"Low-fat, Hydrating foods","Low-fat, Hydrating foods",None,,All seasons,all seasons,All ages,all ages,Both genders,all genders,Poor sanitation areas,Poor sanitation areas,Avoids unclean water,Avoids unclean water,None specific,None specific,None specific,None specific,"Neem leaves (5-6), Water (as needed)","Neem leaves (5-6), Water (as needed)","Kapha, Pitta","Pitta, Kapha",Kapha-Prakriti,Kapha-Prakriti,Maintain hygiene; avoid drinking contaminated water.,Maintain hygiene; avoid drinking contaminated water.,None specific,None specific,"Surgery, Antimicrobial Medications","Surgery, Antimicrobial Medications","Safe Water Practices, Hygiene","Safe Water Practices, Hygiene",Can be Managed with Surgery,Can be Managed with Surgery,"Secondary Infections, Shock","Secondary Infections, Shock","Safe Water, Hygiene Practices","Safe Water, Hygiene Practices",guinea worm disease,"[""painful blisters"", ""swelling"", ""fever""]",3,0,1,1,"[""allergies_food_env""]"
kp_0121,HIV/AIDS,HIV/ AIDS,एचआईवी/एड्स,एचआईवी/ एड्स,एचआयवी/एड्स,एचआयवी/ एड्स,"Weight loss, fever, diarrhea, swollen lymph nodes","Weight loss, fever, diarrhea, swollen lymph nodes","Blood Tests, CD4 Count, Viral Load","Blood Tests, CD4 Count, Viral Load",Severe,severe,Lifelong,Lifelong,"Viral infection, Immunodeficiency","Viral infection, Immunodeficiency",Antiretroviral therapy,Antiretroviral therapy,"Unprotected Sex, Needle Sharing","Unprotected Sex, Needle Sharing","Unsafe sexual practices, Needle sharing","Unsafe sexual practices, Needle sharing",Irregular sleep,irregular sleep,High stress,high stress,Low,low,Family history of HIV/AIDS,Family history of HIV/ AIDS,"Balanced, High-protein","Balanced, High-protein",None,,All seasons,all seasons,20-50 years,20-50 years,Both genders,all genders,Sedentary lifestyle,Sedentary lifestyle,Avoids unprotected sex,Avoids unprotected sex,None specific,None specific,None specific,None specific,"Guduchi (3g), Warm water (200ml)","Guduchi (3g), Warm water (200ml)","Vata, Pitta","Vata, Pitta",Vata-Pitta,Vata-Pitta,Follow a balanced diet rich in vitamins; avoid exposure to infections.,Follow a balanced diet rich in vitamins; avoid exposure to infections.,None specific,None specific,Antiretroviral Therapy,Antiretroviral Therapy,"Safe Sex Practices, Needle Safety","Safe Sex Practices, Needle Safety",Managed with Medication,Managed with Medication,"Opportunistic Infections, Cancer","Opportunistic Infections, Cancer","Safe Practices, Regular Monitoring","Safe Practices, Regular Monitoring",hiv aids,"[""weight loss"", ""fever"", ""diarrhea"", ""swollen lymph nodes""]",4,1,1,0,"[""allergies_food_env""]"
kp_0122,Hair Loss,Hair Loss,बालों का झड़ना,बालों का झड़ना,केसांची गळती,केसांची गळती,"Thinning of hair, bald patches","Thinning of hair, bald patches","Physical Exam, Scalp Biopsy","Physical Exam, Scalp Biopsy",Moderate to Severe,moderate to severe,Varies,Varies,"Genetic, Hormonal imbalance","Genetic, Hormonal imbalance","Minoxidil, Finasteride","Minoxidil, Finasteride","Genetics, Hormonal Imbalances","Genetics, Hormonal Imbalances","Stress, Hormonal imbalance","Stress, Hormonal imbalance",Irregular sleep,irregular sleep,High stress,high stress,Low,low,Family history of hair loss,Family history of hair loss,"Balanced, Protein-rich","Balanced, Protein-rich",None,,All seasons,all seasons,20-50 years,20-50 years,Both genders,all genders,"Sedentary lifestyle, Stress","Sedentary lifestyle, Stress",Avoids stress,Avoids stress,"Saw Palmetto, Aloe Vera","Saw Palmetto, Aloe Vera","Bhringraj, Amla","Bhringraj, Amla","Amla (3g), Brahmi (2g), Olive oil (5ml)","Amla (3g), Brahmi (2g), Olive oil (5ml)","Pitta, Kapha","Pitta, Kapha",Pitta-Prakriti,Pitta-Prakriti,Maintain scalp hygiene; avoid stress and use herbal oils for massage.,Maintain scalp hygiene; avoid stress and use herbal oils for massage.,"Scalp Massage, Stress Reduction","Scalp Massage, Stress Reduction","Topical Medications, Surgery","Topical Medications, Surgery","Healthy Diet, Stress Management","Healthy Diet, Stress Management",Can be Managed with Treatment,Can be Managed with Treatment,"Baldness, Thinning Hair","Baldness, Thinning Hair","Stress Management, Healthy Diet","Stress Management, Healthy Diet",hair loss,"[""thinning of hair"", ""bald patches""]",2,0,1,1,"[""allergies_food_env""]"
kp_0123,"Hand, Foot, and Mouth Disease","Hand, Foot, and Mouth Disease","हाथ, पैर और मुँह रोग","हाथ, पैर और मुँह रोग","हात, पाय आणि तोंड रोग","हात, पाय आणि तोंड रोग","Rash on hands, feet, mouth sores, fever","Rash on hands, feet, mouth sores, fever","Physical Exam, Throat Culture","Physical Exam, Throat Culture",Mild to Moderate,mild to moderate,1-2 weeks,1-2 weeks,Viral infection,Viral infection,Symptomatic treatment,Symptomatic treatment,"Poor Hygiene, Contact with Infected Individuals","Poor Hygiene, Contact with Infected Individuals","Close contact, Poor hygiene","Close contact, Poor hygiene",Irregular sleep,irregular sleep,Moderate stress,moderate stress,Low,low,No family history,No family history,"Low-fat, Hydrating foods","Low-fat, Hydrating foods",None,,All seasons,all seasons,All ages,all ages,Both genders,all genders,Poor hygiene areas,Poor hygiene areas,Avoids crowded areas,Avoids crowded areas,None specific,None specific,None specific,None specific,"Neem leaves (5-6), Turmeric (1/2 tsp), Water (as needed)","Neem leaves (5-6), Turmeric (1/ 2 tsp), Water (as needed)",Pitta,Pitta,Pitta-Prakriti,Pitta-Prakriti,Avoid spicy foods; maintain hydration and rest.,Avoid spicy foods; maintain hydration and rest.,"Rest, Hydration","Rest, Hydration","Supportive Care, Pain Relief","Supportive Care, Pain Relief","Handwashing, Avoid Contact","Handwashing, Avoid Contact",Usually Resolves with Treatment,Usually Resolves with Treatment,"Dehydration, Viral Spread","Dehydration, Viral Spread","Good Hygiene, Hydration","Good Hygiene, Hydration",hand foot and mouth disease,"[""rash on hands"", ""feet"", ""mouth sores"", ""fever""]",4,0,1,0,"[""allergies_food_env""]"
kp_0124,Hantavirus Pulmonary Syndrome,Hantavirus Pulmonary Syndrome,हंटावायरस पल्मोनरी सिंड्रोम,हंटावायरस पल्मोनरी सिंड्रोम,हंटावायरस पल्मोनरी सिंड्रोम,हंटावायरस पल्मोनरी सिंड्रोम,"Fever, fatigue, shortness of breath, muscle aches","Fever, fatigue, shortness of breath, muscle aches","Blood Tests, Chest X-ray, CT Scan","Blood Tests, Chest X-ray, CT Scan",Severe,severe,2-4 weeks,2-4 weeks,"Viral infection, Rodent exposure","Viral infection, Rodent exposure","Supportive care, Antivirals","Supportive care, Antivirals","Rodent Exposure, Poor Sanitation","Rodent Exposure, Poor Sanitation","Rodent exposure, Poor sanitation","Rodent exposure, Poor sanitation",Irregular sleep,irregular sleep,High stress,high stress,Low,low,No family history,No family history,"Low-fat, Hydrating foods","Low-fat, Hydrating foods",None,,All seasons,all seasons,20-60 years,20-60 years,Both genders,all genders,Poor sanitation areas,Poor sanitation areas,Avoids rodent exposure,Avoids rodent exposure,None specific,None specific,None specific,None specific,"Ginger (2g), Garlic (1 clove), Warm water (200ml)","Ginger (2g), Garlic (1 clove), Warm water (200ml)","Vata, Kapha","Vata, Kapha",Vata-Kapha,Vata-Kapha,"Avoid contact with rodents; consume warm, nutrient-rich foods.","Avoid contact with rodents; consume warm, nutrient-rich foods.","Breathing Exercises, Physical Therapy","Breathing Exercises, Physical Therapy","Supportive Care, Oxygen Therapy","Supportive Care, Oxygen Therapy","Avoid Rodent Contact, Clean Living","Avoid Rodent Contact, Clean Living",Can be Managed with Treatment,Can be Managed with Treatment,"Respiratory Failure, Shock","Respiratory Failure, Shock","Clean Environment, Early Diagnosis","Clean Environment, Early Diagnosis",hantavirus pulmonary syndrome,"[""fever"", ""fatigue"", ""shortness of breath"", ""muscle aches""]",4,1,0,1,"[""allergies_food_env""]"
kp_0125,Hashimoto's Thyroiditis,Hashimoto's Thyroiditis,हैशिमोटो का थायरॉयडाइटिस,हैशिमोटो का थायरॉयडाइटिस,हॅशिमोटोस थायरॉइडायटिस,हॅशिमोटोस थायरॉइडायटिस,"Fatigue, weight gain, sensitivity to cold","Fatigue, weight gain, sensitivity to cold","Blood Tests, Thyroid Ultrasound","Blood Tests, Thyroid Ultrasound",Moderate to Severe,moderate to severe,Lifelong,Lifelong,"Autoimmune, Hypothyroidism","Autoimmune, Hypothyroidism",Levothyroxine,Levothyroxine,"Autoimmune Factors, Family History","Autoimmune Factors, Family History","Autoimmune disorders, Family history","Autoimmune disorders, Family history",Irregular sleep,irregular sleep,High stress,high stress,Low,low,Family history of Hashimoto's,Family history of Hashimoto's,"Balanced, Iodine-rich","Balanced, Iodine-rich",None,,All seasons,all seasons,30-60 years,30-60 years,Female,female,Sedentary lifestyle,Sedentary lifestyle,Avoids excessive iodine,Avoids excessive iodine,None specific,None specific,"Ashwagandha, Shatavari","Ashwagandha, Shatavari","Ashwagandha (5g), Warm water (200ml)","Ashwagandha (5g), Warm water (200ml)",Vata,Vata,Vata-Prakriti,Vata-Prakriti,Avoid goitrogenic foods like soy; ensure adequate iodine intake.,Avoid goitrogenic foods like soy; ensure adequate iodine intake.,"Yoga for Thyroid Health, Relaxation","Yoga for Thyroid Health, Relaxation",Hormone Replacement Therapy,Hormone Replacement Therapy,"Regular Monitoring, Stress Management","Regular Monitoring, Stress Management",Can be Managed with Medication,Can be Managed with Medication,"Heart Disease, Infertility","Heart Disease, Infertility","Regular Monitoring, Medication","Regular Monitoring, Medication",hashimoto s thyroiditis,"[""fatigue"", ""weight gain"", ""sensitivity to cold""]",3,1,0,0,"[""allergies_food_env""]"
kp_0126,Heart Attack (Myocardial Infarction),Heart Attack (Myocardial Infarction),दिल का दौरा,दिल का दौरा,हृदयघात,हृदयघात,"Chest pain, shortness of breath, dizziness","Chest pain, shortness of breath, dizziness","ECG, Blood Tests, Angiography","ECG, Blood Tests, Angiography",Severe,severe,1-3 months,1-3 months,"Cardiovascular disease, Obesity","Cardiovascular disease, Obesity","Antiplatelet drugs, Statins","Antiplatelet drugs, Statins","High Blood Pressure, Smoking, Obesity","High Blood Pressure, Smoking, Obesity","Smoking, High blood pressure","Smoking, High blood pressure",Irregular sleep,irregular sleep,High stress,high stress,Low,low,Family history of heart disease,Family history of heart disease,"Low-fat, High-fiber","Low-fat, High-fiber","Smoking, High-fat foods","Smoking, High-fat foods",Winter season,winter season,40-70 years,40-70 years,Both genders,all genders,"Sedentary lifestyle, Stress","Sedentary lifestyle, Stress",Avoids smoking,Avoids smoking,None specific,None specific,"Arjuna, Ashwagandha","Arjuna, Ashwagandha","Arjuna bark (5g), Warm water (200ml)","Arjuna bark (5g), Warm water (200ml)","Pitta, Vata","Vata, Pitta",Pitta-Vata,Pitta-Vata,Avoid fatty foods; practice deep breathing exercises and stress management.,Avoid fatty foods; practice deep breathing exercises and stress management.,"Physical Therapy, Cardiovascular Exercises","Physical Therapy, Cardiovascular Exercises","Medications, Surgery, Rehabilitation","Medications, Surgery, Rehabilitation","Healthy Diet, Regular Exercise","Healthy Diet, Regular Exercise",Can be Managed with Treatment,Can be Managed with Treatment,"Heart Failure, Stroke","Heart Failure, Stroke","Healthy Diet, Stress Management","Healthy Diet, Stress Management",heart attack myocardial infarction,"[""chest pain"", ""shortness of breath"", ""dizziness""]",3,1,1,0,[]
kp_0127,Heart Disease,Heart Disease,हृदय रोग,हृदय रोग,हृदयरोग,हृदयरोग,"Chest pain, fatigue, shortness of breath","Chest pain, fatigue, shortness of breath","Blood Tests, ECG, Stress Tests","Blood Tests, ECG, Stress Tests",Severe,severe,Lifelong,Lifelong,"Hypertension, Obesity","Hypertension, Obesity","Beta-blockers, Statins","Beta-blockers, Statins","High Blood Pressure, Smoking, High Cholesterol","High Blood Pressure, Smoking, High Cholesterol","Smoking, High blood pressure, High cholesterol","Smoking, High blood pressure, High cholesterol",Irregular sleep,irregular sleep,High stress,high stress,Low,low,Family history of heart disease,Family history of heart disease,"Low-fat, Low-sodium","Low-fat, Low-sodium","Smoking, High-fat foods","Smoking, High-fat foods",Winter season,winter season,40-70 years,40-70 years,Both genders,all genders,"Sedentary lifestyle, Stress","Sedentary lifestyle, Stress",Avoids smoking,Avoids smoking,None specific,None specific,"Arjuna, Brahmi","Arjuna, Brahmi","Garlic (1 clove), Ginger (2g), Warm water (200ml)","Garlic (1 clove), Ginger (2g), Warm water (200ml)","Vata, Pitta","Vata, Pitta",Vata-Prakriti,Vata-Prakriti,"Avoid smoking, trans fats; include fiber-rich foods in the diet.","Avoid smoking, trans fats; include fiber-rich foods in the diet.","Physical Therapy, Cardiovascular Exercises","Physical Therapy, Cardiovascular Exercises","Medications, Surgery","Medications, Surgery","Healthy Diet, Regular Exercise","Healthy Diet, Regular Exercise",Can be Managed with Treatment,Can be Managed with Treatment,"Heart Failure, Stroke","Heart Failure, Stroke","Regular Monitoring, Healthy Lifestyle","Regular Monitoring, Healthy Lifestyle",heart disease,"[""chest pain"", ""fatigue"", ""shortness of breath""]",3,1,1,0,[]
kp_0128,Heart Failure,Heart Failure,हृदय की विफलता,हृदय की विफलता,हृदयविफलता,हृदयविफलता,"Shortness of breath, swelling in legs, fatigue","Shortness of breath, swelling in legs, fatigue","Blood Tests, Chest X-ray, Echocardiogram","Blood Tests, Chest X-ray, Echocardiogram",Severe,severe,Lifelong,Lifelong,"Cardiovascular disease, Hypertension","Cardiovascular disease, Hypertension","Diuretics, ACE inhibitors","Diuretics, ACE inhibitors","Heart Disease, High Blood Pressure","Heart Disease, High Blood Pressure","Smoking, Hypertension, Diabetes","Smoking, Hypertension, Diabetes",Irregular sleep,irregular sleep,High stress,high stress,Low,low,Family history of heart disease,Family history of heart disease,"Low-sodium, High-protein","Low-sodium, High-protein","Smoking, High-sodium foods","Smoking, High-sodium foods",Winter season,winter season,50-80 years,50-80 years,Both genders,all genders,"Sedentary lifestyle, Stress","Sedentary lifestyle, Stress",Avoids excessive salt,Avoids excessive salt,None specific,None specific,"Arjuna, Brahmi","Arjuna, Brahmi","Arjuna (5g), Warm water (200ml)","Arjuna (5g), Warm water (200ml)","Pitta, Vata","Vata, Pitta",Pitta-Vata,Pitta-Vata,Avoid excess salt and fluids; eat heart-healthy foods like oats.,Avoid excess salt and fluids; eat heart-healthy foods like oats.,"Breathing Exercises, Physical Therapy","Breathing Exercises, Physical Therapy","Medications, Surgery","Medications, Surgery","Healthy Diet, Regular Exercise","Healthy Diet, Regular Exercise",Can be Managed with Treatment,Can be Managed with Treatment,"Organ Failure, Fluid Retention","Organ Failure, Fluid Retention","Regular Monitoring, Medication","Regular Monitoring, Medication",heart failure,"[""shortness of breath"", ""swelling in legs"", ""fatigue""]",3,1,1,0,[]
kp_0129,Hemochromatosis,Hemochromatosis,हेमोक्रोमेटोसिस,हेमोक्रोमेटोसिस,हेमोक्रोमेटोसिस,हेमोक्रोमेटोसिस,"Fatigue, joint pain, liver enlargement","Fatigue, joint pain, liver enlargement","Blood Tests, Genetic Testing","Blood Tests, Genetic Testing",Moderate to Severe,moderate to severe,Lifelong,Lifelong,"Genetic, Iron overload","Genetic, Iron overload","Phlebotomy, Chelating agents","Phlebotomy, Chelating agents","Genetics, Excessive Iron Intake","Genetics, Excessive Iron Intake","Excessive iron intake, Alcohol","Excessive iron intake, Alcohol",Irregular sleep,irregular sleep,Moderate stress,moderate stress,Low,low,Family history of hemochromatosis,Family history of hemochromatosis,"Low-iron, High-fiber","Low-iron, High-fiber",None,,All seasons,all seasons,40-70 years,40-70 years,Both genders,all genders,Sedentary lifestyle,Sedentary lifestyle,Avoids iron-rich foods,Avoids iron-rich foods,None specific,None specific,"Amla, Guduchi","Amla, Guduchi","Guduchi (3g), Warm water (200ml)","Guduchi (3g), Warm water (200ml)","Pitta, Vata","Vata, Pitta",Pitta-Prakriti,Pitta-Prakriti,Avoid iron-rich foods; increase consumption of antioxidant-rich foods.,Avoid iron-rich foods; increase consumption of antioxidant-rich foods.,None specific,None specific,"Phlebotomy, Iron Chelators","Phlebotomy, Iron Chelators","Regular Monitoring, Iron Management","Regular Monitoring, Iron Management",Can be Managed with Treatment,Can be Managed with Treatment,"Organ Damage, Diabetes","Organ Damage, Diabetes","Regular Monitoring, Iron Management","Regular Monitoring, Iron Management",hemochromatosis,"[""fatigue"", ""joint pain"", ""liver enlargement""]",3,1,1,0,"[""allergies_food_env""]"
kp_0130,Hemophilia,Hemophilia,हेमोफीलिया,हेमोफीलिया,हेमोफीलिया,हेमोफीलिया,"Unexplained bleeding, easy bruising","Unexplained bleeding, easy bruising","Blood Tests, Genetic Testing","Blood Tests, Genetic Testing",Severe,severe,Lifelong,Lifelong,"Genetic, Blood clotting disorder","Genetic, Blood clotting disorder",Blood clotting factors,Blood clotting factors,"Genetics, Family History","Genetics, Family History","Genetic mutations, Bleeding events","Genetic mutations, Bleeding events",Irregular sleep,irregular sleep,Moderate stress,moderate stress,Low,low,Family history of hemophilia,Family history of hemophilia,"High-protein, Iron-rich","High-protein, Iron-rich",None,,All seasons,all seasons,All ages,all ages,Both genders,all genders,Sedentary lifestyle,Sedentary lifestyle,Avoids injury,Avoids injury,None specific,None specific,None specific,None specific,Aloe vera (fresh),Aloe vera (fresh),Kapha,Kapha,Kapha-Prakriti,Kapha-Prakriti,Avoid injury-prone activities; maintain a diet rich in vitamin K.,Avoid injury-prone activities; maintain a diet rich in vitamin K.,None specific,None specific,Factor Replacement Therapy,Factor Replacement Therapy,"Genetic Counseling, Early Diagnosis","Genetic Counseling, Early Diagnosis",Can be Managed with Treatment,Can be Managed with Treatment,"Bleeding, Joint Damage","Bleeding, Joint Damage","Early Intervention, Regular Monitoring","Early Intervention, Regular Monitoring",hemophilia,"[""unexplained bleeding"", ""easy bruising""]",2,0,0,1,"[""allergies_food_env""]"
kp_0131,Hendra Virus Infection,Hendra Virus Infection,हेंड्रा वायरस संक्रमण,हेंड्रा वायरस संक्रमण,हेंड्रा व्हायरस संसर्ग,हेंड्रा व्हायरस संसर्ग,"Fever, headache, respiratory symptoms","Fever, headache, respiratory symptoms","Blood Tests, Viral Culture","Blood Tests, Viral Culture",Severe,severe,1-3 weeks,1-3 weeks,"Viral infection, Zoonotic","Viral infection, Zoonotic",Antiviral treatment,Antiviral treatment,"Animal Exposure, Poor Hygiene","Animal Exposure, Poor Hygiene",Close contact with infected animals,Close contact with infected animals,Irregular sleep,irregular sleep,High stress,high stress,Low,low,No family history,No family history,"Low-fat, Hydrating foods","Low-fat, Hydrating foods",None,,All seasons,all seasons,20-60 years,20-60 years,Both genders,all genders,Exposure to animals,Exposure to animals,Avoids animal contact,Avoids animal contact,None specific,None specific,None specific,None specific,"Ashwagandha (5g), Warm water (200ml)","Ashwagandha (5g), Warm water (200ml)","Vata, Pitta","Vata, Pitta",Vata-Prakriti,Vata-Prakriti,Avoid contact with infected animals; maintain good hygiene.,Avoid contact with infected animals; maintain good hygiene.,None specific,None specific,"Supportive Care, Antiviral Medications","Supportive Care, Antiviral Medications","Avoid Animal Contact, Proper Hygiene","Avoid Animal Contact, Proper Hygiene",Can be Managed with Treatment,Can be Managed with Treatment,"Respiratory Failure, Organ Damage","Respiratory Failure, Organ Damage","Avoid Animal Exposure, Good Hygiene Practices","Avoid Animal Exposure, Good Hygiene Practices",hendra virus infection,"[""fever"", ""headache"", ""respiratory symptoms""]",3,1,1,0,"[""allergies_food_env""]"
kp_0132,Hepatitis,Hepatitis,हेपेटाइटिस,हेपेटाइटिस,हिपेटायटिस,हिपेटायटिस,"Yellowing of skin, fatigue, loss of appetite","Yellowing of skin, fatigue, loss of appetite","Blood Tests, Liver Function Tests","Blood Tests, Liver Function Tests",Moderate to Severe,moderate to severe,1-6 months,1-6 months,"Viral infection, Alcoholism","Viral infection, Alcoholism",Antiviral medications,Antiviral medications,"Viral Infections, Alcohol, Drugs","Viral Infections, Alcohol, Drugs","Unprotected sex, Needle sharing","Unprotected sex, Needle sharing",Irregular sleep,irregular sleep,Moderate stress,moderate stress,Low,low,Family history of hepatitis,Family history of hepatitis,"Low-fat, High-fiber","Low-fat, High-fiber","Alcohol, Certain foods","Alcohol, Certain foods",All seasons,all seasons,20-60 years,20-60 years,Both genders,all genders,Sedentary lifestyle,Sedentary lifestyle,Avoids alcohol,Avoids alcohol,None specific,None specific,"Bhumi Amla, Turmeric","Bhumi Amla, Turmeric","Turmeric (1/2 tsp), Neem (5-6 leaves), Water (200ml)","Turmeric (1/ 2 tsp), Neem (5-6 leaves), Water (200ml)",Pitta,Pitta,Pitta-Prakriti,Pitta-Prakriti,Avoid alcohol and fatty foods; consume liver-detoxifying herbs.,Avoid alcohol and fatty foods; consume liver-detoxifying herbs.,Liver Detoxification Exercises,Liver Detoxification Exercises,"Antiviral Medications, Liver Transplant","Antiviral Medications, Liver Transplant","Vaccination, Avoid Alcohol","Vaccination, Avoid Alcohol",Can be Managed with Medication,Can be Managed with Medication,"Cirrhosis, Liver Failure","Cirrhosis, Liver Failure","Avoid Alcohol, Regular Monitoring","Avoid Alcohol, Regular Monitoring",hepatitis,"[""yellowing of skin"", ""fatigue"", ""loss of appetite""]",3,0,1,0,[]
kp_0133,Hepatitis A,Hepatitis A,हेपेटाइटिस A,हेपेटाइटिस A,हिपेटायटिस A,हिपेटायटिस A,"Jaundice, fever, abdominal pain","Jaundice, fever, abdominal pain","Blood Tests, Liver Function Tests","Blood Tests, Liver Function Tests",Mild to Moderate,mild to moderate,1-2 months,1-2 months,"Viral infection, Contaminated food or water","Viral infection, Contaminated food or water","Supportive care, Vaccination","Supportive care, Vaccination","Contaminated Food/Water, Poor Sanitation","Contaminated Food/ Water, Poor Sanitation",Contaminated food or water,Contaminated food or water,Irregular sleep,irregular sleep,High stress,high stress,Low,low,No family history,No family history,"Low-fat, Hydrating foods","Low-fat, Hydrating foods",None,,Summer season,summer season,All ages,all ages,Both genders,all genders,Poor hygiene areas,Poor hygiene areas,Avoids contaminated food,Avoids contaminated food,None specific,None specific,"Amla, Guduchi","Amla, Guduchi","Amla (3g), Water (200ml)","Amla (3g), Water (200ml)","Pitta, Vata","Vata, Pitta",Pitta-Vata,Pitta-Vata,Avoid raw food and unclean water; consume bitter foods like neem.,Avoid raw food and unclean water; consume bitter foods like neem.,"Rest, Hydration","Rest, Hydration","Supportive Care, Vaccination","Supportive Care, Vaccination","Vaccination, Hygiene Practices","Vaccination, Hygiene Practices",Usually Resolves with Treatment,Usually Resolves with Treatment,"Liver Damage, Dehydration","Liver Damage, Dehydration","Good Hygiene, Safe Water Practices","Good Hygiene, Safe Water Practices",hepatitis a,"[""jaundice"", ""fever"", ""abdominal pain""]",3,1,1,0,"[""allergies_food_env""]"
kp_0134,Hepatitis B,Hepatitis B,हेपेटाइटिस B,हेपेटाइटिस B,हिपेटायटिस B,हिपेटायटिस B,"Jaundice, fatigue, abdominal pain, dark urine","Jaundice, fatigue, abdominal pain, dark urine","Blood Tests, Liver Function Tests","Blood Tests, Liver Function Tests",Moderate to Severe,moderate to severe,1-6 months,1-6 months,"Viral infection, Unprotected sex","Viral infection, Unprotected sex",Antiviral medications,Antiviral medications,"Blood, Sexual Contact, Birth","Blood, Sexual Contact, Birth","Unprotected sex, Needle sharing","Unprotected sex, Needle sharing",Irregular sleep,irregular sleep,Moderate stress,moderate stress,Low,low,Family history of hepatitis,Family history of hepatitis,"Low-fat, High-fiber","Low-fat, High-fiber","Alcohol, Certain foods","Alcohol, Certain foods",All seasons,all seasons,20-60 years,20-60 years,Both genders,all genders,Sedentary lifestyle,Sedentary lifestyle,Avoids alcohol,Avoids alcohol,None specific,None specific,"Guduchi, Bhumyamalaki","Guduchi, Bhumyamalaki","Neem leaves (5-6), Turmeric (1/2 tsp), Water (as needed)","Neem leaves (5-6), Turmeric (1/ 2 tsp), Water (as needed)",Pitta,Pitta,Pitta-Prakriti,Pitta-Prakriti,Maintain good hygiene; avoid alcohol and greasy foods.,Maintain good hygiene; avoid alcohol and greasy foods.,"Yoga for Liver Health, Breathing Exercises","Yoga for Liver Health, Breathing Exercises","Antiviral Medications, Vaccination","Antiviral Medications, Vaccination","Vaccination, Safe Practices","Vaccination, Safe Practices",Can be Managed with Medication,Can be Managed with Medication,"Cirrhosis, Liver Cancer","Cirrhosis, Liver Cancer","Regular Monitoring, Vaccination","Regular Monitoring, Vaccination",hepatitis b,"[""jaundice"", ""fatigue"", ""abdominal pain"", ""dark urine""]",4,0,1,0,[]
kp_0135,Hepatitis C,Hepatitis C,हेपेटाइटिस C,हेपेटाइटिस C,हिपेटायटिस C,हिपेटायटिस C,"Fatigue, nausea, dark urine, jaundice","Fatigue, nausea, dark urine, jaundice","Blood Tests, Liver Function Tests","Blood Tests, Liver Function Tests",Moderate to Severe,moderate to severe,2-6 months,2-6 months,"Viral infection, Unprotected sex","Viral infection, Unprotected sex",Antiviral medications,Antiviral medications,"Blood Exposure, IV Drug Use","Blood Exposure, IV Drug Use","Unprotected sex, Needle sharing","Unprotected sex, Needle sharing",Irregular sleep,irregular sleep,Moderate stress,moderate stress,Low,low,Family history of hepatitis,Family history of hepatitis,"Low-fat, High-fiber","Low-fat, High-fiber","Alcohol, Certain foods","Alcohol, Certain foods",All seasons,all seasons,20-60 years,20-60 years,Both genders,all genders,Sedentary lifestyle,Sedentary lifestyle,Avoids alcohol,Avoids alcohol,None specific,None specific,"Amla, Guduchi","Amla, Guduchi","Guduchi (3g), Amla (2g), Warm water (200ml)","Guduchi (3g), Amla (2g), Warm water (200ml)","Vata, Pitta","Vata, Pitta",Vata-Prakriti,Vata-Prakriti,Avoid fatty foods; drink plenty of water and detoxifying herbal teas.,Avoid fatty foods; drink plenty of water and detoxifying herbal teas.,"Liver Detoxification, Breathing Exercises","Liver Detoxification, Breathing Exercises","Antiviral Medications, Liver Transplant","Antiviral Medications, Liver Transplant","Safe Practices, Needle Safety","Safe Practices, Needle Safety",Can be Managed with Medication,Can be Managed with Medication,"Cirrhosis, Liver Cancer","Cirrhosis, Liver Cancer","Regular Monitoring, Medication","Regular Monitoring, Medication",hepatitis c,"[""fatigue"", ""nausea"", ""dark urine"", ""jaundice""]",4,1,1,0,[]
kp_0136,Histoplasmosis,Histoplasmosis,हिस्टोप्लास्मोसिस,हिस्टोप्लास्मोसिस,हिस्टोप्लास्मोसिस,हिस्टोप्लास्मोसिस,"Cough, fever, chest pain, difficulty breathing","Cough, fever, chest pain, difficulty breathing","Blood Tests, Chest X-ray, Fungal Culture","Blood Tests, Chest X-ray, Fungal Culture",Moderate to Severe,moderate to severe,1-6 months,1-6 months,"Fungal infection, Inhalation","Fungal infection, Inhalation",Antifungal medications,Antifungal medications,Exposure to Bird/Bat Droppings,Exposure to Bird/ Bat Droppings,Exposure to bird or bat droppings,Exposure to bird or bat droppings,Irregular sleep,irregular sleep,Moderate stress,moderate stress,Low,low,No family history,No family history,"Low-fat, Hydrating foods","Low-fat, Hydrating foods",None,,All seasons,all seasons,20-60 years,20-60 years,Both genders,all genders,Exposure to contaminated areas,Exposure to contaminated areas,Avoids contaminated areas,Avoids contaminated areas,None specific,None specific,"Ashwagandha, Guduchi","Ashwagandha, Guduchi","Ashwagandha (5g), Turmeric (1/2 tsp), Warm water (200ml)","Ashwagandha (5g), Turmeric (1/ 2 tsp), Warm water (200ml)","Vata, Pitta","Vata, Pitta",Pitta-Vata,Pitta-Vata,Avoid damp environments; include anti-inflammatory foods like ginger.,Avoid damp environments; include anti-inflammatory foods like ginger.,Respiratory Exercises,Respiratory Exercises,Antifungal Medications,Antifungal Medications,"Avoid Exposure, Wear Masks","Avoid Exposure, Wear Masks",Can be Managed with Medication,Can be Managed with Medication,"Lung Damage, Organ Failure","Lung Damage, Organ Failure","Avoid Exposure, Regular Checkups","Avoid Exposure, Regular Checkups",histoplasmosis,"[""cough"", ""fever"", ""chest pain"", ""difficulty breathing""]",4,1,1,0,"[""allergies_food_env""]"
kp_0137,Hookworm Infection,Hookworm Infection,हुकवर्म संक्रमण,हुकवर्म संक्रमण,हुकवर्म संसर्ग,हुकवर्म संसर्ग,"Abdominal pain, nausea, diarrhea","Abdominal pain, nausea, diarrhea","Stool Test, Blood Tests","Stool Test, Blood Tests",Mild to Moderate,mild to moderate,1-2 months,1-2 months,"Parasitic infection, Poor sanitation","Parasitic infection, Poor sanitation",Antiparasitic medications,Antiparasitic medications,"Contaminated Soil, Poor Sanitation","Contaminated Soil, Poor Sanitation","Poor sanitation, Contaminated soil","Poor sanitation, Contaminated soil",Irregular sleep,irregular sleep,High stress,high stress,Low,low,No family history,No family history,"Low-fat, Hydrating foods","Low-fat, Hydrating foods",None,,All seasons,all seasons,All ages,all ages,Both genders,all genders,Poor sanitation areas,Poor sanitation areas,Avoids contaminated soil,Avoids contaminated soil,None specific,None specific,None specific,None specific,"Neem leaves (5-6), Water (as needed)","Neem leaves (5-6), Water (as needed)","Vata, Kapha","Vata, Kapha",Kapha-Prakriti,Kapha-Prakriti,Avoid walking barefoot in contaminated areas; practice proper hygiene.,Avoid walking barefoot in contaminated areas; practice proper hygiene.,None specific,None specific,Anthelmintic Medications,Anthelmintic Medications,"Proper Hygiene, Avoid Barefoot","Proper Hygiene, Avoid Barefoot",Can be Managed with Medication,Can be Managed with Medication,"Anemia, Abdominal Pain","Anemia, Abdominal Pain","Good Hygiene, Safe Water Practices","Good Hygiene, Safe Water Practices",hookworm infection,"[""abdominal pain"", ""nausea"", ""diarrhea""]",3,1,0,1,"[""allergies_food_env""]"
kp_0138,Huntington's Disease,Huntington's Disease,हंटिंग्टन रोग,हंटिंग्टन रोग,हंटिंग्टन रोग,हंटिंग्टन रोग,"Movement problems, mood swings, cognitive decline","Movement problems, mood swings, cognitive decline","Genetic Testing, Neurological Exam","Genetic Testing, Neurological Exam",Severe,severe,Lifelong,Lifelong,"Genetic, Neurodegenerative","Genetic, Neurodegenerative",Supportive medications,Supportive medications,"Genetics, Family History","Genetics, Family History","Genetic mutations, Family history","Genetic mutations, Family history",Irregular sleep,irregular sleep,High stress,high stress,Low,low,Family history of Huntington's,Family history of Huntington's,"Balanced, High-fiber","Balanced, High-fiber",None,,All seasons,all seasons,30-50 years,30-50 years,Both genders,all genders,Sedentary lifestyle,Sedentary lifestyle,Avoids stress,Avoids stress,None specific,None specific,None specific,None specific,"Brahmi (2g), Ashwagandha (5g), Warm water (200ml)","Brahmi (2g), Ashwagandha (5g), Warm water (200ml)","Vata, Pitta","Vata, Pitta",Vata-Prakriti,Vata-Prakriti,Avoid stress; maintain a diet rich in omega-3 fatty acids.,Avoid stress; maintain a diet rich in omega-3 fatty acids.,None specific,None specific,"Supportive Care, Medications","Supportive Care, Medications","Genetic Counseling, Early Diagnosis","Genetic Counseling, Early Diagnosis",Can be Managed with Treatment,Can be Managed with Treatment,"Cognitive Decline, Movement Issues","Cognitive Decline, Movement Issues","Regular Monitoring, Supportive Care","Regular Monitoring, Supportive Care",huntington s disease,"[""movement problems"", ""mood swings"", ""cognitive decline""]",3,1,1,0,"[""allergies_food_env""]"
kp_0139,Hydronephrosis,Hydronephrosis,हाइड्रोनफ्रॉसिस,हाइड्रोनफ्रॉसिस,हायड्रोनफ्रॉसिस,हायड्रोनफ्रॉसिस,"Swelling, abdominal pain, painful urination","Swelling, abdominal pain, painful urination","Ultrasound, CT Scan, Urine Test","Ultrasound, CT Scan, Urine Test",Moderate to Severe,moderate to severe,1-3 months,1-3 months,"Urinary obstruction, Kidney disease","Urinary obstruction, Kidney disease","Diuretics, Surgery","Diuretics, Surgery","Urinary Blockages, Pregnancy","Urinary Blockages, Pregnancy","Obesity, Kidney stones, Urinary tract obstruction","Obesity, Kidney stones, Urinary tract obstruction",Irregular sleep,irregular sleep,Moderate stress,moderate stress,Low,low,Family history of kidney disease,Family history of kidney disease,"Low-sodium, Hydrating foods","Low-sodium, Hydrating foods",None,,All seasons,all seasons,20-60 years,20-60 years,Both genders,all genders,Sedentary lifestyle,Sedentary lifestyle,Avoids dehydration,Avoids dehydration,None specific,None specific,None specific,None specific,"Gokshura (3g), Warm water (200ml)","Gokshura (3g), Warm water (200ml)","Kapha, Vata","Vata, Kapha",Kapha-Vata,Kapha-Vata,Avoid excess salt; maintain hydration with fresh herbal teas.,Avoid excess salt; maintain hydration with fresh herbal teas.,None specific,None specific,"Surgery, Catheterization","Surgery, Catheterization","Early Diagnosis, Avoid Blockages","Early Diagnosis, Avoid Blockages",Can be Managed with Treatment,Can be Managed with Treatment,"Kidney Damage, Infection","Kidney Damage, Infection","Regular Checkups, Hydration","Regular Checkups, Hydration",hydronephrosis,"[""swelling"", ""abdominal pain"", ""painful urination""]",3,1,0,1,"[""allergies_food_env""]"
kp_0140,Hypercholesterolemia,Hypercholesterolemia,हायपरकोलेस्ट्रोलिमिया,हायपरकोलेस्ट्रोलिमिया,हायपरकोलेस्ट्रोलिमिया,हायपरकोलेस्ट्रोलिमिया,"High cholesterol, chest pain, fatigue","High cholesterol, chest pain, fatigue",Blood Tests,Blood Tests,Moderate to Severe,moderate to severe,Lifelong,Lifelong,"Genetic, High-fat diet","Genetic, High-fat diet","Statins, Lipid-lowering drugs","Statins, Lipid-lowering drugs","Diet, Genetics, Obesity","Diet, Genetics, Obesity","High-fat diet, Sedentary lifestyle","High-fat diet, Sedentary lifestyle",Irregular sleep,irregular sleep,High stress,high stress,Low,low,Family history of hypercholesterolemia,Family history of hypercholesterolemia,"Low-fat, High-fiber","Low-fat, High-fiber",None,,All seasons,all seasons,30-70 years,30-70 years,Both genders,all genders,Sedentary lifestyle,Sedentary lifestyle,Avoids high-fat foods,Avoids high-fat foods,None specific,None specific,None specific,None specific,"Triphala (1 tsp), Warm water (200ml)","Triphala (1 tsp), Warm water (200ml)",Pitta,Pitta,Pitta-Prakriti,Pitta-Prakriti,Avoid trans fats; consume more fiber and antioxidants.,Avoid trans fats; consume more fiber and antioxidants.,Cardiovascular Exercises,Cardiovascular Exercises,"Statins, Diet Changes","Statins, Diet Changes","Healthy Diet, Regular Exercise","Healthy Diet, Regular Exercise",Can be Managed with Medication,Can be Managed with Medication,"Heart Disease, Stroke","Heart Disease, Stroke","Healthy Diet, Regular Exercise","Healthy Diet, Regular Exercise",hypercholesterolemia,"[""high cholesterol"", ""chest pain"", ""fatigue""]",3,0,1,0,"[""allergies_food_env""]"
kp_0141,Hyperparathyroidism,Hyperparathyroidism,हायपरपैरेथायरोइडिज्म,हायपरपैरेथायरोइडिज्म,हायपरपैरेथायरोइडिज्म,हायपरपैरेथायरोइडिज्म,"Weak bones, kidney stones, fatigue","Weak bones, kidney stones, fatigue","Blood Tests, Imaging, Biopsy","Blood Tests, Imaging, Biopsy",Moderate to Severe,moderate to severe,Lifelong,Lifelong,Parathyroid disorder,Parathyroid disorder,"Calcium supplements, Surgery","Calcium supplements, Surgery","Calcium Imbalance, Tumors","Calcium Imbalance, Tumors","Calcium imbalance, Kidney disease","Calcium imbalance, Kidney disease",Irregular sleep,irregular sleep,Moderate stress,moderate stress,Low,low,Family history of hyperparathyroidism,Family history of hyperparathyroidism,"Calcium-rich, Low-sodium","Calcium-rich, Low-sodium",None,,All seasons,all seasons,40-70 years,40-70 years,Both genders,all genders,Sedentary lifestyle,Sedentary lifestyle,Avoids high calcium foods,Avoids high calcium foods,None specific,None specific,None specific,None specific,"Ashwagandha (5g), Warm water (200ml)","Ashwagandha (5g), Warm water (200ml)","Vata, Pitta","Vata, Pitta",Vata-Prakriti,Vata-Prakriti,Include calcium and vitamin D-rich foods; avoid high-phosphate foods.,Include calcium and vitamin D-rich foods; avoid high-phosphate foods.,None specific,None specific,"Surgery, Medications","Surgery, Medications","Regular Monitoring, Surgery","Regular Monitoring, Surgery",Can be Managed with Treatment,Can be Managed with Treatment,"Kidney Stones, Bone Issues","Kidney Stones, Bone Issues","Regular Checkups, Calcium Monitoring","Regular Checkups, Calcium Monitoring",hyperparathyroidism,"[""weak bones"", ""kidney stones"", ""fatigue""]",3,1,1,0,"[""allergies_food_env""]"
kp_0142,Hypertension,Hypertension,उच्च रक्तदाब,उच्च रक्तदाब,उच्च रक्तदाब,उच्च रक्तदाब,"High blood pressure, headaches, dizziness","High blood pressure, headaches, dizziness",Blood Pressure Measurement,Blood Pressure Measurement,Moderate to Severe,moderate to severe,Lifelong,Lifelong,"High blood pressure, Obesity","High blood pressure, Obesity","Antihypertensives, Diuretics","Antihypertensives, Diuretics","Genetics, Obesity, Stress","Genetics, Obesity, Stress","High-salt diet, Sedentary lifestyle","High-salt diet, Sedentary lifestyle",Irregular sleep,irregular sleep,High stress,high stress,Low,low,Family history of hypertension,Family history of hypertension,"Low-sodium, High-potassium","Low-sodium, High-potassium",None,,All seasons,all seasons,30-70 years,30-70 years,Both genders,all genders,Sedentary lifestyle,Sedentary lifestyle,Avoids salt,Avoids salt,None specific,None specific,"Arjuna, Ashwagandha","Arjuna, Ashwagandha","Ashwagandha (5g), Warm water (200ml)","Ashwagandha (5g), Warm water (200ml)","Pitta, Vata","Vata, Pitta",Pitta-Prakriti,Pitta-Prakriti,Avoid salty foods; engage in regular physical activity and deep breathing exercises.,Avoid salty foods; engage in regular physical activity and deep breathing exercises.,"Yoga for Stress Management, Breathing Exercises","Yoga for Stress Management, Breathing Exercises","Antihypertensive Medications, Lifestyle Changes","Antihypertensive Medications, Lifestyle Changes","Regular Monitoring, Healthy Diet","Regular Monitoring, Healthy Diet",Can be Managed with Medication,Can be Managed with Medication,"Heart Disease, Stroke","Heart Disease, Stroke","Healthy Lifestyle, Regular Monitoring","Healthy Lifestyle, Regular Monitoring",hypertension,"[""high blood pressure"", ""headaches"", ""dizziness""]",3,1,1,0,"[""allergies_food_env""]"
kp_0143,Hyperthyroidism,Hyperthyroidism,हायपरथायरॉइडिज्म,हायपरथायरॉइडिज्म,हायपरथायरॉइडिज्म,हायपरथायरॉइडिज्म,"Weight loss, anxiety, tremors, rapid heartbeat","Weight loss, anxiety, tremors, rapid heartbeat","Blood Tests, Imaging, Biopsy","Blood Tests, Imaging, Biopsy",Moderate to Severe,moderate to severe,Lifelong,Lifelong,Thyroid dysfunction,Thyroid dysfunction,"Antithyroid drugs, Surgery","Antithyroid drugs, Surgery","Autoimmune Diseases, Genetics","Autoimmune Diseases, Genetics","Stress, Autoimmune disorders","Stress, Autoimmune disorders",Irregular sleep,irregular sleep,High stress,high stress,High,high,Family history of hyperthyroidism,Family history of hyperthyroidism,"Balanced, High-protein","Balanced, High-protein",None,,Winter season,winter season,20-60 years,20-60 years,Both genders,all genders,Stressful work environments,Stressful work environments,Avoids cold environments,Avoids cold environments,None specific,None specific,"Ashwagandha, Shatavari","Ashwagandha, Shatavari","Ashwagandha (5g), Warm water (200ml)","Ashwagandha (5g), Warm water (200ml)",Pitta,Pitta,Pitta-Prakriti,Pitta-Prakriti,Avoid stimulating foods like caffeine; eat cooling foods like cucumbers.,Avoid stimulating foods like caffeine; eat cooling foods like cucumbers.,"Yoga for Thyroid Health, Relaxation","Yoga for Thyroid Health, Relaxation","Antithyroid Medications, Surgery","Antithyroid Medications, Surgery","Regular Monitoring, Stress Management","Regular Monitoring, Stress Management",Can be Managed with Medication,Can be Managed with Medication,"Heart Problems, Bone Loss","Heart Problems, Bone Loss","Regular Monitoring, Medication","Regular Monitoring, Medication",hyperthyroidism,"[""weight loss"", ""anxiety"", ""tremors"", ""rapid heartbeat""]",4,0,1,0,"[""allergies_food_env""]"
kp_0144,Hypoglycemia,Hypoglycemia,हाइपोग्लायसीमिया,हाइपोग्लायसीमिया,हायपोग्लायसीमिया,हायपोग्लायसीमिया,"Shakiness, sweating, dizziness, confusion","Shakiness, sweating, dizziness, confusion","Blood Tests, Physical Exam","Blood Tests, Physical Exam",Mild to Moderate,mild to moderate,1-2 days,1-2 days,"Diabetes, Insulin treatment","Diabetes, Insulin treatment","Glucose, Sugar supplements","Glucose, Sugar supplements","Diabetes, Inadequate Diet","Diabetes, Inadequate Diet","Low blood sugar levels, Exercise","Low blood sugar levels, Exercise",Irregular sleep,irregular sleep,Moderate stress,moderate stress,Moderate to High,moderate to high,Family history of hypoglycemia,Family history of hypoglycemia,"Low-carbohydrate, High-protein","Low-carbohydrate, High-protein",None,,All seasons,all seasons,20-60 years,20-60 years,Both genders,all genders,Active lifestyle,Active lifestyle,Avoids long fasting,Avoids long fasting,None specific,None specific,"Guduchi, Amla","Guduchi, Amla","Fenugreek (1 tsp), Warm water (200ml)","Fenugreek (1 tsp), Warm water (200ml)","Vata, Kapha","Vata, Kapha",Vata-Kapha,Vata-Kapha,"Eat small, frequent meals; avoid sugary foods.","Eat small, frequent meals; avoid sugary foods.","Breathing Exercises, Yoga","Breathing Exercises, Yoga","Glucose, Medications","Glucose, Medications","Healthy Diet, Regular Monitoring","Healthy Diet, Regular Monitoring",Usually Resolves with Treatment,Usually Resolves with Treatment,"Seizures, Loss of Consciousness","Seizures, Loss of Consciousness","Regular Meals, Avoid Sugar Spikes","Regular Meals, Avoid Sugar Spikes",hypoglycemia,"[""shakiness"", ""sweating"", ""dizziness"", ""confusion""]",4,1,0,1,"[""allergies_food_env""]"
kp_0145,Hypothyroidism,Hypothyroidism,हायपोथायरॉइडिज्म,हायपोथायरॉइडिज्म,हायपोथायरॉइडिज्म,हायपोथायरॉइडिज्म,"Fatigue, weight gain, cold intolerance, dry skin","Fatigue, weight gain, cold intolerance, dry skin","Blood Tests, Imaging, Biopsy","Blood Tests, Imaging, Biopsy",Moderate to Severe,moderate to severe,Lifelong,Lifelong,Thyroid dysfunction,Thyroid dysfunction,Levothyroxine,Levothyroxine,"Autoimmune Diseases, Genetics","Autoimmune Diseases, Genetics","Cold weather, Low iodine intake","Cold weather, Low iodine intake",Irregular sleep,irregular sleep,Moderate stress,moderate stress,Low,low,Family history of hypothyroidism,Family history of hypothyroidism,"Iodine-rich, Low-fat","Iodine-rich, Low-fat",None,,Winter season,winter season,30-70 years,30-70 years,Both genders,all genders,Sedentary lifestyle,Sedentary lifestyle,Avoids cold environments,Avoids cold environments,None specific,None specific,"Ashwagandha, Guggulu","Ashwagandha, Guggulu","Ashwagandha (5g), Turmeric (1/2 tsp), Water (200ml)","Ashwagandha (5g), Turmeric (1/ 2 tsp), Water (200ml)","Vata, Kapha","Vata, Kapha",Vata-Kapha,Vata-Kapha,Include iodine-rich foods; avoid processed foods and excess dairy.,Include iodine-rich foods; avoid processed foods and excess dairy.,"Yoga for Thyroid Health, Relaxation","Yoga for Thyroid Health, Relaxation",Thyroid Hormone Replacement,Thyroid Hormone Replacement,"Regular Monitoring, Stress Management","Regular Monitoring, Stress Management",Can be Managed with Medication,Can be Managed with Medication,"Weight Gain, Fatigue","Weight Gain, Fatigue","Regular Monitoring, Medication","Regular Monitoring, Medication",hypothyroidism,"[""fatigue"", ""weight gain"", ""cold intolerance"", ""dry skin""]",4,1,0,1,"[""allergies_food_env""]"
kp_0146,Indigestion,Indigestion,अपच,अपच,अपचन,अपचन,"Bloating, nausea, discomfort after eating","Bloating, nausea, discomfort after eating","Physical Exam, Endoscopy, Blood Tests","Physical Exam, Endoscopy, Blood Tests",Mild to Moderate,mild to moderate,Varies,Varies,"Diet, Stress, Overeating","Diet, Stress, Overeating","Antacids, Proton-pump inhibitors","Antacids, Proton-pump inhibitors","Stress, Diet, Overeating","Stress, Diet, Overeating","Spicy food, Stress, Overeating","Spicy food, Stress, Overeating",Irregular sleep,irregular sleep,High stress,high stress,Low,low,No family history,No family history,"Low-fat, Avoids spicy foods","Low-fat, Avoids spicy foods",None,,All seasons,all seasons,All ages,all ages,Both genders,all genders,Stressful work environments,Stressful work environments,Avoids large meals,Avoids large meals,"Peppermint, Ginger","Peppermint, Ginger","Ginger, Triphala","Ginger, Triphala","Ajwain (1 tsp), Warm water (200ml)","Ajwain (1 tsp), Warm water (200ml)","Pitta, Vata","Vata, Pitta",Pitta-Vata,Pitta-Vata,"Eat small, frequent meals; avoid raw and fried foods.","Eat small, frequent meals; avoid raw and fried foods.","Rest, Relaxation, Breathing Exercises","Rest, Relaxation, Breathing Exercises","Antacids, Proton Pump Inhibitors","Antacids, Proton Pump Inhibitors","Healthy Diet, Stress Management","Healthy Diet, Stress Management",Usually Resolves with Treatment,Usually Resolves with Treatment,"Ulcers, Acid Reflux","Ulcers, Acid Reflux","Eat Small Meals, Avoid Trigger Foods","Eat Small Meals, Avoid Trigger Foods",indigestion,"[""bloating"", ""nausea"", ""discomfort after eating""]",3,1,1,0,"[""allergies_food_env""]"
kp_0147,Inflammation,Inflammation,सूजन,सूजन,सूजन,सूजन,"Redness, heat, swelling, pain","Redness, heat, swelling, pain","Blood Tests, Imaging, Physical Exam","Blood Tests, Imaging, Physical Exam",Mild to Severe,mild to severe,Varies,Varies,"Autoimmune disorders, Infection","Autoimmune disorders, Infection",Anti-inflammatory drugs,Anti-inflammatory drugs,"Infection, Injury, Autoimmune Disease","Infection, Injury, Autoimmune Disease","Infection, Injury, Autoimmune","Infection, Injury, Autoimmune",Irregular sleep,irregular sleep,Moderate stress,moderate stress,Low,low,Family history of inflammatory diseases,Family history of inflammatory diseases,Anti-inflammatory foods,Anti-inflammatory foods,None,,All seasons,all seasons,All ages,all ages,Both genders,all genders,Sedentary lifestyle,Sedentary lifestyle,Avoids stress,Avoids stress,"Turmeric, Ginger","Turmeric, Ginger","Turmeric, Ashwagandha","Turmeric, Ashwagandha","Turmeric (1/2 tsp), Ginger (2g), Warm water (200ml)","Turmeric (1/ 2 tsp), Ginger (2g), Warm water (200ml)","Vata, Pitta","Vata, Pitta",Vata-Pitta,Vata-Pitta,Include anti-inflammatory foods; avoid processed and fried foods.,Include anti-inflammatory foods; avoid processed and fried foods.,"Yoga for Inflammation, Relaxation","Yoga for Inflammation, Relaxation",Anti-inflammatory Medications,Anti-inflammatory Medications,"Healthy Diet, Stress Management","Healthy Diet, Stress Management",Can be Managed with Medication,Can be Managed with Medication,"Chronic Pain, Tissue Damage","Chronic Pain, Tissue Damage","Healthy Lifestyle, Regular Checkups","Healthy Lifestyle, Regular Checkups",inflammation,"[""redness"", ""heat"", ""swelling"", ""pain""]",4,1,1,0,"[""allergies_food_env""]"
kp_0148,Inflammatory Bowel Disease (IBD),Inflammatory Bowel Disease (IBD),सूजनात्मक आंत्र रोग,सूजनात्मक आंत्र रोग,इन्फ्लेमेटरी बाउल डिसीज,इन्फ्लेमेटरी बाउल डिसीज,"Abdominal pain, diarrhea, weight loss, fatigue","Abdominal pain, diarrhea, weight loss, fatigue","Blood Tests, Stool Tests, Colonoscopy","Blood Tests, Stool Tests, Colonoscopy",Moderate to Severe,moderate to severe,2-3 months,2-3 months,"Autoimmune, Genetic","Autoimmune, Genetic","Immunosuppressants, Biologics","Immunosuppressants, Biologics","Genetics, Immune System Issues","Genetics, Immune System Issues","Stress, Infection, High-fat diet","Stress, Infection, High-fat diet",Irregular sleep,irregular sleep,High stress,high stress,Moderate,moderate,Family history of IBD,Family history of IBD,"Low-fat, High-fiber","Low-fat, High-fiber",None,,All seasons,all seasons,20-50 years,20-50 years,Both genders,all genders,Sedentary lifestyle,Sedentary lifestyle,Avoids stress,Avoids stress,None specific,None specific,"Turmeric, Guduchi","Turmeric, Guduchi","Aloe vera (fresh), Water (200ml)","Aloe vera (fresh), Water (200ml)","Pitta, Kapha","Pitta, Kapha",Pitta-Kapha,Pitta-Kapha,"Avoid spicy, oily, and acidic foods; increase fiber intake.","Avoid spicy, oily, and acidic foods; increase fiber intake.","Yoga for Digestion, Stress Management","Yoga for Digestion, Stress Management","Anti-inflammatory Medications, Surgery","Anti-inflammatory Medications, Surgery","Healthy Diet, Regular Monitoring","Healthy Diet, Regular Monitoring",Can be Managed with Medication,Can be Managed with Medication,"Colon Cancer, Bowel Obstructions","Colon Cancer, Bowel Obstructions","Healthy Diet, Stress Management","Healthy Diet, Stress Management",inflammatory bowel disease ibd,"[""abdominal pain"", ""diarrhea"", ""weight loss"", ""fatigue""]",4,0,1,1,"[""allergies_food_env""]"
kp_0149,Influenza,Influenza,इन्फ्लूएंजा,इन्फ्लूएंजा,फ्लू,फ्लू,"Fever, sore throat, body aches, fatigue","Fever, sore throat, body aches, fatigue","Blood Tests, Throat Culture","Blood Tests, Throat Culture",Mild to Moderate,mild to moderate,1-2 weeks,1-2 weeks,Viral infection,Viral infection,Antiviral drugs,Antiviral drugs,"Seasonal, Close Contact, Weak Immune System","Seasonal, Close Contact, Weak Immune System",Close contact with infected people,Close contact with infected people,Irregular sleep,irregular sleep,High stress,high stress,Low,low,No family history,No family history,"Balanced, Hydrating foods","Balanced, Hydrating foods",None,,Winter season,winter season,All ages,all ages,Both genders,all genders,Exposure to crowds,Exposure to crowds,Avoids exposure to sick individuals,Avoids exposure to sick individuals,"Elderberry, Echinacea","Elderberry, Echinacea","Amla, Guduchi","Amla, Guduchi","Ginger (2g), Honey (1 tsp), Warm water (200ml)","Ginger (2g), Honey (1 tsp), Warm water (200ml)","Vata, Pitta","Vata, Pitta",Vata-Pitta,Vata-Pitta,"Rest, hydrate with herbal teas, and avoid cold foods.","Rest, hydrate with herbal teas, and avoid cold foods.","Rest, Hydration","Rest, Hydration","Antiviral Medications, Vaccination","Antiviral Medications, Vaccination","Vaccination, Hygiene Practices","Vaccination, Hygiene Practices",Usually Resolves with Treatment,Usually Resolves with Treatment,"Pneumonia, Respiratory Failure","Pneumonia, Respiratory Failure","Good Hygiene, Hydration","Good Hygiene, Hydration",influenza,"[""fever"", ""sore throat"", ""body aches"", ""fatigue""]",4,1,1,0,"[""allergies_food_env""]"
kp_0150,Insomnia,Insomnia,अनिद्रा,अनिद्रा,झोप न लागणे,झोप न लागणे,"Difficulty falling asleep, restless mind","Difficulty falling asleep, restless mind","Sleep Study, Physical Exam","Sleep Study, Physical Exam",Moderate to Severe,moderate to severe,1-3 weeks,1-3 weeks,"Stress, Anxiety, Depression","Stress, Anxiety, Depression","Sleep aids, Melatonin","Sleep aids, Melatonin","Stress, Anxiety, Medical Conditions","Stress, Anxiety, Medical Conditions","Noise, Light pollution, Stress","Noise, Light pollution, Stress",Poor sleep quality,poor sleep quality,High stress,high stress,Low,low,Family history of insomnia,Family history of insomnia,"Caffeine-free, Low-sugar","Caffeine-free, Low-sugar",None,,"Winter, Summer","winter, summer",All ages,all ages,Both genders,all genders,Stressful lifestyle,Stressful lifestyle,Avoids loud environments,Avoids loud environments,"Lavender, Chamomile","Lavender, Chamomile","Ashwagandha, Jatamansi","Ashwagandha, Jatamansi","Brahmi (2g), Warm water (200ml)","Brahmi (2g), Warm water (200ml)",Vata,Vata,Vata-Prakriti,Vata-Prakriti,Avoid caffeine; establish a relaxing bedtime routine and practice yoga nidra.,Avoid caffeine; establish a relaxing bedtime routine and practice yoga nidra.,"Relaxation, Breathing Exercises","Relaxation, Breathing Exercises","Sleep Aids, Cognitive Behavioral Therapy","Sleep Aids, Cognitive Behavioral Therapy","Healthy Sleep Hygiene, Stress Management","Healthy Sleep Hygiene, Stress Management",Usually Resolves with Treatment,Usually Resolves with Treatment,"Fatigue, Cognitive Issues","Fatigue, Cognitive Issues","Relaxation, Regular Sleep Schedule","Relaxation, Regular Sleep Schedule",insomnia,"[""difficulty falling asleep"", ""restless mind""]",2,1,0,0,"[""allergies_food_env""]"
kp_0151,Irritable Bowel Syndrome (IBS),Irritable Bowel Syndrome (IBS),अतिसार,अतिसार,अतिसार,अतिसार,"Abdominal cramps, bloating, diarrhea or constipation","Abdominal cramps, bloating, diarrhea or constipation","Blood Tests, Stool Tests, Colonoscopy","Blood Tests, Stool Tests, Colonoscopy",Moderate to Severe,moderate to severe,Varies,Varies,"Stress, Diet, Infections","Stress, Diet, Infections","Fiber supplements, Antispasmodics","Fiber supplements, Antispasmodics","Diet, Stress, Gut Infections","Diet, Stress, Gut Infections","Stress, High-fat diet, Spicy foods","Stress, High-fat diet, Spicy foods",Irregular sleep,irregular sleep,High stress,high stress,Low,low,Family history of IBS,Family history of IBS,"High-fiber, Avoids spicy foods","High-fiber, Avoids spicy foods","Gluten, Dairy","Gluten, Dairy",All seasons,all seasons,20-60 years,20-60 years,Both genders,all genders,Stressful job environments,Stressful job environments,Avoids heavy meals,Avoids heavy meals,"Peppermint, Ginger","Peppermint, Ginger","Triphala, Ginger","Triphala, Ginger","Triphala (1 tsp), Warm water (200ml)","Triphala (1 tsp), Warm water (200ml)",Vata,Vata,Vata-Prakriti,Vata-Prakriti,Avoid gas-producing foods; maintain regular meal timings and hydration.,Avoid gas-producing foods; maintain regular meal timings and hydration.,"Yoga for Digestion, Stress Management","Yoga for Digestion, Stress Management","Fiber, Antispasmodics, Probiotics","Fiber, Antispasmodics, Probiotics","Healthy Diet, Stress Management","Healthy Diet, Stress Management",Can be Managed with Medication,Can be Managed with Medication,"Abdominal Pain, Diarrhea, Constipation","Abdominal Pain, Diarrhea, Constipation","Stress Management, Healthy Diet","Stress Management, Healthy Diet",irritable bowel syndrome ibs,"[""abdominal cramps"", ""bloating"", ""diarrhea or constipation""]",3,1,0,0,[]
kp_0152,Joint Pain,Joint Pain,जोड़ दर्द,जोड़ दर्द,सांधेदुखी,सांधेदुखी,"Swelling, stiffness, pain in joints","Swelling, stiffness, pain in joints","Physical Exam, X-ray, MRI","Physical Exam, X-ray, MRI",Moderate to Severe,moderate to severe,Varies,Varies,"Arthritis, Injury, Aging","Arthritis, Injury, Aging","NSAIDs, Pain relievers","NSAIDs, Pain relievers","Injury, Arthritis, Overuse","Injury, Arthritis, Overuse","Weather, Previous injuries","Weather, Previous injuries",Poor sleep quality,poor sleep quality,Moderate stress,moderate stress,Low,low,Family history of arthritis,Family history of arthritis,"Anti-inflammatory, Low-sodium","Anti-inflammatory, Low-sodium",None,,All seasons,all seasons,40-70 years,40-70 years,Both genders,all genders,Sedentary lifestyle,Sedentary lifestyle,Avoids heavy lifting,Avoids heavy lifting,"Turmeric, Ginger, Boswellia","Turmeric, Ginger, Boswellia","Ashwagandha, Boswellia","Ashwagandha, Boswellia","Turmeric (1/2 tsp), Milk (200ml)","Turmeric (1/ 2 tsp), Milk (200ml)","Vata, Kapha","Vata, Kapha",Vata-Kapha,Vata-Kapha,"Avoid cold foods; practice light exercises and consume warm, cooked meals.","Avoid cold foods; practice light exercises and consume warm, cooked meals.","Stretching, Joint Mobility Exercises","Stretching, Joint Mobility Exercises","Pain Relief Medications, Physical Therapy","Pain Relief Medications, Physical Therapy","Regular Exercise, Weight Management","Regular Exercise, Weight Management",Can be Managed with Medication,Can be Managed with Medication,"Joint Damage, Reduced Mobility","Joint Damage, Reduced Mobility","Regular Exercise, Healthy Diet","Regular Exercise, Healthy Diet",joint pain,"[""swelling"", ""stiffness"", ""pain in joints""]",3,1,0,1,"[""allergies_food_env""]"
kp_0153,Kala-azar,Kala-azar,कालाझार,कालाझार,कालाझार,कालाझार,"Fever, weight loss, fatigue, enlarged spleen or liver","Fever, weight loss, fatigue, enlarged spleen or liver","Blood Tests, Biopsy, Imaging","Blood Tests, Biopsy, Imaging",Moderate to Severe,moderate to severe,1-3 months,1-3 months,"Malaria, HIV/AIDS","Malaria, HIV/ AIDS",Antileishmanial drugs,Antileishmanial drugs,"Poor Sanitation, Infected Sandflies","Poor Sanitation, Infected Sandflies","Tropical, Poor sanitation","Tropical, Poor sanitation",Irregular sleep,irregular sleep,High stress,high stress,Low,low,No family history,No family history,"High-protein, Hydrating foods","High-protein, Hydrating foods",None,,Tropical regions,tropical regions,20-60 years,20-60 years,Both genders,all genders,Exposure to insects,Exposure to insects,Avoids unsanitary conditions,Avoids unsanitary conditions,None specific,None specific,None specific,None specific,"Neem leaves (5-6), Water (as needed)","Neem leaves (5-6), Water (as needed)",Pitta,Pitta,Pitta-Prakriti,Pitta-Prakriti,"Avoid exposure to sandflies; consume light, nutritious food.","Avoid exposure to sandflies; consume light, nutritious food.",None specific,None specific,Antileishmanial Medications,Antileishmanial Medications,"Avoid Sandfly Exposure, Hygiene","Avoid Sandfly Exposure, Hygiene",Can be Managed with Medication,Can be Managed with Medication,"Organ Damage, Death","Organ Damage, Death","Avoid Sandfly Bites, Clean Environment","Avoid Sandfly Bites, Clean Environment",kala azar,"[""fever"", ""weight loss"", ""fatigue"", ""enlarged spleen or liver""]",4,0,1,0,"[""allergies_food_env""]"
kp_0154,Kawasaki Disease,Kawasaki Disease,कावासाकी रोग,कावासाकी रोग,कावासाकी रोग,कावासाकी रोग,"Fever, skin rash, swollen lymph nodes, red eyes","Fever, skin rash, swollen lymph nodes, red eyes","Blood Tests, Echocardiogram, Imaging","Blood Tests, Echocardiogram, Imaging",Severe,severe,2-3 months,2-3 months,"Viral infections, Genetics","Viral infections, Genetics","Aspirin, Immunoglobulin","Aspirin, Immunoglobulin","Genetics, Viral Infections","Genetics, Viral Infections","Infections, Environmental factors","Infections, Environmental factors",Poor sleep quality,poor sleep quality,High stress,high stress,Low,low,Family history of Kawasaki disease,Family history of Kawasaki disease,"Balanced, Anti-inflammatory","Balanced, Anti-inflammatory",None,,"Winter, Spring","winter, spring",1-10 years,1-10 years,Both genders,all genders,High exposure to infections,High exposure to infections,Avoids cold environments,Avoids cold environments,None specific,None specific,None specific,None specific,"Ashwagandha (5g), Warm water (200ml)","Ashwagandha (5g), Warm water (200ml)","Pitta, Vata","Vata, Pitta",Pitta-Vata,Pitta-Vata,Avoid fatty foods; engage in gentle exercises and adequate rest.,Avoid fatty foods; engage in gentle exercises and adequate rest.,None specific,None specific,"Intravenous Immunoglobulin, Aspirin","Intravenous Immunoglobulin, Aspirin","Early Diagnosis, Immediate Treatment","Early Diagnosis, Immediate Treatment",Can be Managed with Treatment,Can be Managed with Treatment,"Heart Damage, Coronary Artery Aneurysms","Heart Damage, Coronary Artery Aneurysms","Early Treatment, Regular Monitoring","Early Treatment, Regular Monitoring",kawasaki disease,"[""fever"", ""skin rash"", ""swollen lymph nodes"", ""red eyes""]",4,1,1,0,"[""allergies_food_env""]"
kp_0155,Kearns-Sayre Syndrome,Kearns-Sayre Syndrome,कर्न्स-सेयर सिंड्रोम,कर्न्स-सेयर सिंड्रोम,कर्न्स-सेयर सिंड्रोम,कर्न्स-सेयर सिंड्रोम,"Muscle weakness, heart problems, eye issues","Muscle weakness, heart problems, eye issues","Genetic Testing, Muscle Biopsy","Genetic Testing, Muscle Biopsy",Severe,severe,Lifelong,Lifelong,"Genetic, Mitochondrial disorders","Genetic, Mitochondrial disorders",Symptom-specific medications,Symptom-specific medications,"Genetic Mutations, Family History","Genetic Mutations, Family History","Genetic, Environmental triggers","Genetic, Environmental triggers",Irregular sleep,irregular sleep,High stress,high stress,Low,low,Family history of mitochondrial diseases,Family history of mitochondrial diseases,"High-protein, Low-sugar","High-protein, Low-sugar",None,,All seasons,all seasons,Childhood to adult,childhood to adult,Both genders,all genders,Sedentary lifestyle,Sedentary lifestyle,Avoids strenuous activities,Avoids strenuous activities,None specific,None specific,None specific,None specific,"Ashwagandha (5g), Brahmi (2g), Warm water (200ml)","Ashwagandha (5g), Brahmi (2g), Warm water (200ml)","Vata, Pitta","Vata, Pitta",Vata-Prakriti,Vata-Prakriti,"Avoid stress; maintain a healthy, balanced diet rich in antioxidants.","Avoid stress; maintain a healthy, balanced diet rich in antioxidants.",None specific,None specific,"Supportive Care, Medications","Supportive Care, Medications","Genetic Counseling, Early Diagnosis","Genetic Counseling, Early Diagnosis",Can be Managed with Treatment,Can be Managed with Treatment,"Vision Loss, Heart Issues","Vision Loss, Heart Issues","Regular Monitoring, Supportive Care","Regular Monitoring, Supportive Care",kearns sayre syndrome,"[""muscle weakness"", ""heart problems"", ""eye issues""]",3,1,1,0,"[""allergies_food_env""]"
kp_0156,Kidney Cancer,Kidney Cancer,किडनी कैंसर,किडनी कैंसर,किडनी कॅन्सर,किडनी कॅन्सर,"Blood in urine, pain in back or abdomen, fatigue","Blood in urine, pain in back or abdomen, fatigue","Imaging, Biopsy, Blood Tests","Imaging, Biopsy, Blood Tests",Severe,severe,6-12 months,6-12 months,"Smoking, High blood pressure","Smoking, High blood pressure","Surgery, Chemotherapy","Surgery, Chemotherapy","Smoking, Obesity, Family History","Smoking, Obesity, Family History","Smoking, Chemical exposure","Smoking, Chemical exposure",Poor sleep quality,poor sleep quality,Moderate stress,moderate stress,Low,low,Family history of kidney disease,Family history of kidney disease,"Low-salt, High-antioxidant","Low-salt, High-antioxidant",None,,All seasons,all seasons,50-70 years,50-70 years,Both genders,all genders,Sedentary lifestyle,Sedentary lifestyle,Avoids toxins,Avoids toxins,None specific,None specific,"Amla, Guduchi","Amla, Guduchi","Gokshura (3g), Warm water (200ml)","Gokshura (3g), Warm water (200ml)","Kapha, Vata","Vata, Kapha",Kapha-Vata,Kapha-Vata,Avoid excess salt and processed foods; maintain hydration.,Avoid excess salt and processed foods; maintain hydration.,None specific,None specific,"Surgery, Chemotherapy, Immunotherapy","Surgery, Chemotherapy, Immunotherapy","Healthy Lifestyle, Early Diagnosis","Healthy Lifestyle, Early Diagnosis",Can be Managed with Treatment,Can be Managed with Treatment,"Metastasis, Organ Failure","Metastasis, Organ Failure","Early Diagnosis, Regular Monitoring","Early Diagnosis, Regular Monitoring",kidney cancer,"[""blood in urine"", ""pain in back or abdomen"", ""fatigue""]",3,1,0,1,"[""allergies_food_env""]"
kp_0157,Kidney Stones,Kidney Stones,गुर्दे की पथरी,गुर्दे की पथरी,मूत्रपिंडाचे खडे,मूत्रपिंडाचे खडे,"Severe pain in the back or side, blood in urine","Severe pain in the back or side, blood in urine","Urine Tests, Imaging, Blood Tests","Urine Tests, Imaging, Blood Tests",Moderate to Severe,moderate to severe,1-3 months,1-3 months,"Dehydration, High-sodium diet","Dehydration, High-sodium diet","Pain relievers, Diuretics","Pain relievers, Diuretics","Dehydration, High Calcium Intake","Dehydration, High Calcium Intake","Dehydration, High-sodium diet","Dehydration, High-sodium diet",Irregular sleep,irregular sleep,Moderate stress,moderate stress,Low,low,Family history of kidney stones,Family history of kidney stones,"High-fluid, Low-oxalate","High-fluid, Low-oxalate",None,,All seasons,all seasons,20-50 years,20-50 years,Both genders,all genders,Sedentary lifestyle,Sedentary lifestyle,Avoids dehydration,Avoids dehydration,None specific,None specific,None specific,None specific,"Pomegranate (fresh), Water (200ml)","Pomegranate (fresh), Water (200ml)","Vata, Kapha","Vata, Kapha",Vata-Kapha,Vata-Kapha,Drink plenty of water; avoid high-oxalate foods like spinach.,Drink plenty of water; avoid high-oxalate foods like spinach.,None specific,None specific,"Pain Relief, Surgery, Lithotripsy","Pain Relief, Surgery, Lithotripsy","Drink Plenty of Water, Healthy Diet","Drink Plenty of Water, Healthy Diet",Can be Managed with Treatment,Can be Managed with Treatment,"Urinary Tract Infection, Kidney Damage","Urinary Tract Infection, Kidney Damage","Stay Hydrated, Avoid Trigger Foods","Stay Hydrated, Avoid Trigger Foods",kidney stones,"[""severe pain in the back or side"", ""blood in urine""]",2,1,0,1,"[""allergies_food_env""]"
kp_0158,Kleine-Levin Syndrome,Kleine-Levin Syndrome,क्लेइन-लेविन सिंड्रोम,क्लेइन-लेविन सिंड्रोम,क्लेइन-लेविन सिंड्रोम,क्लेइन-लेविन सिंड्रोम,"Recurrent episodes of excessive sleep, altered behavior","Recurrent episodes of excessive sleep, altered behavior","Physical Exam, Sleep Study","Physical Exam, Sleep Study",Severe,severe,Varies,Varies,"Sleep disorders, Genetic","Sleep disorders, Genetic","Stimulants, Sleep regulation","Stimulants, Sleep regulation","Genetics, Hormonal Imbalances","Genetics, Hormonal Imbalances","Stress, Hormonal imbalances","Stress, Hormonal imbalances",Extreme fatigue,extreme fatigue,High stress,high stress,Low,low,Family history of sleep disorders,Family history of sleep disorders,"High-protein, Low-carb","High-protein, Low-carb",None,,All seasons,all seasons,Teenagers to 30s,teenagers to 30s,Both genders,all genders,Sleep disturbances,Sleep disturbances,Avoids stress,Avoids stress,None specific,None specific,None specific,None specific,"Brahmi (2g), Ashwagandha (5g), Warm water (200ml)","Brahmi (2g), Ashwagandha (5g), Warm water (200ml)",Vata,Vata,Vata-Prakriti,Vata-Prakriti,Avoid excessive screen time; establish regular sleep patterns.,Avoid excessive screen time; establish regular sleep patterns.,None specific,None specific,"Medications, Sleep Hygiene","Medications, Sleep Hygiene","Regular Sleep Patterns, Stress Management","Regular Sleep Patterns, Stress Management",Can be Managed with Medication,Can be Managed with Medication,"Cognitive Dysfunction, Fatigue","Cognitive Dysfunction, Fatigue","Healthy Sleep, Stress Management","Healthy Sleep, Stress Management",kleine levin syndrome,"[""recurrent episodes of excessive sleep"", ""altered behavior""]",2,1,0,0,"[""allergies_food_env""]"
kp_0159,Klinefelter Syndrome,Klinefelter Syndrome,क्लाइनफेल्टर सिंड्रोम,क्लाइनफेल्टर सिंड्रोम,क्लाइनफेल्टर सिंड्रोम,क्लाइनफेल्टर सिंड्रोम,"Infertility, enlarged breasts, low testosterone","Infertility, enlarged breasts, low testosterone","Blood Tests, Genetic Testing","Blood Tests, Genetic Testing",Moderate to Severe,moderate to severe,Lifelong,Lifelong,"Genetic, Hormonal imbalance","Genetic, Hormonal imbalance","Testosterone therapy, Surgery","Testosterone therapy, Surgery","Genetics, Family History","Genetics, Family History","Genetic, Hormonal imbalance","Genetic, Hormonal imbalance",Irregular sleep,irregular sleep,Moderate stress,moderate stress,Low,low,Family history of Klinefelter syndrome,Family history of Klinefelter syndrome,"Balanced, Low-fat","Balanced, Low-fat",None,,All seasons,all seasons,Adolescence to adulthood,adolescence to adulthood,Male,male,Sedentary lifestyle,Sedentary lifestyle,Avoids stress,Avoids stress,None specific,None specific,"Ashwagandha, Shatavari","Ashwagandha, Shatavari","Ashwagandha (5g), Gokshura (3g), Warm water (200ml)","Ashwagandha (5g), Gokshura (3g), Warm water (200ml)","Vata, Pitta","Vata, Pitta",Vata-Prakriti,Vata-Prakriti,Maintain a balanced diet; practice physical activity regularly.,Maintain a balanced diet; practice physical activity regularly.,None specific,None specific,"Testosterone Replacement, Speech Therapy","Testosterone Replacement, Speech Therapy","Genetic Counseling, Early Diagnosis","Genetic Counseling, Early Diagnosis",Can be Managed with Treatment,Can be Managed with Treatment,"Infertility, Cognitive Issues","Infertility, Cognitive Issues","Early Intervention, Regular Monitoring","Early Intervention, Regular Monitoring",klinefelter syndrome,"[""infertility"", ""enlarged breasts"", ""low testosterone""]",3,1,1,0,"[""allergies_food_env""]"
kp_0160,Krabbe Disease,Krabbe Disease,क्राबे रोग,क्राबे रोग,क्राबे रोग,क्राबे रोग,"Muscle weakness, loss of motor skills, irritability","Muscle weakness, loss of motor skills, irritability","Genetic Testing, Neurological Exam","Genetic Testing, Neurological Exam",Severe,severe,Lifelong,Lifelong,"Genetic, Mitochondrial disorders","Genetic, Mitochondrial disorders",No specific treatment,No specific treatment,"Genetic Mutations, Family History","Genetic Mutations, Family History","Genetic, Environmental triggers","Genetic, Environmental triggers",Irregular sleep,irregular sleep,High stress,high stress,Low,low,Family history of Krabbe disease,Family history of Krabbe disease,"High-protein, Low-sugar","High-protein, Low-sugar",None,,All seasons,all seasons,Infants,infants,Both genders,all genders,Limited physical activity,Limited physical activity,Avoids physical exertion,Avoids physical exertion,None specific,None specific,None specific,None specific,"Brahmi (2g), Olive oil (5ml)","Brahmi (2g), Olive oil (5ml)","Vata, Pitta","Vata, Pitta",Vata-Prakriti,Vata-Prakriti,Engage in gentle exercises; focus on a nutrient-dense diet.,Engage in gentle exercises; focus on a nutrient-dense diet.,None specific,None specific,"Stem Cell Transplant, Supportive Care","Stem Cell Transplant, Supportive Care","Genetic Counseling, Early Diagnosis","Genetic Counseling, Early Diagnosis",Can be Managed with Treatment,Can be Managed with Treatment,"Neurological Decline, Paralysis","Neurological Decline, Paralysis","Early Diagnosis, Supportive Care","Early Diagnosis, Supportive Care",krabbe disease,"[""muscle weakness"", ""loss of motor skills"", ""irritability""]",3,1,1,0,"[""allergies_food_env""]"
kp_0161,Kyasanur Forest Disease,Kyasanur Forest Disease,क्यासानुर वन रोग,क्यासानुर वन रोग,क्यासानुर वन रोग,क्यासानुर वन रोग,"Fever, headache, body ache, bleeding","Fever, headache, body ache, bleeding","Blood Tests, Imaging, PCR Tests","Blood Tests, Imaging, PCR Tests",Severe,severe,1-2 months,1-2 months,"Tick exposure, Rural areas","Tick exposure, Rural areas","Antiviral, Supportive care","Antiviral, Supportive care","Animal Bites, Poor Hygiene","Animal Bites, Poor Hygiene","Rural areas, Forest exposure","Rural areas, Forest exposure",Irregular sleep,irregular sleep,High stress,high stress,Low,low,Family history of Kyasanur disease,Family history of Kyasanur disease,"High-fluid, High-antioxidant","High-fluid, High-antioxidant",None,,Rainy season,rainy season,20-60 years,20-60 years,Both genders,all genders,"Outdoor, Agricultural work","Outdoor, Agricultural work",Avoids tick exposure,Avoids tick exposure,None specific,None specific,None specific,None specific,"Neem leaves (5-6), Water (as needed)","Neem leaves (5-6), Water (as needed)",Kapha,Kapha,Kapha-Prakriti,Kapha-Prakriti,Avoid contact with ticks; use neem-based repellent.,Avoid contact with ticks; use neem-based repellent.,None specific,None specific,"Supportive Care, Antiviral Medications","Supportive Care, Antiviral Medications","Avoid Animal Contact, Vaccination","Avoid Animal Contact, Vaccination",Can be Managed with Treatment,Can be Managed with Treatment,"Organ Damage, Death","Organ Damage, Death","Avoid Animal Exposure, Vaccination","Avoid Animal Exposure, Vaccination",kyasanur forest disease,"[""fever"", ""headache"", ""body ache"", ""bleeding""]",4,0,0,1,"[""allergies_food_env""]"
kp_0162,Langerhans Cell Histiocytosis,Langerhans Cell Histiocytosis,लैंगेरहांस कोशिका हिस्टियोसाइटोसिस,लैंगेरहांस कोशिका हिस्टियोसाइटोसिस,लैंगेरहांस कोशिका हिस्टियोसाइटोसिस,लैंगेरहांस कोशिका हिस्टियोसाइटोसिस,"Skin rashes, bone pain, swollen lymph nodes","Skin rashes, bone pain, swollen lymph nodes","Biopsy, Blood Tests, Imaging","Biopsy, Blood Tests, Imaging",Severe,severe,1-3 months,1-3 months,"Genetic, Immune system disorders","Genetic, Immune system disorders","Chemotherapy, Steroids","Chemotherapy, Steroids","Genetic Mutations, Immune System Dysfunction","Genetic Mutations, Immune System Dysfunction","Genetic, Environmental triggers","Genetic, Environmental triggers",Irregular sleep,irregular sleep,High stress,high stress,Low,low,Family history of Langerhans cell histiocytosis,Family history of Langerhans cell histiocytosis,"Balanced, Low-fat","Balanced, Low-fat",None,,All seasons,all seasons,Childhood,childhood,Both genders,all genders,Sedentary lifestyle,Sedentary lifestyle,Avoids infections,Avoids infections,None specific,None specific,None specific,None specific,"Guduchi (3g), Warm water (200ml)","Guduchi (3g), Warm water (200ml)",Pitta,Pitta,Pitta-Prakriti,Pitta-Prakriti,Avoid processed foods; engage in light exercise.,Avoid processed foods; engage in light exercise.,None specific,None specific,"Chemotherapy, Immunotherapy, Surgery","Chemotherapy, Immunotherapy, Surgery","Genetic Counseling, Early Diagnosis","Genetic Counseling, Early Diagnosis",Can be Managed with Treatment,Can be Managed with Treatment,"Organ Damage, Cancer","Organ Damage, Cancer","Regular Monitoring, Early Diagnosis","Regular Monitoring, Early Diagnosis",langerhans cell histiocytosis,"[""skin rashes"", ""bone pain"", ""swollen lymph nodes""]",3,0,1,0,"[""allergies_food_env""]"
kp_0163,Larsen Syndrome,Larsen Syndrome,लार्सन सिंड्रोम,लार्सन सिंड्रोम,लार्सन सिंड्रोम,लार्सन सिंड्रोम,"Joint dislocations, short stature, skeletal deformities","Joint dislocations, short stature, skeletal deformities","Genetic Testing, Physical Exam","Genetic Testing, Physical Exam",Severe,severe,Lifelong,Lifelong,"Genetic, Connective tissue disorders","Genetic, Connective tissue disorders",Symptom-specific treatment,Symptom-specific treatment,"Genetic Mutations, Family History","Genetic Mutations, Family History","Genetic, Environmental factors","Genetic, Environmental factors",Irregular sleep,irregular sleep,Moderate stress,moderate stress,Low,low,Family history of Larsen syndrome,Family history of Larsen syndrome,"High-protein, Low-sugar","High-protein, Low-sugar",None,,All seasons,all seasons,Childhood to adulthood,childhood to adulthood,Both genders,all genders,Limited physical activity,Limited physical activity,Avoids strenuous activities,Avoids strenuous activities,None specific,None specific,None specific,None specific,"Ashwagandha (5g), Warm water (200ml)","Ashwagandha (5g), Warm water (200ml)",Vata,Vata,Vata-Prakriti,Vata-Prakriti,Avoid excessive physical strain; consume calcium-rich foods.,Avoid excessive physical strain; consume calcium-rich foods.,"Physical Therapy, Joint Mobility Exercises","Physical Therapy, Joint Mobility Exercises","Surgical Intervention, Physical Therapy","Surgical Intervention, Physical Therapy","Genetic Counseling, Early Diagnosis","Genetic Counseling, Early Diagnosis",Can be Managed with Treatment,Can be Managed with Treatment,"Joint Deformities, Mobility Issues","Joint Deformities, Mobility Issues","Early Intervention, Regular Monitoring","Early Intervention, Regular Monitoring",larsen syndrome,"[""joint dislocations"", ""short stature"", ""skeletal deformities""]",3,1,0,0,"[""allergies_food_env""]"
kp_0164,Lassa Fever,Lassa Fever,लासा बुखार,लासा बुखार,लासा बुखार,लासा बुखार,"Fever, bleeding, cough, muscle pain","Fever, bleeding, cough, muscle pain","Blood Tests, PCR Tests","Blood Tests, PCR Tests",Severe,severe,2-4 weeks,2-4 weeks,"Viral infection, Endemic areas","Viral infection, Endemic areas","Antiviral drugs, Supportive care","Antiviral drugs, Supportive care","Animal Exposure, Poor Hygiene","Animal Exposure, Poor Hygiene","Tropical areas, Rodent exposure","Tropical areas, Rodent exposure",Irregular sleep,irregular sleep,High stress,high stress,Low,low,Family history of Lassa fever,Family history of Lassa fever,"High-fluid, Hydrating foods","High-fluid, Hydrating foods",None,,Rainy season,rainy season,20-60 years,20-60 years,Both genders,all genders,"Rural, Unsanitary conditions","Rural, Unsanitary conditions",Avoids rodent exposure,Avoids rodent exposure,None specific,None specific,None specific,None specific,"Guduchi (3g), Tulsi (2g), Warm water (200ml)","Guduchi (3g), Tulsi (2g), Warm water (200ml)","Vata, Pitta","Vata, Pitta",Vata-Prakriti,Vata-Prakriti,"Avoid contact with rodents; consume light, nutritious meals.","Avoid contact with rodents; consume light, nutritious meals.",None specific,None specific,"Supportive Care, Antiviral Medications","Supportive Care, Antiviral Medications","Avoid Animal Contact, Hygiene Practices","Avoid Animal Contact, Hygiene Practices",Can be Managed with Medication,Can be Managed with Medication,"Organ Failure, Death","Organ Failure, Death","Avoid Animal Exposure, Regular Hygiene","Avoid Animal Exposure, Regular Hygiene",lassa fever,"[""fever"", ""bleeding"", ""cough"", ""muscle pain""]",4,1,1,0,"[""allergies_food_env""]"
kp_0165,Leigh Syndrome,Leigh Syndrome,ली सिण्ड्रोम,ली सिण्ड्रोम,ली सिण्ड्रोम,ली सिण्ड्रोम,Progressive loss of mental and movement abilities,Progressive loss of mental and movement abilities,"Genetic Testing, MRI, Biopsy","Genetic Testing, MRI, Biopsy",Severe,severe,Lifelong,Lifelong,"Genetic, Mitochondrial disorders","Genetic, Mitochondrial disorders",Symptom-specific treatment,Symptom-specific treatment,"Genetic Mutations, Family History","Genetic Mutations, Family History","Genetic, Environmental factors","Genetic, Environmental factors",Irregular sleep,irregular sleep,High stress,high stress,Low,low,Family history of Leigh syndrome,Family history of Leigh syndrome,"High-protein, Low-sugar","High-protein, Low-sugar",None,,All seasons,all seasons,Infants to adulthood,infants to adulthood,Both genders,all genders,Sedentary lifestyle,Sedentary lifestyle,Avoids physical exertion,Avoids physical exertion,None specific,None specific,None specific,None specific,"Ashwagandha (5g), Brahmi (2g), Warm water (200ml)","Ashwagandha (5g), Brahmi (2g), Warm water (200ml)",Vata,Vata,Vata-Prakriti,Vata-Prakriti,Focus on brain-boosting foods; engage in gentle cognitive exercises.,Focus on brain-boosting foods; engage in gentle cognitive exercises.,None specific,None specific,"Supportive Care, Symptomatic Treatment","Supportive Care, Symptomatic Treatment","Genetic Counseling, Early Diagnosis","Genetic Counseling, Early Diagnosis",Can be Managed with Treatment,Can be Managed with Treatment,"Neurological Decline, Death","Neurological Decline, Death","Early Diagnosis, Supportive Care","Early Diagnosis, Supportive Care",leigh syndrome,"[""progressive loss of mental and movement abilities""]",1,1,0,0,"[""allergies_food_env""]"
kp_0166,Leishmaniasis,Leishmaniasis,लेशमेनियास,लेशमेनियास,लेशमेनियास,लेशमेनियास,"Skin ulcers, fever, weight loss, swollen spleen","Skin ulcers, fever, weight loss, swollen spleen","Blood Tests, Biopsy, Imaging","Blood Tests, Biopsy, Imaging",Moderate to Severe,moderate to severe,1-6 months,1-6 months,"Parasitic infection, Tropical areas","Parasitic infection, Tropical areas",Antileishmanial drugs,Antileishmanial drugs,"Poor Sanitation, Infected Sandflies","Poor Sanitation, Infected Sandflies","Tropical regions, Sandfly exposure","Tropical regions, Sandfly exposure",Irregular sleep,irregular sleep,High stress,high stress,Low,low,Family history of leishmaniasis,Family history of leishmaniasis,"Balanced, Anti-inflammatory","Balanced, Anti-inflammatory",None,,"Summer, Rainy season","summer, rainy season",20-60 years,20-60 years,Both genders,all genders,"Outdoor, Rural environments","Outdoor, Rural environments",Avoids sandfly exposure,Avoids sandfly exposure,None specific,None specific,"Guduchi, Triphala","Guduchi, Triphala","Neem leaves (5-6), Water (as needed)","Neem leaves (5-6), Water (as needed)",Pitta,Pitta,Pitta-Prakriti,Pitta-Prakriti,Avoid exposure to sandflies; consume a diet rich in iron and protein.,Avoid exposure to sandflies; consume a diet rich in iron and protein.,None specific,None specific,Antileishmanial Medications,Antileishmanial Medications,"Avoid Sandfly Exposure, Hygiene Practices","Avoid Sandfly Exposure, Hygiene Practices",Can be Managed with Medication,Can be Managed with Medication,"Organ Damage, Death","Organ Damage, Death","Avoid Sandfly Bites, Regular Checkups","Avoid Sandfly Bites, Regular Checkups",leishmaniasis,"[""skin ulcers"", ""fever"", ""weight loss"", ""swollen spleen""]",4,0,1,0,"[""allergies_food_env""]"
kp_0167,Leprosy,Leprosy,कुष्ठ रोग,कुष्ठ रोग,कुष्ठ रोग,कुष्ठ रोग,"Skin lesions, nerve damage, muscle weakness","Skin lesions, nerve damage, muscle weakness","Skin Biopsy, Blood Tests","Skin Biopsy, Blood Tests",Moderate to Severe,moderate to severe,6-12 months,6-12 months,"Bacterial infection, Endemic areas","Bacterial infection, Endemic areas","Antibiotics, Supportive care","Antibiotics, Supportive care","Poor Hygiene, Close Contact","Poor Hygiene, Close Contact","Endemic regions, Poor sanitation","Endemic regions, Poor sanitation",Irregular sleep,irregular sleep,High stress,high stress,Low,low,Family history of leprosy,Family history of leprosy,"High-protein, Balanced","High-protein, Balanced",None,,All seasons,all seasons,20-60 years,20-60 years,Both genders,all genders,"Rural, Poor sanitation","Rural, Poor sanitation",Avoids overcrowded areas,Avoids overcrowded areas,None specific,None specific,"Amla, Guduchi","Amla, Guduchi","Turmeric (1/2 tsp), Neem leaves (5-6), Water (200ml)","Turmeric (1/ 2 tsp), Neem leaves (5-6), Water (200ml)",Pitta,Pitta,Pitta-Prakriti,Pitta-Prakriti,"Maintain hygiene; consume a nutritious, balanced diet.","Maintain hygiene; consume a nutritious, balanced diet.",None specific,None specific,"Antibiotics, Multidrug Therapy","Antibiotics, Multidrug Therapy","Early Diagnosis, Good Hygiene","Early Diagnosis, Good Hygiene",Can be Managed with Medication,Can be Managed with Medication,"Nerve Damage, Disability","Nerve Damage, Disability","Early Treatment, Regular Monitoring","Early Treatment, Regular Monitoring",leprosy,"[""skin lesions"", ""nerve damage"", ""muscle weakness""]",3,0,1,0,"[""allergies_food_env""]"
kp_0168,Leptospirosis,Leptospirosis,लेप्टोस्पायरोसिस,लेप्टोस्पायरोसिस,लेप्टोस्पायरोसिस,लेप्टोस्पायरोसिस,"Fever, headache, muscle pain, jaundice","Fever, headache, muscle pain, jaundice","Blood Tests, Urine Tests, Imaging","Blood Tests, Urine Tests, Imaging",Moderate to Severe,moderate to severe,1-2 weeks,1-2 weeks,"Animal exposure, Wet environments","Animal exposure, Wet environments","Antibiotics, Supportive care","Antibiotics, Supportive care","Animal Exposure, Poor Sanitation","Animal Exposure, Poor Sanitation","Wet environments, Animal exposure","Wet environments, Animal exposure",Irregular sleep,irregular sleep,High stress,high stress,Low,low,Family history of leptospirosis,Family history of leptospirosis,"High-fluid, Hydrating foods","High-fluid, Hydrating foods",None,,Rainy season,rainy season,20-60 years,20-60 years,Both genders,all genders,"Rural, Agricultural work","Rural, Agricultural work",Avoids animal exposure,Avoids animal exposure,None specific,None specific,None specific,None specific,"Guduchi (3g), Tulsi (2g), Warm water (200ml)","Guduchi (3g), Tulsi (2g), Warm water (200ml)","Vata, Pitta","Vata, Pitta",Vata-Pitta,Vata-Pitta,Drink plenty of water; avoid contaminated water sources.,Drink plenty of water; avoid contaminated water sources.,None specific,None specific,"Antibiotics, Supportive Care","Antibiotics, Supportive Care","Avoid Animal Contact, Hygiene Practices","Avoid Animal Contact, Hygiene Practices",Can be Managed with Medication,Can be Managed with Medication,"Organ Damage, Kidney Failure","Organ Damage, Kidney Failure","Avoid Animal Exposure, Regular Hygiene","Avoid Animal Exposure, Regular Hygiene",leptospirosis,"[""fever"", ""headache"", ""muscle pain"", ""jaundice""]",4,1,1,0,"[""allergies_food_env""]"
kp_0169,Lesch-Nyhan Syndrome,Lesch-Nyhan Syndrome,लेश-नायहान सिंड्रोम,लेश-नायहान सिंड्रोम,लेश-नायहान सिंड्रोम,लेश-नायहान सिंड्रोम,"Self-injurious behavior, kidney stones, muscle rigidity","Self-injurious behavior, kidney stones, muscle rigidity","Genetic Testing, Blood Tests","Genetic Testing, Blood Tests",Severe,severe,Lifelong,Lifelong,"Genetic, X-linked disorders","Genetic, X-linked disorders",Symptom-specific treatment,Symptom-specific treatment,"Genetic Mutations, Family History","Genetic Mutations, Family History","Genetic, Environmental factors","Genetic, Environmental factors",Irregular sleep,irregular sleep,High stress,high stress,Low,low,Family history of Lesch-Nyhan syndrome,Family history of Lesch-Nyhan syndrome,"High-protein, Low-sugar","High-protein, Low-sugar",None,,All seasons,all seasons,Childhood to adulthood,childhood to adulthood,Male,male,Sedentary lifestyle,Sedentary lifestyle,Avoids physical exertion,Avoids physical exertion,None specific,None specific,None specific,None specific,"Ashwagandha (5g), Warm water (200ml)","Ashwagandha (5g), Warm water (200ml)","Vata, Pitta","Vata, Pitta",Vata-Prakriti,Vata-Prakriti,Focus on mental health; avoid triggering stimuli.,Focus on mental health; avoid triggering stimuli.,None specific,None specific,"Supportive Care, Medications","Supportive Care, Medications","Genetic Counseling, Early Diagnosis","Genetic Counseling, Early Diagnosis",Can be Managed with Treatment,Can be Managed with Treatment,"Neurological Decline, Self-Harm","Neurological Decline, Self-Harm","Early Diagnosis, Regular Monitoring","Early Diagnosis, Regular Monitoring",lesch nyhan syndrome,"[""self-injurious behavior"", ""kidney stones"", ""muscle rigidity""]",3,1,1,0,"[""allergies_food_env""]"
kp_0170,Leukemia,Leukemia,ल्यूकेमिया,ल्यूकेमिया,ल्यूकेमिया,ल्यूकेमिया,"Fatigue, unexplained weight loss, frequent infections","Fatigue, unexplained weight loss, frequent infections","Blood Tests, Bone Marrow Biopsy","Blood Tests, Bone Marrow Biopsy",Severe,severe,6 months to several years,6 months to several years,"Genetic, Blood disorders","Genetic, Blood disorders","Chemotherapy, Targeted therapy","Chemotherapy, Targeted therapy","Genetic Mutations, Environmental Factors","Genetic Mutations, Environmental Factors","Genetic, Environmental factors","Genetic, Environmental factors",Irregular sleep,irregular sleep,High stress,high stress,Low,low,Family history of leukemia,Family history of leukemia,"Low-fat, High-protein","Low-fat, High-protein",None,,All seasons,all seasons,Childhood to adulthood,childhood to adulthood,Both genders,all genders,Sedentary lifestyle,Sedentary lifestyle,Avoids infections,Avoids infections,None specific,None specific,"Amla, Ashwagandha","Amla, Ashwagandha","Ashwagandha (5g), Brahmi (2g), Warm water (200ml)","Ashwagandha (5g), Brahmi (2g), Warm water (200ml)","Vata, Pitta","Vata, Pitta",Vata-Prakriti,Vata-Prakriti,Eat a nutrient-rich diet; maintain a healthy weight and exercise regularly.,Eat a nutrient-rich diet; maintain a healthy weight and exercise regularly.,None specific,None specific,"Chemotherapy, Bone Marrow Transplant","Chemotherapy, Bone Marrow Transplant","Early Diagnosis, Regular Checkups","Early Diagnosis, Regular Checkups",Can be Managed with Treatment,Can be Managed with Treatment,"Infection, Organ Damage","Infection, Organ Damage","Early Diagnosis, Regular Monitoring","Early Diagnosis, Regular Monitoring",leukemia,"[""fatigue"", ""unexplained weight loss"", ""frequent infections""]",3,1,1,0,"[""allergies_food_env""]"
kp_0171,Leukodystrophy,Leukodystrophy,ल्यूकोडिस्ट्रोफी,ल्यूकोडिस्ट्रोफी,ल्यूकोडिस्ट्रोफी,ल्यूकोडिस्ट्रोफी,"Muscle weakness, vision problems, difficulty with coordination","Muscle weakness, vision problems, difficulty with coordination","Genetic Testing, MRI, Biopsy","Genetic Testing, MRI, Biopsy",Severe,severe,Lifelong,Lifelong,"Genetic, Nervous system disorders","Genetic, Nervous system disorders",Symptom-specific treatment,Symptom-specific treatment,"Genetic Mutations, Family History","Genetic Mutations, Family History","Genetic, Environmental factors","Genetic, Environmental factors",Irregular sleep,irregular sleep,High stress,high stress,Low,low,Family history of leukodystrophy,Family history of leukodystrophy,"High-protein, Low-sugar","High-protein, Low-sugar",None,,All seasons,all seasons,Childhood to adulthood,childhood to adulthood,Both genders,all genders,Limited physical activity,Limited physical activity,Avoids strenuous activities,Avoids strenuous activities,None specific,None specific,None specific,None specific,"Brahmi (2g), Ashwagandha (5g), Warm water (200ml)","Brahmi (2g), Ashwagandha (5g), Warm water (200ml)","Vata, Pitta","Vata, Pitta",Vata-Prakriti,Vata-Prakriti,"Avoid stress; consume a nutrient-rich, antioxidant-rich diet.","Avoid stress; consume a nutrient-rich, antioxidant-rich diet.",None specific,None specific,"Supportive Care, Medications","Supportive Care, Medications","Genetic Counseling, Early Diagnosis","Genetic Counseling, Early Diagnosis",Can be Managed with Treatment,Can be Managed with Treatment,"Neurological Decline, Death","Neurological Decline, Death","Early Diagnosis, Supportive Care","Early Diagnosis, Supportive Care",leukodystrophy,"[""muscle weakness"", ""vision problems"", ""difficulty with coordination""]",3,1,1,0,"[""allergies_food_env""]"
kp_0172,Liddle Syndrome,Liddle Syndrome,लिडल सिंड्रोम,लिडल सिंड्रोम,लिडल सिंड्रोम,लिडल सिंड्रोम,"High blood pressure, low potassium levels, alkalosis","High blood pressure, low potassium levels, alkalosis","Genetic Testing, Blood Tests","Genetic Testing, Blood Tests",Moderate to Severe,moderate to severe,Lifelong,Lifelong,"Genetic, Kidney disorders","Genetic, Kidney disorders","Sodium restriction, Medication","Sodium restriction, Medication","Genetic Mutations, Family History","Genetic Mutations, Family History","Genetic, Environmental factors","Genetic, Environmental factors",Irregular sleep,irregular sleep,Moderate stress,moderate stress,Low,low,Family history of Liddle syndrome,Family history of Liddle syndrome,"Low-sodium, Balanced","Low-sodium, Balanced",None,,All seasons,all seasons,Childhood to adulthood,childhood to adulthood,Both genders,all genders,Sedentary lifestyle,Sedentary lifestyle,Avoids excess salt,Avoids excess salt,None specific,None specific,None specific,None specific,"Guduchi (3g), Warm water (200ml)","Guduchi (3g), Warm water (200ml)","Vata, Kapha","Vata, Kapha",Vata-Kapha,Vata-Kapha,Reduce salt intake; consume potassium-rich foods.,Reduce salt intake; consume potassium-rich foods.,None specific,None specific,"Medications (Diuretics, Aldosterone Antagonists)","Medications (Diuretics, Aldosterone Antagonists)","Genetic Counseling, Early Diagnosis","Genetic Counseling, Early Diagnosis",Can be Managed with Medication,Can be Managed with Medication,"Hypertension, Renal Damage","Hypertension, Renal Damage","Early Diagnosis, Regular Monitoring","Early Diagnosis, Regular Monitoring",liddle syndrome,"[""high blood pressure"", ""low potassium levels"", ""alkalosis""]",3,1,0,1,"[""allergies_food_env""]"
kp_0173,Lipid Storage Disease,Lipid Storage Disease,लिपिड स्टोरेज रोग,लिपिड स्टोरेज रोग,लिपिड स्टोरेज रोग,लिपिड स्टोरेज रोग,"Enlarged liver, spleen, muscle weakness","Enlarged liver, spleen, muscle weakness","Genetic Testing, Biopsy, Blood Tests","Genetic Testing, Biopsy, Blood Tests",Moderate to Severe,moderate to severe,Lifelong,Lifelong,"Genetic, Metabolic disorders","Genetic, Metabolic disorders",Enzyme replacement therapy,Enzyme replacement therapy,"Genetic Mutations, Family History","Genetic Mutations, Family History","Genetic, Environmental factors","Genetic, Environmental factors",Irregular sleep,irregular sleep,High stress,high stress,Low,low,Family history of lipid storage disease,Family history of lipid storage disease,"High-protein, Low-sugar","High-protein, Low-sugar",None,,All seasons,all seasons,Childhood to adulthood,childhood to adulthood,Both genders,all genders,Sedentary lifestyle,Sedentary lifestyle,Avoids high-fat foods,Avoids high-fat foods,None specific,None specific,None specific,None specific,"Triphala (1 tsp), Warm water (200ml)","Triphala (1 tsp), Warm water (200ml)","Vata, Kapha","Vata, Kapha",Vata-Kapha,Vata-Kapha,Focus on healthy fats; avoid excessive sugar and processed foods.,Focus on healthy fats; avoid excessive sugar and processed foods.,None specific,None specific,"Enzyme Replacement Therapy, Diet","Enzyme Replacement Therapy, Diet","Genetic Counseling, Early Diagnosis","Genetic Counseling, Early Diagnosis",Can be Managed with Treatment,Can be Managed with Treatment,"Organ Damage, Metabolic Issues","Organ Damage, Metabolic Issues","Early Diagnosis, Dietary Adjustments","Early Diagnosis, Dietary Adjustments",lipid storage disease,"[""enlarged liver"", ""spleen"", ""muscle weakness""]",3,1,0,1,"[""allergies_food_env""]"
kp_0174,Liver Cancer,Liver Cancer,यकृत कैंसर,यकृत कैंसर,यकृत कॅन्सर,यकृत कॅन्सर,"Abdominal pain, weight loss, jaundice","Abdominal pain, weight loss, jaundice","Imaging, Blood Tests, Biopsy","Imaging, Blood Tests, Biopsy",Severe,severe,6 months to several years,6 months to several years,"Hepatitis, Alcohol consumption","Hepatitis, Alcohol consumption","Chemotherapy, Surgery","Chemotherapy, Surgery","Hepatitis, Alcohol, Smoking, Obesity","Hepatitis, Alcohol, Smoking, Obesity","Environmental toxins, Alcohol exposure","Environmental toxins, Alcohol exposure",Irregular sleep,irregular sleep,High stress,high stress,Low,low,Family history of liver cancer,Family history of liver cancer,"Low-fat, High-fiber","Low-fat, High-fiber","Alcohol, Tobacco","Alcohol, Tobacco",All seasons,all seasons,Adults,adults,Both genders,all genders,Limited physical activity,Limited physical activity,Avoids alcohol,Avoids alcohol,None specific,None specific,"Amla, Turmeric, Guduchi","Amla, Turmeric, Guduchi","Turmeric (1/2 tsp), Milk (200ml)","Turmeric (1/ 2 tsp), Milk (200ml)",Pitta,Pitta,Pitta-Prakriti,Pitta-Prakriti,Avoid alcohol and processed foods; consume antioxidant-rich foods.,Avoid alcohol and processed foods; consume antioxidant-rich foods.,None specific,None specific,"Surgery, Chemotherapy, Immunotherapy","Surgery, Chemotherapy, Immunotherapy","Hepatitis Vaccination, Healthy Lifestyle","Hepatitis Vaccination, Healthy Lifestyle",Can be Managed with Treatment,Can be Managed with Treatment,"Metastasis, Liver Failure","Metastasis, Liver Failure","Early Diagnosis, Healthy Lifestyle","Early Diagnosis, Healthy Lifestyle",liver cancer,"[""abdominal pain"", ""weight loss"", ""jaundice""]",3,0,1,0,[]
kp_0175,Liver Cirrhosis,Liver Cirrhosis,यकृत सिरोसिस,यकृत सिरोसिस,यकृत सिरोसिस,यकृत सिरोसिस,"Fatigue, swelling, nausea, jaundice","Fatigue, swelling, nausea, jaundice","Blood Tests, Imaging, Biopsy","Blood Tests, Imaging, Biopsy",Moderate to Severe,moderate to severe,Lifelong,Lifelong,"Alcoholism, Hepatitis","Alcoholism, Hepatitis","Antiviral, Liver transplant","Antiviral, Liver transplant","Alcohol, Hepatitis, Obesity","Alcohol, Hepatitis, Obesity","Alcohol, Hepatitis, Toxins","Alcohol, Hepatitis, Toxins",Irregular sleep,irregular sleep,High stress,high stress,Low,low,Family history of liver disease,Family history of liver disease,"Low-fat, High-fiber","Low-fat, High-fiber","Alcohol, Fatty foods","Alcohol, Fatty foods",All seasons,all seasons,Adults,adults,Both genders,all genders,Sedentary lifestyle,Sedentary lifestyle,Avoids alcohol,Avoids alcohol,None specific,None specific,"Amla, Turmeric, Guduchi","Amla, Turmeric, Guduchi","Milk thistle (1g), Water (200ml)","Milk thistle (1g), Water (200ml)",Pitta,Pitta,Pitta-Prakriti,Pitta-Prakriti,Avoid alcohol; consume a liver-supportive diet rich in antioxidants.,Avoid alcohol; consume a liver-supportive diet rich in antioxidants.,"Liver Health, Yoga for Detox","Liver Health, Yoga for Detox","Medications, Liver Transplant","Medications, Liver Transplant","Avoid Alcohol, Healthy Diet","Avoid Alcohol, Healthy Diet",Can be Managed with Treatment,Can be Managed with Treatment,"Liver Failure, Bleeding","Liver Failure, Bleeding","Early Diagnosis, Avoid Alcohol","Early Diagnosis, Avoid Alcohol",liver cirrhosis,"[""fatigue"", ""swelling"", ""nausea"", ""jaundice""]",4,0,1,0,[]
kp_0176,Liver Disorders,Liver Disorders,यकृत विकार,यकृत विकार,यकृत विकार,यकृत विकार,"Fatigue, loss of appetite, yellowing of the skin","Fatigue, loss of appetite, yellowing of the skin","Blood Tests, Imaging, Biopsy","Blood Tests, Imaging, Biopsy",Moderate to Severe,moderate to severe,Varies,Varies,"Hepatitis, Alcohol consumption","Hepatitis, Alcohol consumption","Antiviral, Supportive care","Antiviral, Supportive care","Alcohol, Hepatitis, Obesity","Alcohol, Hepatitis, Obesity","Alcohol, Hepatitis, Toxins","Alcohol, Hepatitis, Toxins",Irregular sleep,irregular sleep,Moderate stress,moderate stress,Low,low,Family history of liver disease,Family history of liver disease,"Low-fat, High-fiber","Low-fat, High-fiber","Alcohol, Fatty foods","Alcohol, Fatty foods",All seasons,all seasons,Adults,adults,Both genders,all genders,Sedentary lifestyle,Sedentary lifestyle,Avoids alcohol,Avoids alcohol,None specific,None specific,"Amla, Turmeric, Guduchi","Amla, Turmeric, Guduchi","Amla (2g), Warm water (200ml)","Amla (2g), Warm water (200ml)","Pitta, Kapha","Pitta, Kapha",Pitta-Kapha,Pitta-Kapha,Avoid fatty foods; increase vitamin C intake to support liver function.,Avoid fatty foods; increase vitamin C intake to support liver function.,Yoga for Detoxification,Yoga for Detoxification,"Medications, Surgery, Liver Transplant","Medications, Surgery, Liver Transplant","Avoid Alcohol, Healthy Lifestyle","Avoid Alcohol, Healthy Lifestyle",Can be Managed with Treatment,Can be Managed with Treatment,"Liver Failure, Infections","Liver Failure, Infections","Healthy Diet, Avoid Alcohol","Healthy Diet, Avoid Alcohol",liver disorders,"[""fatigue"", ""loss of appetite"", ""yellowing of the skin""]",3,0,1,1,[]
kp_0177,Loeys-Dietz Syndrome,Loeys-Dietz Syndrome,लोयस-डाइट्ज़ सिंड्रोम,लोयस-डाइट्ज़ सिंड्रोम,लोयस-डाइट्ज़ सिंड्रोम,लोयस-डाइट्ज़ सिंड्रोम,"Arterial aneurysms, joint problems, skin changes","Arterial aneurysms, joint problems, skin changes","Genetic Testing, Imaging, Physical Exam","Genetic Testing, Imaging, Physical Exam",Severe,severe,Lifelong,Lifelong,"Genetic, Connective tissue disorders","Genetic, Connective tissue disorders",Symptom-specific treatment,Symptom-specific treatment,"Genetic Mutations, Family History","Genetic Mutations, Family History","Genetic, Environmental factors","Genetic, Environmental factors",Irregular sleep,irregular sleep,High stress,high stress,Low,low,Family history of Loeys-Dietz syndrome,Family history of Loeys-Dietz syndrome,"High-protein, Balanced","High-protein, Balanced",None,,All seasons,all seasons,Childhood to adulthood,childhood to adulthood,Both genders,all genders,Limited physical activity,Limited physical activity,Avoids strenuous activities,Avoids strenuous activities,None specific,None specific,None specific,None specific,"Ashwagandha (5g), Turmeric (1/2 tsp), Warm water (200ml)","Ashwagandha (5g), Turmeric (1/ 2 tsp), Warm water (200ml)",Vata,Vata,Vata-Prakriti,Vata-Prakriti,Maintain regular exercise; avoid high-sodium foods.,Maintain regular exercise; avoid high-sodium foods.,None specific,None specific,"Surgery, Medications","Surgery, Medications","Genetic Counseling, Early Diagnosis","Genetic Counseling, Early Diagnosis",Can be Managed with Treatment,Can be Managed with Treatment,"Aneurysms, Heart Problems","Aneurysms, Heart Problems","Early Diagnosis, Regular Monitoring","Early Diagnosis, Regular Monitoring",loeys dietz syndrome,"[""arterial aneurysms"", ""joint problems"", ""skin changes""]",3,1,0,0,"[""allergies_food_env""]"
kp_0178,Loiasis,Loiasis,लोआसिस,लोआसिस,लोआसिस,लोआसिस,"Swelling, eye pain, itching, fever","Swelling, eye pain, itching, fever","Blood Tests, Skin Biopsy, Eye Exam","Blood Tests, Skin Biopsy, Eye Exam",Moderate to Severe,moderate to severe,1-3 months,1-3 months,"Parasitic infection, Tropical areas","Parasitic infection, Tropical areas",Antiparasitic drugs,Antiparasitic drugs,"Poor Hygiene, Infected Flies","Poor Hygiene, Infected Flies","Tropical regions, Fly bites","Tropical regions, Fly bites",Irregular sleep,irregular sleep,High stress,high stress,Low,low,Family history of loiasis,Family history of loiasis,"High-fluid, Hydrating foods","High-fluid, Hydrating foods",None,,Rainy season,rainy season,Adults,adults,Both genders,all genders,"Rural, Agricultural work","Rural, Agricultural work",Avoids fly bites,Avoids fly bites,None specific,None specific,None specific,None specific,"Neem leaves (5-6), Water (as needed)","Neem leaves (5-6), Water (as needed)","Vata, Kapha","Vata, Kapha",Vata-Kapha,Vata-Kapha,Avoid mosquito bites; maintain a healthy diet with plenty of fluids.,Avoid mosquito bites; maintain a healthy diet with plenty of fluids.,None specific,None specific,Antiparasitic Medications,Antiparasitic Medications,"Avoid Fly Bites, Good Hygiene","Avoid Fly Bites, Good Hygiene",Can be Managed with Medication,Can be Managed with Medication,"Eye Damage, Organ Damage","Eye Damage, Organ Damage","Avoid Fly Bites, Regular Checkups","Avoid Fly Bites, Regular Checkups",loiasis,"[""swelling"", ""eye pain"", ""itching"", ""fever""]",4,1,0,1,"[""allergies_food_env""]"
kp_0179,Lowe Syndrome,Lowe Syndrome,लोवे सिंड्रोम,लोवे सिंड्रोम,लोवे सिंड्रोम,लोवे सिंड्रोम,"Cataracts, developmental delay, kidney problems","Cataracts, developmental delay, kidney problems","Genetic Testing, Eye Exam","Genetic Testing, Eye Exam",Severe,severe,Lifelong,Lifelong,"Genetic, X-linked disorders","Genetic, X-linked disorders",Symptom-specific treatment,Symptom-specific treatment,"Genetic Mutations, Family History","Genetic Mutations, Family History","Genetic, Environmental factors","Genetic, Environmental factors",Irregular sleep,irregular sleep,High stress,high stress,Low,low,Family history of Lowe syndrome,Family history of Lowe syndrome,"High-protein, Low-sugar","High-protein, Low-sugar",None,,All seasons,all seasons,Childhood,childhood,Male,male,Limited physical activity,Limited physical activity,Avoids physical exertion,Avoids physical exertion,None specific,None specific,None specific,None specific,"Brahmi (2g), Olive oil (5ml)","Brahmi (2g), Olive oil (5ml)","Vata, Pitta","Vata, Pitta",Vata-Prakriti,Vata-Prakriti,Consume a diet rich in omega-3 fatty acids; maintain eye health.,Consume a diet rich in omega-3 fatty acids; maintain eye health.,None specific,None specific,"Supportive Care, Medications","Supportive Care, Medications","Genetic Counseling, Early Diagnosis","Genetic Counseling, Early Diagnosis",Can be Managed with Treatment,Can be Managed with Treatment,"Cognitive Impairment, Eye Problems","Cognitive Impairment, Eye Problems","Early Diagnosis, Regular Monitoring","Early Diagnosis, Regular Monitoring",lowe syndrome,"[""cataracts"", ""developmental delay"", ""kidney problems""]",3,1,1,0,"[""allergies_food_env""]"
kp_0180,Lung Cancer,Lung Cancer,फेफड़ों का कैंसर,फेफड़ों का कैंसर,फुफ्फुस कॅन्सर,फुफ्फुस कॅन्सर,"Chronic cough, chest pain, shortness of breath","Chronic cough, chest pain, shortness of breath","Imaging, Biopsy, Blood Tests","Imaging, Biopsy, Blood Tests",Severe,severe,6-12 months,6-12 months,"Smoking, Air pollution","Smoking, Air pollution","Chemotherapy, Surgery","Chemotherapy, Surgery","Smoking, Environmental Toxins","Smoking, Environmental Toxins","Air pollution, Smoking","Air pollution, Smoking",Irregular sleep,irregular sleep,High stress,high stress,Low,low,Family history of lung cancer,Family history of lung cancer,"Low-fat, High-protein","Low-fat, High-protein",None,,"Winter, Spring","winter, spring",Adults,adults,Both genders,all genders,Sedentary lifestyle,Sedentary lifestyle,Avoids smoking,Avoids smoking,None specific,None specific,"Amla, Turmeric, Ashwagandha","Amla, Turmeric, Ashwagandha","Ashwagandha (5g), Turmeric (1/2 tsp), Milk (200ml)","Ashwagandha (5g), Turmeric (1/ 2 tsp), Milk (200ml)",Pitta,Pitta,Pitta-Prakriti,Pitta-Prakriti,Avoid smoking; include anti-inflammatory foods in the diet.,Avoid smoking; include anti-inflammatory foods in the diet.,None specific,None specific,"Surgery, Chemotherapy, Immunotherapy","Surgery, Chemotherapy, Immunotherapy","Avoid Smoking, Early Diagnosis","Avoid Smoking, Early Diagnosis",Can be Managed with Treatment,Can be Managed with Treatment,"Metastasis, Organ Failure","Metastasis, Organ Failure","Early Diagnosis, Healthy Lifestyle","Early Diagnosis, Healthy Lifestyle",lung cancer,"[""chronic cough"", ""chest pain"", ""shortness of breath""]",3,0,1,0,"[""allergies_food_env""]"
kp_0181,Lupus,Lupus,ल्यूपस,ल्यूपस,ल्यूपस,ल्यूपस,"Joint pain, fatigue, skin rashes, photosensitivity","Joint pain, fatigue, skin rashes, photosensitivity","Blood Tests, Imaging, Urine Tests","Blood Tests, Imaging, Urine Tests",Moderate to Severe,moderate to severe,Lifelong,Lifelong,Autoimmune disorders,Autoimmune disorders,"Immunosuppressants, Steroids","Immunosuppressants, Steroids","Genetics, Stress, Infections","Genetics, Stress, Infections","Sun exposure, Stress","Sun exposure, Stress",Irregular sleep,irregular sleep,High stress,high stress,Low,low,Family history of lupus,Family history of lupus,Anti-inflammatory diet,Anti-inflammatory diet,Sunlight,Sunlight,All seasons,all seasons,Adults,adults,Both genders,all genders,Sedentary lifestyle,Sedentary lifestyle,Avoids sun exposure,Avoids sun exposure,None specific,None specific,"Ashwagandha, Guduchi","Ashwagandha, Guduchi","Aloe vera (fresh), Apply on skin or consume (200ml)","Aloe vera (fresh), Apply on skin or consume (200ml)",Pitta,Pitta,Pitta-Prakriti,Pitta-Prakriti,"Avoid sun exposure; consume a balanced, anti-inflammatory diet.","Avoid sun exposure; consume a balanced, anti-inflammatory diet.",None specific,None specific,"Medications, Immunosuppressive Drugs","Medications, Immunosuppressive Drugs","Sun Protection, Stress Management","Sun Protection, Stress Management",Can be Managed with Medication,Can be Managed with Medication,"Organ Damage, Infections","Organ Damage, Infections","Avoid Stress, Regular Checkups","Avoid Stress, Regular Checkups",lupus,"[""joint pain"", ""fatigue"", ""skin rashes"", ""photosensitivity""]",4,0,1,0,[]
kp_0182,Lyme Disease,Lyme Disease,लाइम रोग,लाइम रोग,लाइम रोग,लाइम रोग,"Fever, headache, fatigue, bull's-eye rash","Fever, headache, fatigue, bull's-eye rash","Blood Tests, Physical Exam","Blood Tests, Physical Exam",Moderate,moderate,1-3 months,1-3 months,"Tick bites, Outdoor activities","Tick bites, Outdoor activities",Antibiotics,Antibiotics,"Tick Bites, Forested Areas","Tick Bites, Forested Areas","Outdoor, Tick exposure","Outdoor, Tick exposure",Irregular sleep,irregular sleep,Moderate stress,moderate stress,Low,low,Family history of Lyme disease,Family history of Lyme disease,"High-protein, Balanced","High-protein, Balanced",Tick bites,Tick bites,"Summer, Rainy","summer, rainy",Childhood to adulthood,childhood to adulthood,Both genders,all genders,"Outdoor work, Hiking","Outdoor work, Hiking",Avoids tick bites,Avoids tick bites,None specific,None specific,None specific,None specific,"Garlic (2 cloves), Turmeric (1/2 tsp), Warm water (200ml)","Garlic (2 cloves), Turmeric (1/ 2 tsp), Warm water (200ml)","Vata, Pitta","Vata, Pitta",Vata-Prakriti,Vata-Prakriti,Avoid tick bites; consume anti-inflammatory foods like garlic and ginger.,Avoid tick bites; consume anti-inflammatory foods like garlic and ginger.,None specific,None specific,Antibiotics,Antibiotics,"Use Insect Repellent, Avoid Tick Bites","Use Insect Repellent, Avoid Tick Bites",Can be Managed with Medication,Can be Managed with Medication,"Chronic Fatigue, Neurological Issues","Chronic Fatigue, Neurological Issues","Avoid Tick Bites, Regular Checkups","Avoid Tick Bites, Regular Checkups",lyme disease,"[""fever"", ""headache"", ""fatigue"", ""bull's-eye rash""]",4,1,1,0,[]
kp_0183,Lymphatic Filariasis,Lymphatic Filariasis,लिम्फैटिक फाइलारियासिस,लिम्फैटिक फाइलारियासिस,लिम्फैटिक फाइलारियासिस,लिम्फैटिक फाइलारियासिस,"Swelling in legs, arms, genital area, fever","Swelling in legs, arms, genital area, fever","Blood Tests, Imaging","Blood Tests, Imaging",Severe,severe,6-12 months,6-12 months,"Parasitic infection, Mosquitoes","Parasitic infection, Mosquitoes",Antiparasitic drugs,Antiparasitic drugs,"Poor Sanitation, Mosquito Bites","Poor Sanitation, Mosquito Bites","Tropical regions, Mosquitoes","Tropical regions, Mosquitoes",Irregular sleep,irregular sleep,High stress,high stress,Low,low,Family history of filariasis,Family history of filariasis,"High-fluid, Balanced diet","High-fluid, Balanced diet",Mosquitoes,Mosquitoes,Tropical season,tropical season,Adults,adults,Both genders,all genders,"Agricultural work, Rural","Agricultural work, Rural",Uses mosquito repellents,Uses mosquito repellents,None specific,None specific,None specific,None specific,"Triphala (1 tsp), Neem leaves (5-6), Warm water (200ml)","Triphala (1 tsp), Neem leaves (5-6), Warm water (200ml)","Vata, Kapha","Vata, Kapha",Vata-Kapha,Vata-Kapha,Avoid mosquito exposure; maintain good hygiene and elevate swollen limbs.,Avoid mosquito exposure; maintain good hygiene and elevate swollen limbs.,None specific,None specific,"Antifilarial Medications, Surgery","Antifilarial Medications, Surgery","Avoid Mosquito Bites, Good Hygiene","Avoid Mosquito Bites, Good Hygiene",Can be Managed with Medication,Can be Managed with Medication,"Elephantiasis, Organ Damage","Elephantiasis, Organ Damage","Avoid Mosquito Bites, Regular Checkups","Avoid Mosquito Bites, Regular Checkups",lymphatic filariasis,"[""swelling in legs"", ""arms"", ""genital area"", ""fever""]",4,1,0,1,[]
kp_0184,Lymphoma,Lymphoma,लिम्फोमा,लिम्फोमा,लिम्फोमा,लिम्फोमा,"Swollen lymph nodes, fever, night sweats, weight loss","Swollen lymph nodes, fever, night sweats, weight loss","Blood Tests, Imaging, Biopsy","Blood Tests, Imaging, Biopsy",Severe,severe,6 months to several years,6 months to several years,"Cancer, Immune system issues","Cancer, Immune system issues","Chemotherapy, Radiation","Chemotherapy, Radiation","Genetic Mutations, Immune System Dysfunction","Genetic Mutations, Immune System Dysfunction","Environmental toxins, Genetics","Environmental toxins, Genetics",Irregular sleep,irregular sleep,High stress,high stress,Low,low,Family history of lymphoma,Family history of lymphoma,"Low-fat, High-protein","Low-fat, High-protein",None,,All seasons,all seasons,Adults,adults,Both genders,all genders,Sedentary lifestyle,Sedentary lifestyle,Avoids infections,Avoids infections,None specific,None specific,"Amla, Ashwagandha","Amla, Ashwagandha","Ashwagandha (5g), Warm water (200ml)","Ashwagandha (5g), Warm water (200ml)","Pitta, Vata","Vata, Pitta",Pitta-Vata,Pitta-Vata,Maintain a healthy immune system; consume a nutrient-dense diet.,Maintain a healthy immune system; consume a nutrient-dense diet.,None specific,None specific,"Chemotherapy, Radiation, Immunotherapy","Chemotherapy, Radiation, Immunotherapy","Early Diagnosis, Regular Checkups","Early Diagnosis, Regular Checkups",Can be Managed with Treatment,Can be Managed with Treatment,"Infection, Organ Damage","Infection, Organ Damage","Early Diagnosis, Regular Monitoring","Early Diagnosis, Regular Monitoring",lymphoma,"[""swollen lymph nodes"", ""fever"", ""night sweats"", ""weight loss""]",4,1,1,0,"[""allergies_food_env""]"
kp_0185,Maffucci Syndrome,Maffucci Syndrome,माफुच्ची सिंड्रोम,माफुच्ची सिंड्रोम,माफुच्ची सिंड्रोम,माफुच्ची सिंड्रोम,"Multiple benign growths, bone deformities, vascular tumors","Multiple benign growths, bone deformities, vascular tumors","Genetic Testing, Physical Exam","Genetic Testing, Physical Exam",Severe,severe,Lifelong,Lifelong,"Genetic, Skeletal disorders","Genetic, Skeletal disorders",Symptom-specific treatment,Symptom-specific treatment,"Genetic Mutations, Family History","Genetic Mutations, Family History","Genetic, Environmental factors","Genetic, Environmental factors",Irregular sleep,irregular sleep,High stress,high stress,Low,low,Family history of Maffucci syndrome,Family history of Maffucci syndrome,"High-protein, Low-sugar","High-protein, Low-sugar",None,,All seasons,all seasons,Childhood to adulthood,childhood to adulthood,Both genders,all genders,Limited physical activity,Limited physical activity,Avoids physical exertion,Avoids physical exertion,None specific,None specific,None specific,None specific,"Ashwagandha (5g), Brahmi (2g), Warm water (200ml)","Ashwagandha (5g), Brahmi (2g), Warm water (200ml)",Vata,Vata,Vata-Prakriti,Vata-Prakriti,Avoid high-fat foods; engage in regular exercise and stretching.,Avoid high-fat foods; engage in regular exercise and stretching.,Physical Therapy for Mobility,Physical Therapy for Mobility,"Surgical Removal of Tumors, Supportive Care","Surgical Removal of Tumors, Supportive Care","Genetic Counseling, Early Diagnosis","Genetic Counseling, Early Diagnosis",Can be Managed with Treatment,Can be Managed with Treatment,"Tumor Growth, Bone Deformities","Tumor Growth, Bone Deformities","Regular Monitoring, Early Diagnosis","Regular Monitoring, Early Diagnosis",maffucci syndrome,"[""multiple benign growths"", ""bone deformities"", ""vascular tumors""]",3,1,0,0,"[""allergies_food_env""]"
kp_0186,Malaria,Malaria,मलेरिया,मलेरिया,मलेरिया,मलेरिया,"Fever, chills, headache, nausea, sweating","Fever, chills, headache, nausea, sweating","Blood Tests, Microscopy, Rapid Test","Blood Tests, Microscopy, Rapid Test",Moderate to Severe,moderate to severe,1-2 weeks,1-2 weeks,"Mosquito bites, Tropical areas","Mosquito bites, Tropical areas",Antimalarial drugs,Antimalarial drugs,"Mosquito Bites, Poor Sanitation","Mosquito Bites, Poor Sanitation","Tropical regions, Mosquitoes","Tropical regions, Mosquitoes",Irregular sleep,irregular sleep,Moderate stress,moderate stress,Low,low,Family history of malaria,Family history of malaria,"High-fluid, Hydrating foods","High-fluid, Hydrating foods",Mosquitoes,Mosquitoes,Rainy season,rainy season,Childhood to adulthood,childhood to adulthood,Both genders,all genders,"Agricultural work, Rural","Agricultural work, Rural",Uses mosquito repellents,Uses mosquito repellents,"Artemisinin, Herbal Remedies","Artemisinin, Herbal Remedies","Neem, Turmeric, Guduchi","Neem, Turmeric, Guduchi","Neem leaves (5-6), Warm water (200ml)","Neem leaves (5-6), Warm water (200ml)",Pitta,Pitta,Pitta-Prakriti,Pitta-Prakriti,Avoid mosquito exposure; consume a diet rich in fruits and vegetables.,Avoid mosquito exposure; consume a diet rich in fruits and vegetables.,None specific,None specific,"Antimalarial Medications, Supportive Care","Antimalarial Medications, Supportive Care","Use Insect Repellent, Sleep Under Mosquito Nets","Use Insect Repellent, Sleep Under Mosquito Nets",Can be Managed with Medication,Can be Managed with Medication,"Organ Failure, Anemia","Organ Failure, Anemia","Avoid Mosquito Bites, Regular Checkups","Avoid Mosquito Bites, Regular Checkups",malaria,"[""fever"", ""chills"", ""headache"", ""nausea"", ""sweating""]",5,0,1,0,[]
kp_0187,Mansonelliasis,Mansonelliasis,मॅन्सोनेलियासिस,मॅन्सोनेलियासिस,मॅन्सोनेलियासिस,मॅन्सोनेलियासिस,"Abdominal pain, fatigue, fever, joint pain","Abdominal pain, fatigue, fever, joint pain","Blood Tests, Skin Biopsy","Blood Tests, Skin Biopsy",Moderate,moderate,1-3 months,1-3 months,"Parasitic infection, Mosquitoes","Parasitic infection, Mosquitoes",Antiparasitic drugs,Antiparasitic drugs,"Poor Hygiene, Infected Mosquitoes","Poor Hygiene, Infected Mosquitoes","Tropical regions, Mosquitoes","Tropical regions, Mosquitoes",Irregular sleep,irregular sleep,Moderate stress,moderate stress,Low,low,Family history of mansonelliasis,Family history of mansonelliasis,"High-fluid, Hydrating foods","High-fluid, Hydrating foods",Mosquitoes,Mosquitoes,Rainy season,rainy season,Adults,adults,Both genders,all genders,"Agricultural work, Rural","Agricultural work, Rural",Uses mosquito repellents,Uses mosquito repellents,None specific,None specific,None specific,None specific,"Neem leaves (5-6), Turmeric (1/2 tsp), Warm water (200ml)","Neem leaves (5-6), Turmeric (1/ 2 tsp), Warm water (200ml)",Kapha,Kapha,Kapha-Prakriti,Kapha-Prakriti,Avoid mosquito exposure; maintain a healthy lifestyle with regular exercise.,Avoid mosquito exposure; maintain a healthy lifestyle with regular exercise.,None specific,None specific,Antiparasitic Medications,Antiparasitic Medications,"Avoid Mosquito Bites, Good Hygiene","Avoid Mosquito Bites, Good Hygiene",Can be Managed with Medication,Can be Managed with Medication,"Organ Damage, Swelling","Organ Damage, Swelling","Avoid Mosquito Bites, Regular Checkups","Avoid Mosquito Bites, Regular Checkups",mansonelliasis,"[""abdominal pain"", ""fatigue"", ""fever"", ""joint pain""]",4,0,0,1,[]
kp_0188,Maple Syrup Urine Disease,Maple Syrup Urine Disease,मेपल सिरप यूरिन रोग,मेपल सिरप यूरिन रोग,मेपल सिरप यूरिन रोग,मेपल सिरप यूरिन रोग,"Sweet-smelling urine, poor feeding, lethargy","Sweet-smelling urine, poor feeding, lethargy","Blood Tests, Urine Tests","Blood Tests, Urine Tests",Severe,severe,Lifelong,Lifelong,"Genetic, Metabolic disorders","Genetic, Metabolic disorders",Enzyme replacement therapy,Enzyme replacement therapy,"Genetic Mutations, Family History","Genetic Mutations, Family History","Genetic, Environmental factors","Genetic, Environmental factors",Irregular sleep,irregular sleep,High stress,high stress,Low,low,Family history of metabolic disorders,Family history of metabolic disorders,"High-protein, Low-sugar","High-protein, Low-sugar",None,,All seasons,all seasons,Childhood,childhood,Both genders,all genders,Limited physical activity,Limited physical activity,Avoids high-protein foods,Avoids high-protein foods,None specific,None specific,None specific,None specific,"Triphala (1 tsp), Warm water (200ml)","Triphala (1 tsp), Warm water (200ml)","Vata, Kapha","Vata, Kapha",Vata-Kapha,Vata-Kapha,"Avoid protein-rich foods; consume a low-protein, balanced diet.","Avoid protein-rich foods; consume a low-protein, balanced diet.",None specific,None specific,"Enzyme Replacement, Dietary Restrictions","Enzyme Replacement, Dietary Restrictions","Genetic Counseling, Early Diagnosis","Genetic Counseling, Early Diagnosis",Can be Managed with Treatment,Can be Managed with Treatment,"Neurological Impairment, Metabolic Crisis","Neurological Impairment, Metabolic Crisis","Early Diagnosis, Strict Diet","Early Diagnosis, Strict Diet",maple syrup urine disease,"[""sweet-smelling urine"", ""poor feeding"", ""lethargy""]",3,1,0,1,"[""allergies_food_env""]"
kp_0189,Marburg,Marburg,मारबर्ग,मारबर्ग,मारबर्ग,मारबर्ग,"Fever, headache, muscle pain, bleeding","Fever, headache, muscle pain, bleeding","PCR tests, Blood tests, Serological tests","PCR tests, Blood tests, Serological tests",Severe,severe,Acute phase (1-2 weeks),Acute phase (1-2 weeks),"Viral, Contact with infected individuals","Viral, Contact with infected individuals",Antiviral drugs,Antiviral drugs,"Direct contact with infected animals (bats, monkeys), human-to-human transmission","Direct contact with infected animals (bats, monkeys), human-to-human transmission","Viral, Human-to-human contact","Viral, Human-to-human contact",Irregular sleep,irregular sleep,High stress,high stress,Low,low,Family history of Marburg,Family history of Marburg,"Balanced, Hydrating foods","Balanced, Hydrating foods",Viral exposure,Viral exposure,All seasons,all seasons,Adults,adults,Both genders,all genders,Limited physical activity,Limited physical activity,Avoids exposure to infected individuals,Avoids exposure to infected individuals,None,,None,,"Guduchi (3g), Tulsi (2g), Warm water (200ml)","Guduchi (3g), Tulsi (2g), Warm water (200ml)","Vata, Pitta","Vata, Pitta",Vata-Pitta,Vata-Pitta,Avoid exposure to infected animals; consume nutrient-dense foods.,Avoid exposure to infected animals; consume nutrient-dense foods.,None,,"Supportive care, Fluid management, Antiviral therapy (experimental)","Supportive care, Fluid management, Antiviral therapy (experimental)","Avoid contact with infected individuals, use personal protective equipment (PPE)","Avoid contact with infected individuals, use personal protective equipment (PPE)","High mortality, particularly in severe cases","High mortality, particularly in severe cases","Organ failure, Bleeding, Shock","Organ failure, Bleeding, Shock","Seek immediate medical attention, Hydration, Rest","Seek immediate medical attention, Hydration, Rest",marburg,"[""fever"", ""headache"", ""muscle pain"", ""bleeding""]",4,1,1,0,"[""herbal_alternative_remedies"", ""ayurvedic_herbs"", ""yoga_and_physical_therapy""]"
kp_0190,Marburg Virus Disease,Marburg Virus Disease,मारबर्ग वायरस रोग,मारबर्ग वायरस रोग,मारबर्ग व्हायरस रोग,मारबर्ग व्हायरस रोग,"Fever, headache, bleeding, abdominal pain","Fever, headache, bleeding, abdominal pain","Blood Tests, PCR Tests","Blood Tests, PCR Tests",Severe,severe,2-4 weeks,2-4 weeks,"Viral infection, Contact with infected individuals","Viral infection, Contact with infected individuals",Antiviral drugs,Antiviral drugs,"Animal Exposure, Poor Hygiene","Animal Exposure, Poor Hygiene","Viral, Human-to-human contact","Viral, Human-to-human contact",Irregular sleep,irregular sleep,High stress,high stress,Low,low,Family history of viral infections,Family history of viral infections,"Balanced, Hydrating foods","Balanced, Hydrating foods",Viral exposure,Viral exposure,All seasons,all seasons,Adults,adults,Both genders,all genders,Limited physical activity,Limited physical activity,Avoids exposure to infected individuals,Avoids exposure to infected individuals,None specific,None specific,None specific,None specific,"Ashwagandha (5g), Warm water (200ml)","Ashwagandha (5g), Warm water (200ml)","Vata, Pitta","Vata, Pitta",Vata-Prakriti,Vata-Prakriti,Prevent exposure to infected individuals; engage in rest and hydration.,Prevent exposure to infected individuals; engage in rest and hydration.,None specific,None specific,"Supportive Care, Antiviral Medications","Supportive Care, Antiviral Medications","Avoid Animal Contact, Hygiene Practices","Avoid Animal Contact, Hygiene Practices",Can be Managed with Medication,Can be Managed with Medication,"Organ Damage, Death","Organ Damage, Death","Avoid Animal Exposure, Regular Hygiene","Avoid Animal Exposure, Regular Hygiene",marburg virus disease,"[""fever"", ""headache"", ""bleeding"", ""abdominal pain""]",4,1,1,0,[]
kp_0191,Marfan Syndrome,Marfan Syndrome,मार्फन सिंड्रोम,मार्फन सिंड्रोम,मार्फन सिंड्रोम,मार्फन सिंड्रोम,"Long limbs, heart defects, vision problems","Long limbs, heart defects, vision problems","Genetic Testing, Physical Exam","Genetic Testing, Physical Exam",Moderate to Severe,moderate to severe,Lifelong,Lifelong,"Genetic, Connective tissue disorder","Genetic, Connective tissue disorder",Symptom-specific treatment,Symptom-specific treatment,"Genetic Mutations, Family History","Genetic Mutations, Family History","Genetic, Environmental factors","Genetic, Environmental factors",Irregular sleep,irregular sleep,Moderate stress,moderate stress,Low,low,Family history of Marfan syndrome,Family history of Marfan syndrome,"High-protein, Low-fat","High-protein, Low-fat",None,,All seasons,all seasons,Childhood to adulthood,childhood to adulthood,Both genders,all genders,Limited physical activity,Limited physical activity,Avoids strenuous activity,Avoids strenuous activity,None specific,None specific,None specific,None specific,"Ashwagandha (5g), Warm water (200ml)","Ashwagandha (5g), Warm water (200ml)",Vata,Vata,Vata-Prakriti,Vata-Prakriti,Avoid strenuous physical activity; focus on heart-healthy foods.,Avoid strenuous physical activity; focus on heart-healthy foods.,None specific,None specific,"Surgery, Medications","Surgery, Medications","Genetic Counseling, Early Diagnosis","Genetic Counseling, Early Diagnosis",Can be Managed with Treatment,Can be Managed with Treatment,"Aneurysms, Heart Problems","Aneurysms, Heart Problems","Regular Monitoring, Healthy Lifestyle","Regular Monitoring, Healthy Lifestyle",marfan syndrome,"[""long limbs"", ""heart defects"", ""vision problems""]",3,1,0,0,"[""allergies_food_env""]"
kp_0192,McCune-Albright Syndrome,McCune-Albright Syndrome,मक्यून-ऑलब्राइट सिंड्रोम,मक्यून-ऑलब्राइट सिंड्रोम,मॅक्यून-ऑलब्राइट सिंड्रोम,मॅक्यून-ऑलब्राइट सिंड्रोम,"Bone fractures, skin pigmentation, endocrine issues","Bone fractures, skin pigmentation, endocrine issues","Genetic Testing, Bone Scans","Genetic Testing, Bone Scans",Severe,severe,Lifelong,Lifelong,"Genetic, Hormonal imbalance","Genetic, Hormonal imbalance",Symptom-specific treatment,Symptom-specific treatment,"Genetic Mutations, Family History","Genetic Mutations, Family History","Genetic, Environmental factors","Genetic, Environmental factors",Irregular sleep,irregular sleep,High stress,high stress,Low,low,Family history of McCune-Albright syndrome,Family history of McCune-Albright syndrome,"Low-fat, High-protein","Low-fat, High-protein",None,,All seasons,all seasons,Childhood to adulthood,childhood to adulthood,Both genders,all genders,Limited physical activity,Limited physical activity,Avoids stress,Avoids stress,None specific,None specific,None specific,None specific,"Brahmi (2g), Ashwagandha (5g), Warm water (200ml)","Brahmi (2g), Ashwagandha (5g), Warm water (200ml)","Vata, Pitta","Vata, Pitta",Vata-Prakriti,Vata-Prakriti,Maintain a balanced diet; avoid stress and ensure proper bone health.,Maintain a balanced diet; avoid stress and ensure proper bone health.,None specific,None specific,"Medications, Surgery","Medications, Surgery","Genetic Counseling, Early Diagnosis","Genetic Counseling, Early Diagnosis",Can be Managed with Treatment,Can be Managed with Treatment,"Bone Fragility, Endocrine Issues","Bone Fragility, Endocrine Issues","Early Diagnosis, Regular Monitoring","Early Diagnosis, Regular Monitoring",mccune albright syndrome,"[""bone fractures"", ""skin pigmentation"", ""endocrine issues""]",3,1,1,0,"[""allergies_food_env""]"
kp_0193,Measles,Measles,खसरा,खसरा,खसरा,खसरा,"Fever, cough, runny nose, red eyes, skin rash","Fever, cough, runny nose, red eyes, skin rash","Blood Tests, Physical Exam","Blood Tests, Physical Exam",Severe,severe,1-2 weeks,1-2 weeks,"Viral infection, Lack of vaccination","Viral infection, Lack of vaccination","Antiviral drugs, Vitamin A","Antiviral drugs, Vitamin A","Poor Vaccination, Close Contact","Poor Vaccination, Close Contact","Airborne, Crowded areas","Airborne, Crowded areas",Irregular sleep,irregular sleep,High stress,high stress,Low,low,Family history of measles,Family history of measles,"Vitamin-rich, Balanced","Vitamin-rich, Balanced",Airborne pathogens,Airborne pathogens,"Winter, Spring","winter, spring",Childhood,childhood,Both genders,all genders,Exposure to infected people,Exposure to infected people,Avoids crowded places,Avoids crowded places,"Vitamin A, Herbal Remedies","Vitamin A, Herbal Remedies",None specific,None specific,"Turmeric (1/2 tsp), Honey (1 tsp), Warm water (200ml)","Turmeric (1/ 2 tsp), Honey (1 tsp), Warm water (200ml)",Pitta,Pitta,Pitta-Prakriti,Pitta-Prakriti,Ensure proper vaccination; maintain hydration and a balanced diet.,Ensure proper vaccination; maintain hydration and a balanced diet.,None specific,None specific,"Vaccination, Antiviral Medications","Vaccination, Antiviral Medications","Vaccination, Avoid Exposure","Vaccination, Avoid Exposure",Can be Managed with Medication,Can be Managed with Medication,"Pneumonia, Encephalitis","Pneumonia, Encephalitis","Vaccination, Avoid Exposure","Vaccination, Avoid Exposure",measles,"[""fever"", ""cough"", ""runny nose"", ""red eyes"", ""skin rash""]",5,0,1,0,[]
kp_0194,Melanoma,Melanoma,मेलानोमा,मेलानोमा,मेलानोमा,मेलानोमा,"Dark skin growth, asymmetrical mole, itching, bleeding","Dark skin growth, asymmetrical mole, itching, bleeding","Skin Biopsy, Imaging, Blood Tests","Skin Biopsy, Imaging, Blood Tests",Severe,severe,6 months to several years,6 months to several years,"Skin cancer, UV exposure","Skin cancer, UV exposure","Chemotherapy, Surgery","Chemotherapy, Surgery","UV Exposure, Family History","UV Exposure, Family History","UV radiation, Sun exposure","UV radiation, Sun exposure",Irregular sleep,irregular sleep,High stress,high stress,Low,low,Family history of melanoma,Family history of melanoma,"Low-fat, High-protein","Low-fat, High-protein",UV exposure,UV exposure,"Summer, Spring","summer, spring",Adults,adults,Both genders,all genders,Outdoor activities,Outdoor activities,Avoids sun exposure,Avoids sun exposure,None specific,None specific,"Aloe Vera, Turmeric","Aloe Vera, Turmeric","Aloe vera (fresh), Apply on skin or consume (200ml)","Aloe vera (fresh), Apply on skin or consume (200ml)",Pitta,Pitta,Pitta-Prakriti,Pitta-Prakriti,Avoid excessive sun exposure; consume antioxidant-rich foods like berries.,Avoid excessive sun exposure; consume antioxidant-rich foods like berries.,None specific,None specific,"Surgery, Chemotherapy, Immunotherapy","Surgery, Chemotherapy, Immunotherapy","Sun Protection, Regular Skin Checks","Sun Protection, Regular Skin Checks",Can be Managed with Treatment,Can be Managed with Treatment,"Metastasis, Organ Damage","Metastasis, Organ Damage","Early Diagnosis, Sun Protection","Early Diagnosis, Sun Protection",melanoma,"[""dark skin growth"", ""asymmetrical mole"", ""itching"", ""bleeding""]",4,0,1,0,[]
kp_0195,Melioidosis,Melioidosis,मेलियोइडोसिस,मेलियोइडोसिस,मेलियोइडोसिस,मेलियोइडोसिस,"Fever, chest pain, cough, abscesses","Fever, chest pain, cough, abscesses","Blood Tests, PCR Tests","Blood Tests, PCR Tests",Severe,severe,1-3 months,1-3 months,"Bacterial infection, Tropical regions","Bacterial infection, Tropical regions",Antibiotics,Antibiotics,"Poor Hygiene, Animal Exposure","Poor Hygiene, Animal Exposure","Tropical areas, Flooding","Tropical areas, Flooding",Irregular sleep,irregular sleep,High stress,high stress,Low,low,Family history of melioidosis,Family history of melioidosis,"High-fluid, Hydrating foods","High-fluid, Hydrating foods",None,,Rainy season,rainy season,Adults,adults,Both genders,all genders,"Agricultural work, Rural","Agricultural work, Rural",Avoids exposure to contaminated water,Avoids exposure to contaminated water,None specific,None specific,None specific,None specific,"Neem leaves (5-6), Turmeric (1/2 tsp), Water (200ml)","Neem leaves (5-6), Turmeric (1/ 2 tsp), Water (200ml)",Kapha,Kapha,Kapha-Prakriti,Kapha-Prakriti,"Avoid exposure to contaminated water; consume a healthy, balanced diet.","Avoid exposure to contaminated water; consume a healthy, balanced diet.",None specific,None specific,"Antibiotics, Supportive Care","Antibiotics, Supportive Care","Avoid Animal Contact, Hygiene Practices","Avoid Animal Contact, Hygiene Practices",Can be Managed with Medication,Can be Managed with Medication,"Organ Failure, Sepsis","Organ Failure, Sepsis","Regular Monitoring, Good Hygiene","Regular Monitoring, Good Hygiene",melioidosis,"[""fever"", ""chest pain"", ""cough"", ""abscesses""]",4,0,0,1,"[""allergies_food_env""]"
kp_0196,Meningitis,Meningitis,मस्तिष्क की सूजन,मस्तिष्क की सूजन,मेंनिंजाइटिस,मेंनिंजाइटिस,"Sudden fever, headache, stiff neck, nausea","Sudden fever, headache, stiff neck, nausea","Spinal Tap, Blood Tests, Imaging","Spinal Tap, Blood Tests, Imaging",Severe,severe,2-4 weeks,2-4 weeks,Bacterial or viral infection,Bacterial or viral infection,"Antibiotics, Antiviral drugs","Antibiotics, Antiviral drugs","Infections, Poor Hygiene","Infections, Poor Hygiene","Crowded areas, Respiratory droplets","Crowded areas, Respiratory droplets",Irregular sleep,irregular sleep,High stress,high stress,Low,low,Family history of meningitis,Family history of meningitis,"Vitamin-rich, Balanced","Vitamin-rich, Balanced",Airborne pathogens,Airborne pathogens,"Winter, Spring","winter, spring",Childhood to adulthood,childhood to adulthood,Both genders,all genders,Sedentary lifestyle,Sedentary lifestyle,Avoids close contact with infected individuals,Avoids close contact with infected individuals,None specific,None specific,None specific,None specific,"Brahmi (2g), Warm water (200ml)","Brahmi (2g), Warm water (200ml)",Pitta,Pitta,Pitta-Prakriti,Pitta-Prakriti,Maintain hydration; avoid exposure to infected individuals.,Maintain hydration; avoid exposure to infected individuals.,None specific,None specific,"Antibiotics, Supportive Care","Antibiotics, Supportive Care","Vaccination, Good Hygiene Practices","Vaccination, Good Hygiene Practices",Can be Managed with Medication,Can be Managed with Medication,"Brain Damage, Hearing Loss","Brain Damage, Hearing Loss","Early Diagnosis, Vaccination","Early Diagnosis, Vaccination",meningitis,"[""sudden fever"", ""headache"", ""stiff neck"", ""nausea""]",4,0,1,0,[]
kp_0197,Menkes Disease,Menkes Disease,मेंकेस रोग,मेंकेस रोग,मेंकेस रोग,मेंकेस रोग,"Poor growth, brittle hair, seizures, developmental delay","Poor growth, brittle hair, seizures, developmental delay","Genetic Testing, Physical Exam","Genetic Testing, Physical Exam",Severe,severe,Lifelong,Lifelong,"Genetic, Copper deficiency","Genetic, Copper deficiency",Copper replacement therapy,Copper replacement therapy,"Genetic Mutations, Family History","Genetic Mutations, Family History","Genetic, Environmental factors","Genetic, Environmental factors",Irregular sleep,irregular sleep,High stress,high stress,Low,low,Family history of Menkes disease,Family history of Menkes disease,"Low-fat, High-protein","Low-fat, High-protein",None,,All seasons,all seasons,Childhood,childhood,Males,male,Limited physical activity,Limited physical activity,Avoids high-copper foods,Avoids high-copper foods,None specific,None specific,None specific,None specific,"Brahmi (2g), Ashwagandha (5g), Warm water (200ml)","Brahmi (2g), Ashwagandha (5g), Warm water (200ml)","Vata, Pitta","Vata, Pitta",Vata-Prakriti,Vata-Prakriti,"Ensure proper nutrient intake; focus on a balanced, high-calcium diet.","Ensure proper nutrient intake; focus on a balanced, high-calcium diet.",None specific,None specific,"Copper Replacement, Supportive Care","Copper Replacement, Supportive Care","Genetic Counseling, Early Diagnosis","Genetic Counseling, Early Diagnosis",Can be Managed with Treatment,Can be Managed with Treatment,"Neurological Impairment, Death","Neurological Impairment, Death","Early Diagnosis, Regular Monitoring","Early Diagnosis, Regular Monitoring",menkes disease,"[""poor growth"", ""brittle hair"", ""seizures"", ""developmental delay""]",4,1,1,0,"[""allergies_food_env""]"
kp_0198,Menopause,Menopause,रजोनिवृत्ति,रजोनिवृत्ति,रजोनिवृत्ति,रजोनिवृत्ति,"Hot flashes, mood swings, night sweats, vaginal dryness","Hot flashes, mood swings, night sweats, vaginal dryness","Hormonal Testing, Physical Exam","Hormonal Testing, Physical Exam",Moderate,moderate,Lifelong,Lifelong,"Hormonal changes, Aging","Hormonal changes, Aging",Hormone Replacement Therapy,Hormone Replacement Therapy,"Aging, Genetics","Aging, Genetics","Hormonal, Aging","Hormonal, Aging",Irregular sleep,irregular sleep,Moderate stress,moderate stress,Moderate to High,moderate to high,Family history of menopause,Family history of menopause,"High-calcium, Balanced diet","High-calcium, Balanced diet",None,,All seasons,all seasons,Adults (Females),adults (females),Female,female,Sedentary lifestyle,Sedentary lifestyle,Avoids stress,Avoids stress,"Herbal Remedies, Lifestyle Changes","Herbal Remedies, Lifestyle Changes","Ashwagandha, Shatavari","Ashwagandha, Shatavari","Ashwagandha (5g), Shatavari (5g), Warm water (200ml)","Ashwagandha (5g), Shatavari (5g), Warm water (200ml)","Vata, Pitta","Vata, Pitta",Vata-Prakriti,Vata-Prakriti,Avoid caffeine; consume cooling foods like cucumbers and mint.,Avoid caffeine; consume cooling foods like cucumbers and mint.,Yoga for Menopause Symptoms,Yoga for Menopause Symptoms,"Hormone Replacement Therapy, Medications","Hormone Replacement Therapy, Medications","Healthy Lifestyle, Stress Management","Healthy Lifestyle, Stress Management",Can be Managed with Treatment,Can be Managed with Treatment,"Osteoporosis, Heart Disease","Osteoporosis, Heart Disease","Regular Exercise, Healthy Diet","Regular Exercise, Healthy Diet",menopause,"[""hot flashes"", ""mood swings"", ""night sweats"", ""vaginal dryness""]",4,1,1,0,"[""allergies_food_env""]"
kp_0199,Menstrual Disorders,Menstrual Disorders,मासिक धर्म विकार,मासिक धर्म विकार,मासिक धर्म विकार,मासिक धर्म विकार,"Irregular periods, heavy bleeding, cramps","Irregular periods, heavy bleeding, cramps","Blood Tests, Ultrasound","Blood Tests, Ultrasound",Moderate to Severe,moderate to severe,Varies,Varies,"Hormonal imbalance, Stress","Hormonal imbalance, Stress",Hormonal therapy,Hormonal therapy,"Hormonal Imbalance, Stress","Hormonal Imbalance, Stress","Stress, Hormonal changes","Stress, Hormonal changes",Irregular sleep,irregular sleep,High stress,high stress,Moderate,moderate,Family history of menstrual disorders,Family history of menstrual disorders,"Low-fat, High-protein","Low-fat, High-protein",None,,All seasons,all seasons,Adolescents to adults,adolescents to adults,Female,female,Sedentary lifestyle,Sedentary lifestyle,Avoids stress,Avoids stress,"Herbal Remedies, Lifestyle Changes","Herbal Remedies, Lifestyle Changes","Ashwagandha, Shatavari","Ashwagandha, Shatavari","Ashwagandha (5g), Shatavari (5g), Warm water (200ml)","Ashwagandha (5g), Shatavari (5g), Warm water (200ml)","Vata, Pitta","Vata, Pitta",Vata-Prakriti,Vata-Prakriti,Maintain a balanced diet with omega-3 rich foods; manage stress through yoga.,Maintain a balanced diet with omega-3 rich foods; manage stress through yoga.,Yoga for Stress Relief,Yoga for Stress Relief,"Medications, Hormonal Therapy","Medications, Hormonal Therapy","Healthy Diet, Regular Exercise","Healthy Diet, Regular Exercise",Can be Managed with Treatment,Can be Managed with Treatment,"Pain, Irregular Periods","Pain, Irregular Periods","Stress Management, Regular Checkups","Stress Management, Regular Checkups",menstrual disorders,"[""irregular periods"", ""heavy bleeding"", ""cramps""]",3,1,1,0,"[""allergies_food_env""]"
kp_0200,Mental Health Disorders,Mental Health Disorders,मानसिक स्वास्थ्य विकार,मानसिक स्वास्थ्य विकार,मानसिक आरोग्य विकार,मानसिक आरोग्य विकार,"Anxiety, depression, mood swings, lack of focus","Anxiety, depression, mood swings, lack of focus","Psychological Evaluation, Blood Tests","Psychological Evaluation, Blood Tests",Moderate to Severe,moderate to severe,Lifelong,Lifelong,Family history of mental disorders,Family history of mental disorders,"Antidepressants, Antianxiety medications","Antidepressants, Antianxiety medications","Genetics, Stress, Trauma","Genetics, Stress, Trauma","Stress, Social pressures","Stress, Social pressures",Irregular sleep,irregular sleep,High stress,high stress,Low,low,Family history of mental disorders,Family history of mental disorders,"Balanced, Low-sugar diet","Balanced, Low-sugar diet",None,,All seasons,all seasons,Adolescents to adults,adolescents to adults,Both genders,all genders,Sedentary lifestyle,Sedentary lifestyle,Avoids high-stress situations,Avoids high-stress situations,"Meditation, Herbal Remedies","Meditation, Herbal Remedies","Ashwagandha, Brahmi, Jatamansi","Ashwagandha, Brahmi, Jatamansi","Brahmi (2g), Ashwagandha (5g), Warm water (200ml)","Brahmi (2g), Ashwagandha (5g), Warm water (200ml)","Vata, Pitta","Vata, Pitta",Vata-Prakriti,Vata-Prakriti,Practice mindfulness and meditation; eat foods that support mental health such as leafy greens.,Practice mindfulness and meditation; eat foods that support mental health such as leafy greens.,Yoga for Mental Health,Yoga for Mental Health,"Psychotherapy, Medications","Psychotherapy, Medications","Therapy, Social Support","Therapy, Social Support",Can be Managed with Treatment,Can be Managed with Treatment,"Anxiety, Depression, Suicidal Tendencies","Anxiety, Depression, Suicidal Tendencies","Regular Therapy, Social Support","Regular Therapy, Social Support",mental health disorders,"[""anxiety"", ""depression"", ""mood swings"", ""lack of focus""]",4,1,1,0,"[""allergies_food_env""]"
kp_0201,Mental Stress,Mental Stress,मानसिक तनाव,मानसिक तनाव,मानसिक तणाव,मानसिक तणाव,"Fatigue, irritability, trouble sleeping, anxiety","Fatigue, irritability, trouble sleeping, anxiety","Physical Exam, Psychological Evaluation","Physical Exam, Psychological Evaluation",Moderate to Severe,moderate to severe,Short to Long-Term,Short to Long-Term,"Work-related, Social pressures","Work-related, Social pressures",Stress-relief medications,Stress-relief medications,"Work Pressure, Life Changes","Work Pressure, Life Changes",High-stress environments,High-stress environments,Irregular sleep,irregular sleep,Very high stress,very high stress,Low,low,Family history of stress-related issues,Family history of stress-related issues,"Balanced, Anti-stress foods","Balanced, Anti-stress foods",None,,All seasons,all seasons,Adolescents to adults,adolescents to adults,Both genders,all genders,"High-stress work, Office work","High-stress work, Office work",Avoids stressful situations,Avoids stressful situations,"Meditation, Herbal Remedies","Meditation, Herbal Remedies","Ashwagandha, Brahmi, Lavender","Ashwagandha, Brahmi, Lavender","Ashwagandha (5g), Tulsi (2g), Warm water (200ml)","Ashwagandha (5g), Tulsi (2g), Warm water (200ml)","Vata, Pitta","Vata, Pitta",Vata-Prakriti,Vata-Prakriti,Practice deep breathing exercises; avoid caffeine and processed foods.,Practice deep breathing exercises; avoid caffeine and processed foods.,Yoga for Stress Relief,Yoga for Stress Relief,"Stress Management Techniques, Counseling","Stress Management Techniques, Counseling","Stress Management, Relaxation","Stress Management, Relaxation",Can Be Managed with Techniques,Can Be Managed with Techniques,"Anxiety, Burnout, Health Issues","Anxiety, Burnout, Health Issues","Relaxation Techniques, Regular Breaks","Relaxation Techniques, Regular Breaks",mental stress,"[""fatigue"", ""irritability"", ""trouble sleeping"", ""anxiety""]",4,1,1,0,"[""allergies_food_env""]"
kp_0202,Metabolic Syndrome,Metabolic Syndrome,मेटाबोलिक सिंड्रोम,मेटाबोलिक सिंड्रोम,मेटाबोलिक सिंड्रोम,मेटाबोलिक सिंड्रोम,"Abdominal obesity, high blood pressure, high blood sugar","Abdominal obesity, high blood pressure, high blood sugar","Blood Tests, Physical Exam","Blood Tests, Physical Exam",Severe,severe,Lifelong,Lifelong,"Obesity, Diabetes, High blood pressure","Obesity, Diabetes, High blood pressure","Insulin, Hypertension medications","Insulin, Hypertension medications","Obesity, High Blood Pressure, Diabetes","Obesity, High Blood Pressure, Diabetes","Poor diet, Sedentary lifestyle","Poor diet, Sedentary lifestyle",Irregular sleep,irregular sleep,High stress,high stress,Low,low,Family history of metabolic disorders,Family history of metabolic disorders,"Low-carb, High-protein","Low-carb, High-protein",None,,"Winter, Summer","winter, summer",Adults,adults,Both genders,all genders,Sedentary lifestyle,Sedentary lifestyle,Reduces sugar intake,Reduces sugar intake,"Herbal Remedies, Diet","Herbal Remedies, Diet","Fenugreek, Amla, Turmeric","Fenugreek, Amla, Turmeric","Triphala (1 tsp), Fenugreek (3g), Warm water (200ml)","Triphala (1 tsp), Fenugreek (3g), Warm water (200ml)","Kapha, Pitta","Pitta, Kapha",Kapha-Prakriti,Kapha-Prakriti,"Follow a low-carb, high-fiber diet; engage in regular physical activity.","Follow a low-carb, high-fiber diet; engage in regular physical activity.",Yoga for Metabolic Health,Yoga for Metabolic Health,"Medications, Lifestyle Changes","Medications, Lifestyle Changes","Healthy Diet, Regular Exercise","Healthy Diet, Regular Exercise",Can be Managed with Lifestyle Changes,Can be Managed with Lifestyle Changes,"Cardiovascular Disease, Diabetes","Cardiovascular Disease, Diabetes","Regular Exercise, Healthy Diet","Regular Exercise, Healthy Diet",metabolic syndrome,"[""abdominal obesity"", ""high blood pressure"", ""high blood sugar""]",3,0,1,1,"[""allergies_food_env""]"
kp_0203,Migraine,Migraine,माइग्रेन,माइग्रेन,माइग्रेन,माइग्रेन,"Severe headache, nausea, sensitivity to light/sound","Severe headache, nausea, sensitivity to light/ sound","Physical Exam, MRI, Blood Tests","Physical Exam, MRI, Blood Tests",Severe,severe,Varies,Varies,Family history of migraines,Family history of migraines,"Pain relievers, Antiemetics","Pain relievers, Antiemetics","Stress, Hormonal Changes, Genetics","Stress, Hormonal Changes, Genetics","Triggers like bright light, loud sounds","Triggers like bright light, loud sounds",Poor sleep,poor sleep,High stress,high stress,Low,low,Family history of migraines,Family history of migraines,"Balanced, Avoids caffeine","Balanced, Avoids caffeine","Food triggers (chocolate, cheese)","Food triggers (chocolate, cheese)",All seasons,all seasons,Adolescents to adults,adolescents to adults,Both genders,all genders,Sedentary lifestyle,Sedentary lifestyle,Avoids bright lights and loud sounds,Avoids bright lights and loud sounds,"Herbal Remedies, Lifestyle Changes","Herbal Remedies, Lifestyle Changes","Ginger, Peppermint, Lavender","Ginger, Peppermint, Lavender",Peppermint (2 drops in water),Peppermint (2 drops in water),Pitta,Pitta,Pitta-Prakriti,Pitta-Prakriti,Avoid triggers like spicy foods and bright lights; maintain a regular sleep schedule.,Avoid triggers like spicy foods and bright lights; maintain a regular sleep schedule.,Yoga for Headache Relief,Yoga for Headache Relief,"Pain Relievers, Preventive Medications","Pain Relievers, Preventive Medications","Stress Management, Regular Sleep","Stress Management, Regular Sleep",Can be Managed with Medication,Can be Managed with Medication,"Nausea, Sensitivity to Light","Nausea, Sensitivity to Light","Regular Sleep, Avoid Triggers","Regular Sleep, Avoid Triggers",migraine,"[""severe headache"", ""nausea"", ""sensitivity to light"", ""sound""]",4,0,1,0,[]
kp_0204,Miller-Dieker Syndrome,Miller-Dieker Syndrome,मिलर-डाइकर सिंड्रोम,मिलर-डाइकर सिंड्रोम,मिलर-डायकर सिंड्रोम,मिलर-डायकर सिंड्रोम,"Developmental delay, facial abnormalities, seizures","Developmental delay, facial abnormalities, seizures","Genetic Testing, Physical Exam","Genetic Testing, Physical Exam",Severe,severe,Lifelong,Lifelong,"Genetic, Developmental delays","Genetic, Developmental delays",Symptom-specific therapy,Symptom-specific therapy,"Genetic Mutations, Family History","Genetic Mutations, Family History","Genetic, Developmental environment","Genetic, Developmental environment",Irregular sleep,irregular sleep,High stress,high stress,Low,low,Family history of genetic disorders,Family history of genetic disorders,"Nutrient-rich, Balanced diet","Nutrient-rich, Balanced diet",None,,All seasons,all seasons,Childhood,childhood,Both genders,all genders,Requires caregiver support,Requires caregiver support,Avoids environmental stressors,Avoids environmental stressors,None specific,None specific,None specific,None specific,"Brahmi (2g), Ashwagandha (5g), Warm water (200ml)","Brahmi (2g), Ashwagandha (5g), Warm water (200ml)","Vata, Pitta","Vata, Pitta",Vata-Prakriti,Vata-Prakriti,"Focus on mental health; maintain a balanced, nutrient-rich diet.","Focus on mental health; maintain a balanced, nutrient-rich diet.",None specific,None specific,"Supportive Care, Medications","Supportive Care, Medications","Genetic Counseling, Early Diagnosis","Genetic Counseling, Early Diagnosis",Can be Managed with Supportive Care,Can be Managed with Supportive Care,"Neurological Issues, Growth Delays","Neurological Issues, Growth Delays","Early Diagnosis, Regular Monitoring","Early Diagnosis, Regular Monitoring",miller dieker syndrome,"[""developmental delay"", ""facial abnormalities"", ""seizures""]",3,1,1,0,"[""allergies_food_env""]"
kp_0205,Mitochondrial Myopathy,Mitochondrial Myopathy,माइटोकॉन्ड्रियल मायोपैथी,माइटोकॉन्ड्रियल मायोपैथी,माइटोकॉन्ड्रियल मायोपैथी,माइटोकॉन्ड्रियल मायोपैथी,"Muscle weakness, fatigue, vision problems, hearing loss","Muscle weakness, fatigue, vision problems, hearing loss","Genetic Testing, Muscle Biopsy, Blood Tests","Genetic Testing, Muscle Biopsy, Blood Tests",Severe,severe,Lifelong,Lifelong,"Genetic, Muscle weakness","Genetic, Muscle weakness",Symptom-specific therapy,Symptom-specific therapy,"Genetic Mutations, Family History","Genetic Mutations, Family History","Genetic, Physical stress","Genetic, Physical stress",Irregular sleep,irregular sleep,Moderate stress,moderate stress,Low,low,Family history of mitochondrial disorders,Family history of mitochondrial disorders,"High-protein, Low-fat diet","High-protein, Low-fat diet",None,,All seasons,all seasons,Childhood to adulthood,childhood to adulthood,Both genders,all genders,Limited physical activity,Limited physical activity,Avoids muscle strain,Avoids muscle strain,None specific,None specific,None specific,None specific,"Ashwagandha (5g), Turmeric (1/2 tsp), Warm water (200ml)","Ashwagandha (5g), Turmeric (1/ 2 tsp), Warm water (200ml)","Vata, Pitta","Vata, Pitta",Vata-Prakriti,Vata-Prakriti,Consume antioxidant-rich foods; avoid environmental toxins.,Consume antioxidant-rich foods; avoid environmental toxins.,Physical Therapy for Mobility,Physical Therapy for Mobility,"Supportive Care, Medications","Supportive Care, Medications","Genetic Counseling, Early Diagnosis","Genetic Counseling, Early Diagnosis",Can be Managed with Treatment,Can be Managed with Treatment,"Muscle Weakness, Respiratory Issues","Muscle Weakness, Respiratory Issues","Early Diagnosis, Regular Monitoring","Early Diagnosis, Regular Monitoring",mitochondrial myopathy,"[""muscle weakness"", ""fatigue"", ""vision problems"", ""hearing loss""]",4,1,1,0,"[""allergies_food_env""]"
kp_0206,Monkeypox,Monkeypox,मंकीपॉक्स,मंकीपॉक्स,मंकीपॉक्स,मंकीपॉक्स,"Fever, swollen lymph nodes, rash","Fever, swollen lymph nodes, rash","Blood Tests, PCR Tests","Blood Tests, PCR Tests",Moderate to Severe,moderate to severe,2-4 weeks,2-4 weeks,"Viral infection, Contact with infected animals","Viral infection, Contact with infected animals","Antiviral drugs, Symptom management","Antiviral drugs, Symptom management","Animal Exposure, Close Contact","Animal Exposure, Close Contact",Contact with infected animals,Contact with infected animals,Irregular sleep,irregular sleep,High stress,high stress,Low,low,Family history of pox-related infections,Family history of pox-related infections,"Balanced, Hydrating foods","Balanced, Hydrating foods",Viral exposure,Viral exposure,Rainy season,rainy season,Adults,adults,Both genders,all genders,"Agricultural work, Rural","Agricultural work, Rural",Avoids close contact with infected animals,Avoids close contact with infected animals,None specific,None specific,None specific,None specific,"Neem leaves (5-6), Water (as needed)","Neem leaves (5-6), Water (as needed)","Vata, Kapha","Vata, Kapha",Vata-Kapha,Vata-Kapha,Isolate and rest; consume immune-boosting foods like citrus fruits and ginger.,Isolate and rest; consume immune-boosting foods like citrus fruits and ginger.,None specific,None specific,"Supportive Care, Antiviral Medications","Supportive Care, Antiviral Medications","Avoid Animal Contact, Hygiene","Avoid Animal Contact, Hygiene",Can be Managed with Treatment,Can be Managed with Treatment,"Skin Lesions, Pneumonia","Skin Lesions, Pneumonia","Avoid Animal Exposure, Isolation","Avoid Animal Exposure, Isolation",monkeypox,"[""fever"", ""swollen lymph nodes"", ""rash""]",3,1,0,1,[]
kp_0207,Mowat-Wilson Syndrome,Mowat-Wilson Syndrome,मावत-विल्सन सिंड्रोम,मावत-विल्सन सिंड्रोम,मावत-विल्सन सिंड्रोम,मावत-विल्सन सिंड्रोम,"Developmental delay, facial abnormalities, seizures","Developmental delay, facial abnormalities, seizures","Genetic Testing, Physical Exam","Genetic Testing, Physical Exam",Severe,severe,Lifelong,Lifelong,"Genetic, Intellectual disabilities","Genetic, Intellectual disabilities",Symptom-specific therapy,Symptom-specific therapy,"Genetic Mutations, Family History","Genetic Mutations, Family History","Genetic, Developmental environment","Genetic, Developmental environment",Irregular sleep,irregular sleep,High stress,high stress,Low,low,Family history of genetic disorders,Family history of genetic disorders,"Nutrient-rich, Balanced diet","Nutrient-rich, Balanced diet",None,,All seasons,all seasons,Childhood,childhood,Both genders,all genders,Requires caregiver support,Requires caregiver support,Avoids environmental stressors,Avoids environmental stressors,None specific,None specific,None specific,None specific,"Brahmi (2g), Ashwagandha (5g), Warm water (200ml)","Brahmi (2g), Ashwagandha (5g), Warm water (200ml)","Vata, Pitta","Vata, Pitta",Vata-Prakriti,Vata-Prakriti,"Ensure proper neurological care; provide a balanced, nutrient-dense diet.","Ensure proper neurological care; provide a balanced, nutrient-dense diet.",None specific,None specific,"Supportive Care, Medications","Supportive Care, Medications","Genetic Counseling, Early Diagnosis","Genetic Counseling, Early Diagnosis",Can be Managed with Supportive Care,Can be Managed with Supportive Care,"Cognitive Impairment, Growth Delays","Cognitive Impairment, Growth Delays","Early Diagnosis, Regular Monitoring","Early Diagnosis, Regular Monitoring",mowat wilson syndrome,"[""developmental delay"", ""facial abnormalities"", ""seizures""]",3,1,1,0,"[""allergies_food_env""]"
kp_0208,Mucolipidosis,Mucolipidosis,म्युकोलिपिडोसिस,म्युकोलिपिडोसिस,म्युकोलिपिडोसिस,म्युकोलिपिडोसिस,"Enlarged organs, developmental delay, vision problems","Enlarged organs, developmental delay, vision problems","Genetic Testing, Enzyme Tests","Genetic Testing, Enzyme Tests",Severe,severe,Lifelong,Lifelong,"Genetic, Organ dysfunction","Genetic, Organ dysfunction",Symptom-specific therapy,Symptom-specific therapy,"Genetic Mutations, Family History","Genetic Mutations, Family History","Genetic, Developmental environment","Genetic, Developmental environment",Irregular sleep,irregular sleep,High stress,high stress,Low,low,Family history of mucolipidosis,Family history of mucolipidosis,"High-protein, Low-fat diet","High-protein, Low-fat diet",None,,All seasons,all seasons,Childhood to adulthood,childhood to adulthood,Both genders,all genders,Requires caregiver support,Requires caregiver support,Avoids environmental stressors,Avoids environmental stressors,None specific,None specific,None specific,None specific,"Triphala (1 tsp), Warm water (200ml)","Triphala (1 tsp), Warm water (200ml)","Vata, Kapha","Vata, Kapha",Vata-Kapha,Vata-Kapha,Maintain a low-fat diet; focus on digestive health with fiber-rich foods.,Maintain a low-fat diet; focus on digestive health with fiber-rich foods.,None specific,None specific,"Enzyme Replacement, Supportive Care","Enzyme Replacement, Supportive Care","Genetic Counseling, Early Diagnosis","Genetic Counseling, Early Diagnosis",Can be Managed with Treatment,Can be Managed with Treatment,"Organ Damage, Neurological Decline","Organ Damage, Neurological Decline","Early Diagnosis, Regular Monitoring","Early Diagnosis, Regular Monitoring",mucolipidosis,"[""enlarged organs"", ""developmental delay"", ""vision problems""]",3,1,0,1,"[""allergies_food_env""]"
kp_0209,Mucopolysaccharidosis,Mucopolysaccharidosis,म्युकोपॉलिसैक्रायडोसिस,म्युकोपॉलिसैक्रायडोसिस,म्युकोपॉलिसैक्रायडोसिस,म्युकोपॉलिसैक्रायडोसिस,"Joint stiffness, heart valve problems, developmental delay","Joint stiffness, heart valve problems, developmental delay","Blood Tests, Genetic Testing","Blood Tests, Genetic Testing",Severe,severe,Lifelong,Lifelong,"Genetic, Skeletal abnormalities","Genetic, Skeletal abnormalities",Enzyme replacement therapy,Enzyme replacement therapy,"Genetic Mutations, Family History","Genetic Mutations, Family History","Genetic, Developmental environment","Genetic, Developmental environment",Irregular sleep,irregular sleep,High stress,high stress,Low,low,Family history of mucopolysaccharidosis,Family history of mucopolysaccharidosis,"High-protein, Low-fat diet","High-protein, Low-fat diet",None,,All seasons,all seasons,Childhood to adulthood,childhood to adulthood,Both genders,all genders,Requires caregiver support,Requires caregiver support,Avoids environmental stressors,Avoids environmental stressors,None specific,None specific,None specific,None specific,"Ashwagandha (5g), Brahmi (2g), Warm water (200ml)","Ashwagandha (5g), Brahmi (2g), Warm water (200ml)","Vata, Pitta","Vata, Pitta",Vata-Prakriti,Vata-Prakriti,Focus on joint health and mobility; consume anti-inflammatory foods like turmeric and ginger.,Focus on joint health and mobility; consume anti-inflammatory foods like turmeric and ginger.,None specific,None specific,"Enzyme Replacement, Supportive Care","Enzyme Replacement, Supportive Care","Genetic Counseling, Early Diagnosis","Genetic Counseling, Early Diagnosis",Can be Managed with Treatment,Can be Managed with Treatment,"Organ Damage, Cognitive Decline","Organ Damage, Cognitive Decline","Early Diagnosis, Regular Monitoring","Early Diagnosis, Regular Monitoring",mucopolysaccharidosis,"[""joint stiffness"", ""heart valve problems"", ""developmental delay""]",3,1,1,0,"[""allergies_food_env""]"
kp_0210,Multiple Sclerosis,Multiple Sclerosis,बहुग्रंथि तंत्रिका रोग,बहुग्रंथि तंत्रिका रोग,मल्टीपल स्क्लेरोसिस,मल्टीपल स्क्लेरोसिस,"Muscle weakness, vision problems, difficulty walking","Muscle weakness, vision problems, difficulty walking","MRI, Blood Tests, Neurological Exam","MRI, Blood Tests, Neurological Exam",Severe,severe,Lifelong,Lifelong,"Genetic, Autoimmune, Neurological","Genetic, Autoimmune, Neurological","Immunosuppressants, Steroids","Immunosuppressants, Steroids","Genetics, Immune Dysfunction","Genetics, Immune Dysfunction","Cold, Stress, Viral infections","Cold, Stress, Viral infections",Irregular sleep,irregular sleep,High stress,high stress,Low,low,Family history of MS,Family history of MS,"Low-fat, High-fiber diet","Low-fat, High-fiber diet",None,,"Winter, Rainy season","winter, rainy season","Adults, Young adults","adults, young adults",Both genders,all genders,Sedentary lifestyle,Sedentary lifestyle,Avoids high-stress environments,Avoids high-stress environments,None specific,None specific,"Ashwagandha, Brahmi","Ashwagandha, Brahmi","Ashwagandha (5g), Turmeric (1/2 tsp), Warm water (200ml)","Ashwagandha (5g), Turmeric (1/ 2 tsp), Warm water (200ml)","Vata, Pitta","Vata, Pitta",Vata-Prakriti,Vata-Prakriti,Engage in gentle exercise; consume omega-3 fatty acids and antioxidants.,Engage in gentle exercise; consume omega-3 fatty acids and antioxidants.,Physical Therapy for Mobility,Physical Therapy for Mobility,"Medications, Physical Therapy","Medications, Physical Therapy","Early Diagnosis, Stress Management","Early Diagnosis, Stress Management",Can be Managed with Treatment,Can be Managed with Treatment,"Mobility Issues, Cognitive Decline","Mobility Issues, Cognitive Decline","Regular Monitoring, Healthy Lifestyle","Regular Monitoring, Healthy Lifestyle",multiple sclerosis,"[""muscle weakness"", ""vision problems"", ""difficulty walking""]",3,1,1,0,"[""allergies_food_env""]"
kp_0211,Multiple Sulfatase Deficiency,Multiple Sulfatase Deficiency,मल्टीपल सल्फेटेज डेफिशियन्सी,मल्टीपल सल्फेटेज डेफिशियन्सी,मल्टीपल सल्फेटेज कमतरता,मल्टीपल सल्फेटेज कमतरता,"Developmental delay, seizures, vision problems","Developmental delay, seizures, vision problems","Genetic Testing, Enzyme Tests","Genetic Testing, Enzyme Tests",Severe,severe,Lifelong,Lifelong,"Genetic, Developmental delays","Genetic, Developmental delays",Symptom-specific therapy,Symptom-specific therapy,"Genetic Mutations, Family History","Genetic Mutations, Family History","Genetic, Developmental environment","Genetic, Developmental environment",Irregular sleep,irregular sleep,High stress,high stress,Low,low,Family history of genetic disorders,Family history of genetic disorders,"High-protein, Nutrient-rich diet","High-protein, Nutrient-rich diet",None,,All seasons,all seasons,Childhood,childhood,Both genders,all genders,Requires caregiver support,Requires caregiver support,Avoids environmental stressors,Avoids environmental stressors,None specific,None specific,None specific,None specific,"Ashwagandha (5g), Brahmi (2g), Warm water (200ml)","Ashwagandha (5g), Brahmi (2g), Warm water (200ml)","Vata, Pitta","Vata, Pitta",Vata-Prakriti,Vata-Prakriti,Focus on cognitive and developmental support; provide a balanced diet.,Focus on cognitive and developmental support; provide a balanced diet.,None specific,None specific,"Enzyme Replacement, Supportive Care","Enzyme Replacement, Supportive Care","Genetic Counseling, Early Diagnosis","Genetic Counseling, Early Diagnosis",Can be Managed with Treatment,Can be Managed with Treatment,"Cognitive Impairment, Organ Damage","Cognitive Impairment, Organ Damage","Early Diagnosis, Regular Monitoring","Early Diagnosis, Regular Monitoring",multiple sulfatase deficiency,"[""developmental delay"", ""seizures"", ""vision problems""]",3,1,1,0,"[""allergies_food_env""]"
kp_0212,Muscular Dystrophy,Muscular Dystrophy,मांसपेशियों की बर्बादी,मांसपेशियों की बर्बादी,मसल डिस्ट्रोफी,मसल डिस्ट्रोफी,"Muscle weakness, difficulty walking, breathing problems","Muscle weakness, difficulty walking, breathing problems","Genetic Testing, Muscle Biopsy","Genetic Testing, Muscle Biopsy",Severe,severe,Lifelong,Lifelong,"Genetic, Muscle weakness","Genetic, Muscle weakness","Steroids, Physiotherapy","Steroids, Physiotherapy","Genetic Mutations, Family History","Genetic Mutations, Family History","Genetic, Physical strain","Genetic, Physical strain",Irregular sleep,irregular sleep,High stress,high stress,Low,low,Family history of muscular dystrophy,Family history of muscular dystrophy,"Balanced, High-protein diet","Balanced, High-protein diet",None,,All seasons,all seasons,Childhood to adulthood,childhood to adulthood,Both genders,all genders,Limited physical activity,Limited physical activity,Avoids muscle strain,Avoids muscle strain,None specific,None specific,None specific,None specific,"Ashwagandha (5g), Shatavari (5g), Warm water (200ml)","Ashwagandha (5g), Shatavari (5g), Warm water (200ml)",Vata,Vata,Vata-Prakriti,Vata-Prakriti,Maintain proper muscle care; engage in regular physical therapy.,Maintain proper muscle care; engage in regular physical therapy.,Physical Therapy for Mobility,Physical Therapy for Mobility,"Supportive Care, Medications","Supportive Care, Medications","Genetic Counseling, Early Diagnosis","Genetic Counseling, Early Diagnosis",Can be Managed with Treatment,Can be Managed with Treatment,"Muscle Weakness, Respiratory Issues","Muscle Weakness, Respiratory Issues","Early Diagnosis, Regular Monitoring","Early Diagnosis, Regular Monitoring",muscular dystrophy,"[""muscle weakness"", ""difficulty walking"", ""breathing problems""]",3,1,0,0,"[""allergies_food_env""]"
kp_0213,Myasthenia Gravis,Myasthenia Gravis,मायस्थेनिया ग्रेविस,मायस्थेनिया ग्रेविस,मायस्थेनिया ग्रेविस,मायस्थेनिया ग्रेविस,"Muscle weakness, drooping eyelids, difficulty swallowing","Muscle weakness, drooping eyelids, difficulty swallowing","Blood Tests, Physical Exam","Blood Tests, Physical Exam",Moderate to Severe,moderate to severe,Lifelong,Lifelong,"Autoimmune, Neurological","Autoimmune, Neurological","Immunosuppressants, Anticholinesterase","Immunosuppressants, Anticholinesterase","Autoimmune Dysfunction, Genetic Factors","Autoimmune Dysfunction, Genetic Factors","Stress, Viral infections","Stress, Viral infections",Irregular sleep,irregular sleep,High stress,high stress,Low,low,Family history of autoimmune diseases,Family history of autoimmune diseases,"Low-sodium, Balanced diet","Low-sodium, Balanced diet",None,,All seasons,all seasons,"Adults, Older adults","adults, older adults",Both genders,all genders,Sedentary lifestyle,Sedentary lifestyle,Avoids fatigue-inducing activities,Avoids fatigue-inducing activities,None specific,None specific,"Ashwagandha, Guduchi","Ashwagandha, Guduchi","Ashwagandha (5g), Brahmi (2g), Warm water (200ml)","Ashwagandha (5g), Brahmi (2g), Warm water (200ml)","Vata, Pitta","Vata, Pitta",Vata-Prakriti,Vata-Prakriti,Avoid heavy physical exertion; maintain a nutrient-dense diet.,Avoid heavy physical exertion; maintain a nutrient-dense diet.,Physical Therapy for Muscle Strength,Physical Therapy for Muscle Strength,"Medications, Surgery","Medications, Surgery","Stress Management, Early Diagnosis","Stress Management, Early Diagnosis",Can be Managed with Medication,Can be Managed with Medication,"Muscle Weakness, Respiratory Issues","Muscle Weakness, Respiratory Issues","Early Diagnosis, Regular Monitoring","Early Diagnosis, Regular Monitoring",myasthenia gravis,"[""muscle weakness"", ""drooping eyelids"", ""difficulty swallowing""]",3,1,1,0,"[""allergies_food_env""]"
kp_0214,Mycetoma,Mycetoma,मायसीटोमा,मायसीटोमा,मायसेटोमा,मायसेटोमा,"Swelling, pain, skin ulcers, pus discharge","Swelling, pain, skin ulcers, pus discharge","Skin Biopsy, Blood Tests","Skin Biopsy, Blood Tests",Moderate to Severe,moderate to severe,6-12 months,6-12 months,"Fungal, Parasitic infection","Fungal, Parasitic infection","Antifungals, Antibiotics","Antifungals, Antibiotics","Poor Hygiene, Injury, Infection","Poor Hygiene, Injury, Infection","Poor sanitation, Wet environments","Poor sanitation, Wet environments",Irregular sleep,irregular sleep,Moderate stress,moderate stress,Low,low,Family history of fungal infections,Family history of fungal infections,"High-protein, Hydrating diet","High-protein, Hydrating diet",None,,Monsoon season,monsoon season,Adults,adults,Both genders,all genders,Exposure to wet environments,Exposure to wet environments,Avoids wet environments,Avoids wet environments,None specific,None specific,None specific,None specific,"Neem leaves (5-6), Water (as needed)","Neem leaves (5-6), Water (as needed)",Kapha,Kapha,Kapha-Prakriti,Kapha-Prakriti,Maintain cleanliness of affected area; consume immune-boosting foods.,Maintain cleanliness of affected area; consume immune-boosting foods.,None specific,None specific,"Antifungal, Antibiotics, Surgery","Antifungal, Antibiotics, Surgery","Good Hygiene, Wound Care","Good Hygiene, Wound Care",Can be Managed with Medication,Can be Managed with Medication,"Organ Damage, Skin Deformities","Organ Damage, Skin Deformities","Regular Hygiene, Wound Care","Regular Hygiene, Wound Care",mycetoma,"[""swelling"", ""pain"", ""skin ulcers"", ""pus discharge""]",4,0,0,1,"[""allergies_food_env""]"
kp_0215,Myotonia Congenita,Myotonia Congenita,मायोटोनिया कोंजेनिता,मायोटोनिया कोंजेनिता,मायोटोनिया कोंजेनिता,मायोटोनिया कोंजेनिता,"Muscle stiffness, difficulty relaxing muscles","Muscle stiffness, difficulty relaxing muscles","Genetic Testing, Physical Exam","Genetic Testing, Physical Exam",Moderate,moderate,Lifelong,Lifelong,"Genetic, Muscle stiffness","Genetic, Muscle stiffness",Symptom-specific therapy,Symptom-specific therapy,"Genetic Mutations, Family History","Genetic Mutations, Family History","Genetic, Physical strain","Genetic, Physical strain",Irregular sleep,irregular sleep,High stress,high stress,Low,low,Family history of myotonia,Family history of myotonia,"High-protein, Balanced diet","High-protein, Balanced diet",None,,All seasons,all seasons,Childhood to adulthood,childhood to adulthood,Both genders,all genders,Limited physical activity,Limited physical activity,Avoids strenuous activities,Avoids strenuous activities,None specific,None specific,None specific,None specific,"Ashwagandha (5g), Turmeric (1/2 tsp), Warm water (200ml)","Ashwagandha (5g), Turmeric (1/ 2 tsp), Warm water (200ml)","Vata, Pitta","Vata, Pitta",Vata-Prakriti,Vata-Prakriti,Practice relaxation techniques; focus on reducing muscle stiffness with stretching.,Practice relaxation techniques; focus on reducing muscle stiffness with stretching.,Physical Therapy for Mobility,Physical Therapy for Mobility,"Supportive Care, Medications","Supportive Care, Medications","Genetic Counseling, Early Diagnosis","Genetic Counseling, Early Diagnosis",Can be Managed with Treatment,Can be Managed with Treatment,"Muscle Stiffness, Weakness","Muscle Stiffness, Weakness","Early Diagnosis, Regular Monitoring","Early Diagnosis, Regular Monitoring",myotonia congenita,"[""muscle stiffness"", ""difficulty relaxing muscles""]",2,1,1,0,"[""allergies_food_env""]"
kp_0216,Naegleria Infection,Naegleria Infection,नाएग्लेरिया संक्रमण,नाएग्लेरिया संक्रमण,नाएग्लेरिया इंफेक्शन,नाएग्लेरिया इंफेक्शन,"Severe headache, fever, nausea, stiff neck","Severe headache, fever, nausea, stiff neck","CSF Testing, Blood Tests","CSF Testing, Blood Tests",Severe,severe,1-2 weeks,1-2 weeks,"Waterborne, Rare infection","Waterborne, Rare infection","Antifungal, Antimicrobial","Antifungal, Antimicrobial","Swimming in Warm Water, Poor Sanitation","Swimming in Warm Water, Poor Sanitation","Poor sanitation, Warm water sources","Poor sanitation, Warm water sources",Irregular sleep,irregular sleep,High stress,high stress,Low,low,Family history of waterborne diseases,Family history of waterborne diseases,"Hydrating, Low-sugar diet","Hydrating, Low-sugar diet",None,,"Summer, Rainy season","summer, rainy season","Children, Adults","children, adults",Both genders,all genders,Exposure to warm water,Exposure to warm water,Avoids contaminated water sources,Avoids contaminated water sources,None specific,None specific,None specific,None specific,"Neem leaves (5-6), Warm water (200ml)","Neem leaves (5-6), Warm water (200ml)",Pitta,Pitta,Pitta-Prakriti,Pitta-Prakriti,Avoid exposure to contaminated water; consume plenty of fluids.,Avoid exposure to contaminated water; consume plenty of fluids.,None specific,None specific,"Antifungal, Antibiotics, Surgery","Antifungal, Antibiotics, Surgery","Avoid Warm Water, Good Hygiene","Avoid Warm Water, Good Hygiene",Can be Managed with Medication,Can be Managed with Medication,"Brain Damage, Death","Brain Damage, Death",Avoid Swimming in Contaminated Water,Avoid Swimming in Contaminated Water,naegleria infection,"[""severe headache"", ""fever"", ""nausea"", ""stiff neck""]",4,0,1,0,"[""allergies_food_env""]"
kp_0217,Nephrotic Syndrome,Nephrotic Syndrome,नेफ्रोटिक सिंड्रोम,नेफ्रोटिक सिंड्रोम,नेफ्रोटिक सिंड्रोम,नेफ्रोटिक सिंड्रोम,"Swelling, fatigue, foamy urine","Swelling, fatigue, foamy urine","Urine Tests, Blood Tests, Biopsy","Urine Tests, Blood Tests, Biopsy",Severe,severe,Lifelong,Lifelong,"Kidney disease, Proteinuria","Kidney disease, Proteinuria","Steroids, Diuretics","Steroids, Diuretics","Kidney Disease, Diabetes, Infections","Kidney Disease, Diabetes, Infections","Poor kidney function, Stress","Poor kidney function, Stress",Irregular sleep,irregular sleep,High stress,high stress,Low,low,Family history of kidney diseases,Family history of kidney diseases,"Low-salt, High-protein diet","Low-salt, High-protein diet",None,,"Winter, Rainy season","winter, rainy season","Children, Adults","children, adults",Both genders,all genders,Sedentary lifestyle,Sedentary lifestyle,Avoids salt-rich foods,Avoids salt-rich foods,None specific,None specific,None specific,None specific,"Ashwagandha (5g), Triphala (1 tsp), Warm water (200ml)","Ashwagandha (5g), Triphala (1 tsp), Warm water (200ml)","Vata, Pitta","Vata, Pitta",Vata-Prakriti,Vata-Prakriti,Avoid salty foods; maintain hydration and a kidney-friendly diet.,Avoid salty foods; maintain hydration and a kidney-friendly diet.,None specific,None specific,"Medications, Dialysis","Medications, Dialysis","Healthy Diet, Regular Monitoring","Healthy Diet, Regular Monitoring",Can be Managed with Medication,Can be Managed with Medication,"Kidney Failure, Infections","Kidney Failure, Infections","Early Diagnosis, Regular Monitoring","Early Diagnosis, Regular Monitoring",nephrotic syndrome,"[""swelling"", ""fatigue"", ""foamy urine""]",3,1,1,0,"[""allergies_food_env""]"
kp_0218,Neurofibromatosis,Neurofibromatosis,न्यूरोफाइब्रॉमाटोसिस,न्यूरोफाइब्रॉमाटोसिस,न्यूरोफाइब्रॉमाटोसिस,न्यूरोफाइब्रॉमाटोसिस,"Lumps on the skin, learning difficulties, vision issues","Lumps on the skin, learning difficulties, vision issues","Genetic Testing, MRI, Physical Exam","Genetic Testing, MRI, Physical Exam",Moderate to Severe,moderate to severe,Lifelong,Lifelong,"Genetic, Tumor growth","Genetic, Tumor growth",Symptom-specific therapy,Symptom-specific therapy,"Genetic Mutations, Family History","Genetic Mutations, Family History","Genetic, Physical strain","Genetic, Physical strain",Irregular sleep,irregular sleep,High stress,high stress,Low,low,Family history of neurofibromatosis,Family history of neurofibromatosis,"Balanced, Nutrient-rich diet","Balanced, Nutrient-rich diet",None,,All seasons,all seasons,Childhood to adulthood,childhood to adulthood,Both genders,all genders,Requires regular check-ups,Requires regular check-ups,Avoids environmental toxins,Avoids environmental toxins,None specific,None specific,None specific,None specific,"Ashwagandha (5g), Brahmi (2g), Warm water (200ml)","Ashwagandha (5g), Brahmi (2g), Warm water (200ml)","Vata, Pitta","Vata, Pitta",Vata-Prakriti,Vata-Prakriti,Focus on cognitive health; engage in moderate exercise and a healthy diet.,Focus on cognitive health; engage in moderate exercise and a healthy diet.,None specific,None specific,"Surgery, Medications","Surgery, Medications","Genetic Counseling, Early Diagnosis","Genetic Counseling, Early Diagnosis",Can be Managed with Treatment,Can be Managed with Treatment,"Tumors, Cognitive Issues","Tumors, Cognitive Issues","Early Diagnosis, Regular Monitoring","Early Diagnosis, Regular Monitoring",neurofibromatosis,"[""lumps on the skin"", ""learning difficulties"", ""vision issues""]",3,1,1,0,"[""allergies_food_env""]"
kp_0219,Neurotoxocariasis,Neurotoxocariasis,न्यूरोटॉक्सोकैरियासिस,न्यूरोटॉक्सोकैरियासिस,न्यूरोटॉक्सोकैरियासिस,न्यूरोटॉक्सोकैरियासिस,"Fever, cough, abdominal pain, muscle weakness","Fever, cough, abdominal pain, muscle weakness","Blood Tests, MRI, Biopsy","Blood Tests, MRI, Biopsy",Severe,severe,1-3 months,1-3 months,Parasitic infection,Parasitic infection,"Anthelmintics, Antifungals","Anthelmintics, Antifungals","Poor Sanitation, Animal Exposure","Poor Sanitation, Animal Exposure","Poor sanitation, Contact with contaminated soil","Poor sanitation, Contact with contaminated soil",Irregular sleep,irregular sleep,Moderate stress,moderate stress,Low,low,Family history of parasitic infections,Family history of parasitic infections,"Hydrating, Balanced diet","Hydrating, Balanced diet",None,,Rainy season,rainy season,"Children, Adults","children, adults",Both genders,all genders,Exposure to contaminated soil,Exposure to contaminated soil,Avoids contaminated soil,Avoids contaminated soil,None specific,None specific,None specific,None specific,"Neem leaves (5-6), Water (as needed)","Neem leaves (5-6), Water (as needed)",Kapha,Kapha,Kapha-Prakriti,Kapha-Prakriti,Practice good hygiene; consume immune-boosting foods like garlic and ginger.,Practice good hygiene; consume immune-boosting foods like garlic and ginger.,None specific,None specific,"Antiparasitic Medications, Surgery","Antiparasitic Medications, Surgery","Avoid Animal Contact, Good Hygiene","Avoid Animal Contact, Good Hygiene",Can be Managed with Medication,Can be Managed with Medication,"Organ Damage, Infections","Organ Damage, Infections","Avoid Animal Contact, Regular Checkups","Avoid Animal Contact, Regular Checkups",neurotoxocariasis,"[""fever"", ""cough"", ""abdominal pain"", ""muscle weakness""]",4,0,0,1,"[""allergies_food_env""]"
kp_0220,Niemann-Pick Disease,Niemann-Pick Disease,नीमैन-पिक रोग,नीमैन-पिक रोग,नीमैन-पिक रोग,नीमैन-पिक रोग,"Enlarged liver and spleen, developmental delay, difficulty swallowing","Enlarged liver and spleen, developmental delay, difficulty swallowing","Genetic Testing, Imaging, Biopsy","Genetic Testing, Imaging, Biopsy",Severe,severe,Lifelong,Lifelong,"Genetic, Lipid storage disorder","Genetic, Lipid storage disorder",Symptom-specific therapy,Symptom-specific therapy,"Genetic Mutations, Family History","Genetic Mutations, Family History","Genetic, Environmental stress","Genetic, Environmental stress",Irregular sleep,irregular sleep,High stress,high stress,Low,low,Family history of genetic disorders,Family history of genetic disorders,"Low-fat, Nutrient-rich diet","Low-fat, Nutrient-rich diet",None,,All seasons,all seasons,Infancy to childhood,infancy to childhood,Both genders,all genders,Requires caregiver support,Requires caregiver support,Avoids environmental toxins,Avoids environmental toxins,None specific,None specific,None specific,None specific,"Ashwagandha (5g), Triphala (1 tsp), Warm water (200ml)","Ashwagandha (5g), Triphala (1 tsp), Warm water (200ml)","Vata, Pitta","Vata, Pitta",Vata-Prakriti,Vata-Prakriti,Focus on liver health; provide easily digestible and nutrient-dense foods.,Focus on liver health; provide easily digestible and nutrient-dense foods.,None specific,None specific,"Enzyme Replacement, Supportive Care","Enzyme Replacement, Supportive Care","Genetic Counseling, Early Diagnosis","Genetic Counseling, Early Diagnosis",Can be Managed with Treatment,Can be Managed with Treatment,"Organ Damage, Cognitive Decline","Organ Damage, Cognitive Decline","Early Diagnosis, Regular Monitoring","Early Diagnosis, Regular Monitoring",niemann pick disease,"[""enlarged liver and spleen"", ""developmental delay"", ""difficulty swallowing""]",3,1,1,0,"[""allergies_food_env""]"
kp_0221,Nipah Virus Infection,Nipah Virus Infection,निपाह वायरस संक्रमण,निपाह वायरस संक्रमण,निपाह विषाणू संक्रमण,निपाह विषाणू संक्रमण,"Fever, headache, dizziness, respiratory distress, confusion","Fever, headache, dizziness, respiratory distress, confusion","Blood Tests, PCR Tests","Blood Tests, PCR Tests",Severe,severe,1-3 weeks,1-3 weeks,"Viral, Zoonotic disease","Viral, Zoonotic disease","Antiviral drugs, Symptom-specific therapy","Antiviral drugs, Symptom-specific therapy","Animal Exposure, Poor Hygiene","Animal Exposure, Poor Hygiene",Exposure to infected animals,Exposure to infected animals,Irregular sleep,irregular sleep,High stress,high stress,Low,low,Family history of viral infections,Family history of viral infections,"Hydrating, High-protein diet","Hydrating, High-protein diet",None,,Rainy season,rainy season,All age groups,all age groups,Both genders,all genders,Exposure to animals,Exposure to animals,Avoids infected environments,Avoids infected environments,None specific,None specific,None specific,None specific,"Neem leaves (5-6), Warm water (200ml)","Neem leaves (5-6), Warm water (200ml)",Pitta,Pitta,Pitta-Prakriti,Pitta-Prakriti,Maintain hydration; consume immune-boosting foods like garlic and ginger.,Maintain hydration; consume immune-boosting foods like garlic and ginger.,None specific,None specific,"Antiviral Medications, Supportive Care","Antiviral Medications, Supportive Care","Avoid Animal Contact, Hygiene","Avoid Animal Contact, Hygiene",Can be Managed with Medication,Can be Managed with Medication,"Encephalitis, Organ Failure","Encephalitis, Organ Failure","Early Diagnosis, Regular Monitoring","Early Diagnosis, Regular Monitoring",nipah virus infection,"[""fever"", ""headache"", ""dizziness"", ""respiratory distress"", ""confusion""]",5,0,1,0,"[""allergies_food_env""]"
kp_0222,Noonan Syndrome,Noonan Syndrome,नूनन सिंड्रोम,नूनन सिंड्रोम,नूनन सिंड्रोम,नूनन सिंड्रोम,"Short stature, heart defects, developmental delay","Short stature, heart defects, developmental delay","Genetic Testing, Physical Exam","Genetic Testing, Physical Exam",Moderate to Severe,moderate to severe,Lifelong,Lifelong,"Genetic, Developmental delays","Genetic, Developmental delays","Hormone therapy, Symptom-specific treatment","Hormone therapy, Symptom-specific treatment","Genetic Mutations, Family History","Genetic Mutations, Family History","Genetic, Physical strain","Genetic, Physical strain",Irregular sleep,irregular sleep,Moderate stress,moderate stress,Low,low,Family history of genetic disorders,Family history of genetic disorders,"High-protein, Balanced diet","High-protein, Balanced diet",None,,All seasons,all seasons,Childhood,childhood,Both genders,all genders,Requires regular check-ups,Requires regular check-ups,Avoids high-stress environments,Avoids high-stress environments,None specific,None specific,None specific,None specific,"Ashwagandha (5g), Brahmi (2g), Warm water (200ml)","Ashwagandha (5g), Brahmi (2g), Warm water (200ml)","Vata, Pitta","Vata, Pitta",Vata-Prakriti,Vata-Prakriti,Provide a balanced diet for growth and development; encourage regular exercise.,Provide a balanced diet for growth and development; encourage regular exercise.,None specific,None specific,"Medications, Surgery","Medications, Surgery","Genetic Counseling, Early Diagnosis","Genetic Counseling, Early Diagnosis",Can be Managed with Treatment,Can be Managed with Treatment,"Heart Issues, Short Stature","Heart Issues, Short Stature","Early Diagnosis, Regular Monitoring","Early Diagnosis, Regular Monitoring",noonan syndrome,"[""short stature"", ""heart defects"", ""developmental delay""]",3,1,1,0,"[""allergies_food_env""]"
kp_0223,Obesity,Obesity,मोटापा,मोटापा,स्थूलता,स्थूलता,"Excessive weight, fatigue, difficulty in physical activity","Excessive weight, fatigue, difficulty in physical activity","Blood Tests, BMI Measurement","Blood Tests, BMI Measurement",Severe,severe,Lifelong,Lifelong,"Lifestyle, Overeating, Sedentary lifestyle","Lifestyle, Overeating, Sedentary lifestyle","Weight loss medications, Surgery","Weight loss medications, Surgery","Poor Diet, Lack of Exercise, Genetics","Poor Diet, Lack of Exercise, Genetics","Poor diet, Sedentary lifestyle","Poor diet, Sedentary lifestyle",Irregular sleep,irregular sleep,High stress,high stress,Low to moderate,low to moderate,Family history of obesity,Family history of obesity,"Low-calorie, Balanced diet","Low-calorie, Balanced diet",None,,All seasons,all seasons,"Adults, Children","adults, children",Both genders,all genders,Sedentary lifestyle,Sedentary lifestyle,Avoids high-fat foods,Avoids high-fat foods,"Herbal Remedies, Diet Changes","Herbal Remedies, Diet Changes","Triphala, Guggul, Ashwagandha","Triphala, Guggul, Ashwagandha","Triphala (1 tsp), Fenugreek (3g), Warm water (200ml)","Triphala (1 tsp), Fenugreek (3g), Warm water (200ml)","Kapha, Pitta","Pitta, Kapha",Kapha-Prakriti,Kapha-Prakriti,"Follow a low-carb, high-fiber diet; practice regular physical activity.","Follow a low-carb, high-fiber diet; practice regular physical activity.",Yoga for Weight Management,Yoga for Weight Management,"Medications, Surgery","Medications, Surgery","Healthy Diet, Regular Exercise","Healthy Diet, Regular Exercise",Can Be Managed with Treatment,Can Be Managed with Treatment,"Cardiovascular Disease, Diabetes","Cardiovascular Disease, Diabetes","Healthy Diet, Regular Exercise","Healthy Diet, Regular Exercise",obesity,"[""excessive weight"", ""fatigue"", ""difficulty in physical activity""]",3,0,1,1,"[""allergies_food_env""]"
kp_0224,Onchocerciasis (River Blindness),Onchocerciasis (River Blindness),ओन्कोसरसियास (नदी अंधत्व),ओन्कोसरसियास (नदी अंधत्व),नदी अंधत्व,नदी अंधत्व,"Itchy skin, vision impairment, swollen lymph nodes","Itchy skin, vision impairment, swollen lymph nodes","Blood Tests, Skin Biopsy","Blood Tests, Skin Biopsy",Severe,severe,6-12 months,6-12 months,Parasitic infection,Parasitic infection,Anthelmintics,Anthelmintics,"Poor Sanitation, Exposure to Flies","Poor Sanitation, Exposure to Flies","Poor sanitation, River exposure","Poor sanitation, River exposure",Irregular sleep,irregular sleep,High stress,high stress,Low,low,Family history of parasitic infections,Family history of parasitic infections,"High-protein, Hydrating diet","High-protein, Hydrating diet",None,,Rainy season,rainy season,"Adults, Children","adults, children",Both genders,all genders,Exposure to rivers,Exposure to rivers,Avoids river contact,Avoids river contact,None specific,None specific,None specific,None specific,"Neem leaves (5-6), Water (as needed)","Neem leaves (5-6), Water (as needed)",Kapha,Kapha,Kapha-Prakriti,Kapha-Prakriti,Use insect repellents; maintain eye health and hygiene.,Use insect repellents; maintain eye health and hygiene.,None specific,None specific,"Antiparasitic Medications, Surgery","Antiparasitic Medications, Surgery","Avoid Fly Exposure, Hygiene","Avoid Fly Exposure, Hygiene",Can Be Managed with Medication,Can Be Managed with Medication,"Vision Loss, Skin Lesions","Vision Loss, Skin Lesions","Good Hygiene, Avoid Fly Exposure","Good Hygiene, Avoid Fly Exposure",onchocerciasis river blindness,"[""itchy skin"", ""vision impairment"", ""swollen lymph nodes""]",3,0,0,1,"[""allergies_food_env""]"
kp_0225,Opistorchiasis,Opistorchiasis,ऑपिस्टोर्कियासिस,ऑपिस्टोर्कियासिस,ऑपिस्टोर्कियासिस,ऑपिस्टोर्कियासिस,"Abdominal pain, nausea, fatigue, liver enlargement","Abdominal pain, nausea, fatigue, liver enlargement","Stool Tests, Blood Tests","Stool Tests, Blood Tests",Moderate to Severe,moderate to severe,1-3 months,1-3 months,"Parasitic, Contaminated food","Parasitic, Contaminated food",Anthelmintics,Anthelmintics,"Eating Raw Fish, Poor Sanitation","Eating Raw Fish, Poor Sanitation","Poor sanitation, Contaminated food","Poor sanitation, Contaminated food",Irregular sleep,irregular sleep,Moderate stress,moderate stress,Low,low,Family history of parasitic infections,Family history of parasitic infections,"Balanced, Nutrient-rich diet","Balanced, Nutrient-rich diet",None,,All seasons,all seasons,Adults,adults,Both genders,all genders,Exposure to contaminated food,Exposure to contaminated food,Avoids undercooked food,Avoids undercooked food,None specific,None specific,None specific,None specific,"Triphala (1 tsp), Neem (2g), Warm water (200ml)","Triphala (1 tsp), Neem (2g), Warm water (200ml)","Pitta, Kapha","Pitta, Kapha",Pitta-Kapha,Pitta-Kapha,Maintain liver health; focus on gut health with a fiber-rich diet.,Maintain liver health; focus on gut health with a fiber-rich diet.,None specific,None specific,Antiparasitic Medications,Antiparasitic Medications,"Avoid Eating Raw Fish, Good Hygiene","Avoid Eating Raw Fish, Good Hygiene",Can Be Managed with Medication,Can Be Managed with Medication,"Liver Damage, Pancreatitis","Liver Damage, Pancreatitis","Avoid Raw Fish, Good Hygiene","Avoid Raw Fish, Good Hygiene",opistorchiasis,"[""abdominal pain"", ""nausea"", ""fatigue"", ""liver enlargement""]",4,0,1,1,"[""allergies_food_env""]"
kp_0226,Osteoarthritis,Osteoarthritis,अस्थिरोगशास्त्र,अस्थिरोगशास्त्र,ऑस्टियोआर्थरायटिस,ऑस्टियोआर्थरायटिस,"Joint pain, swelling, stiffness","Joint pain, swelling, stiffness","Physical Exam, X-ray, MRI","Physical Exam, X-ray, MRI",Moderate to Severe,moderate to severe,Lifelong,Lifelong,"Age, Wear and tear, Joint pain","Age, Wear and tear, Joint pain","Pain relievers, Physiotherapy","Pain relievers, Physiotherapy","Age, Joint Injury, Genetics","Age, Joint Injury, Genetics","Physical strain, Aging","Physical strain, Aging",Irregular sleep,irregular sleep,High stress,high stress,Low to moderate,low to moderate,Family history of joint problems,Family history of joint problems,"Balanced, Anti-inflammatory diet","Balanced, Anti-inflammatory diet",None,,"Winter, Rainy season","winter, rainy season","Adults, Elderly","adults, elderly",Both genders,all genders,Sedentary lifestyle,Sedentary lifestyle,Avoids joint strain,Avoids joint strain,"Herbal Remedies, Lifestyle Changes","Herbal Remedies, Lifestyle Changes","Turmeric, Ashwagandha","Turmeric, Ashwagandha","Turmeric (1/2 tsp), Milk (200ml)","Turmeric (1/ 2 tsp), Milk (200ml)","Vata, Kapha","Vata, Kapha",Vata-Kapha,Vata-Kapha,Avoid cold foods; engage in regular joint-friendly exercises.,Avoid cold foods; engage in regular joint-friendly exercises.,Yoga for Joint Mobility,Yoga for Joint Mobility,"Pain Relievers, Surgery","Pain Relievers, Surgery","Healthy Diet, Regular Exercise","Healthy Diet, Regular Exercise",Can be Managed with Treatment,Can be Managed with Treatment,"Joint Pain, Stiffness","Joint Pain, Stiffness","Regular Exercise, Weight Management","Regular Exercise, Weight Management",osteoarthritis,"[""joint pain"", ""swelling"", ""stiffness""]",3,1,0,1,"[""allergies_food_env""]"
kp_0227,Osteogenesis Imperfecta,Osteogenesis Imperfecta,अस्थिजीनसिस इम्परफेक्टा,अस्थिजीनसिस इम्परफेक्टा,अस्थिजीनसिस इम्परफेक्टा,अस्थिजीनसिस इम्परफेक्टा,"Fragile bones, frequent fractures, skeletal deformities","Fragile bones, frequent fractures, skeletal deformities","Genetic Testing, Bone Density Test","Genetic Testing, Bone Density Test",Severe,severe,Lifelong,Lifelong,"Genetic, Bone fragility","Genetic, Bone fragility",Symptom-specific therapy,Symptom-specific therapy,"Genetic Mutations, Family History","Genetic Mutations, Family History","Genetic, Physical strain","Genetic, Physical strain",Irregular sleep,irregular sleep,High stress,high stress,Low,low,Family history of bone disorders,Family history of bone disorders,"High-calcium, Nutrient-rich diet","High-calcium, Nutrient-rich diet",None,,All seasons,all seasons,"Childhood, Adults","childhood, adults",Both genders,all genders,Limited physical activity,Limited physical activity,Avoids bone stress,Avoids bone stress,None specific,None specific,None specific,None specific,"Ashwagandha (5g), Brahmi (2g), Warm water (200ml)","Ashwagandha (5g), Brahmi (2g), Warm water (200ml)","Vata, Pitta","Vata, Pitta",Vata-Prakriti,Vata-Prakriti,Ensure calcium and vitamin D intake; maintain bone strength through gentle exercises.,Ensure calcium and vitamin D intake; maintain bone strength through gentle exercises.,Physical Therapy for Strengthening,Physical Therapy for Strengthening,"Supportive Care, Medications","Supportive Care, Medications","Genetic Counseling, Early Diagnosis","Genetic Counseling, Early Diagnosis",Can be Managed with Treatment,Can be Managed with Treatment,"Bone Fractures, Mobility Issues","Bone Fractures, Mobility Issues","Regular Monitoring, Bone Protection","Regular Monitoring, Bone Protection",osteogenesis imperfecta,"[""fragile bones"", ""frequent fractures"", ""skeletal deformities""]",3,1,1,0,"[""allergies_food_env""]"
kp_0228,Osteopetrosis,Osteopetrosis,अस्थिपेट्रोसिस,अस्थिपेट्रोसिस,अस्थिपेट्रोसिस,अस्थिपेट्रोसिस,"Bone pain, fractures, vision and hearing problems","Bone pain, fractures, vision and hearing problems","Bone Density Test, Genetic Testing","Bone Density Test, Genetic Testing",Severe,severe,Lifelong,Lifelong,"Genetic, Bone hardening","Genetic, Bone hardening",Symptom-specific therapy,Symptom-specific therapy,"Genetic Mutations, Family History","Genetic Mutations, Family History","Genetic, Physical strain","Genetic, Physical strain",Irregular sleep,irregular sleep,High stress,high stress,Low,low,Family history of bone disorders,Family history of bone disorders,"High-calcium, Nutrient-rich diet","High-calcium, Nutrient-rich diet",None,,All seasons,all seasons,Childhood to adulthood,childhood to adulthood,Both genders,all genders,Limited physical activity,Limited physical activity,Avoids bone strain,Avoids bone strain,None specific,None specific,None specific,None specific,"Ashwagandha (5g), Triphala (1 tsp), Warm water (200ml)","Ashwagandha (5g), Triphala (1 tsp), Warm water (200ml)","Vata, Kapha","Vata, Kapha",Vata-Kapha,Vata-Kapha,"Focus on bone health; ensure nutrient-rich diet, including calcium and vitamin D.","Focus on bone health; ensure nutrient-rich diet, including calcium and vitamin D.",None specific,None specific,"Bone Marrow Transplant, Medications","Bone Marrow Transplant, Medications","Genetic Counseling, Early Diagnosis","Genetic Counseling, Early Diagnosis",Can be Managed with Treatment,Can be Managed with Treatment,"Bone Fractures, Vision Loss","Bone Fractures, Vision Loss","Early Diagnosis, Bone Protection","Early Diagnosis, Bone Protection",osteopetrosis,"[""bone pain"", ""fractures"", ""vision and hearing problems""]",3,1,0,1,"[""allergies_food_env""]"
kp_0229,Osteoporosis,Osteoporosis,अस्थिचापदिकता,अस्थिचापदिकता,ऑस्टियोपोरोसिस,ऑस्टियोपोरोसिस,"Fragile bones, fractures, height loss","Fragile bones, fractures, height loss","Bone Density Test, X-ray","Bone Density Test, X-ray",Severe,severe,Lifelong,Lifelong,"Aging, Bone density loss","Aging, Bone density loss","Bisphosphonates, Calcium supplements","Bisphosphonates, Calcium supplements","Age, Lack of Physical Activity, Genetics","Age, Lack of Physical Activity, Genetics","Aging, Physical inactivity","Aging, Physical inactivity",Irregular sleep,irregular sleep,Moderate stress,moderate stress,Low,low,Family history of osteoporosis,Family history of osteoporosis,"High-calcium, Vitamin D diet","High-calcium, Vitamin D diet",None,,"Winter, Rainy season","winter, rainy season","Elderly, Adults","elderly, adults",Both genders,all genders,Sedentary lifestyle,Sedentary lifestyle,Avoids bone fractures,Avoids bone fractures,"Calcium, Vitamin D, Herbal Remedies","Calcium, Vitamin D, Herbal Remedies","Ashwagandha, Guggul, Shatavari","Ashwagandha, Guggul, Shatavari","Ashwagandha (5g), Shatavari (5g), Warm water (200ml)","Ashwagandha (5g), Shatavari (5g), Warm water (200ml)",Vata,Vata,Vata-Prakriti,Vata-Prakriti,Ensure calcium-rich diet; engage in weight-bearing exercises for bone strength.,Ensure calcium-rich diet; engage in weight-bearing exercises for bone strength.,Yoga for Bone Strength,Yoga for Bone Strength,"Medications, Bone Strengthening","Medications, Bone Strengthening","Weight-Bearing Exercise, Healthy Diet","Weight-Bearing Exercise, Healthy Diet",Can be Managed with Treatment,Can be Managed with Treatment,"Bone Fractures, Back Pain","Bone Fractures, Back Pain","Regular Exercise, Healthy Diet","Regular Exercise, Healthy Diet",osteoporosis,"[""fragile bones"", ""fractures"", ""height loss""]",3,1,0,0,"[""allergies_food_env""]"
kp_0230,Ovarian Cancer,Ovarian Cancer,अंडाशय का कैंसर,अंडाशय का कैंसर,अंडाशय कर्करोग,अंडाशय कर्करोग,"Abdominal bloating, pelvic pain, irregular periods","Abdominal bloating, pelvic pain, irregular periods","Ultrasound, CT Scan, Biopsy","Ultrasound, CT Scan, Biopsy",Severe,severe,Lifelong,Lifelong,"Family history, Hormonal imbalance","Family history, Hormonal imbalance","Chemotherapy, Targeted therapy","Chemotherapy, Targeted therapy","Family History, Hormonal Imbalance","Family History, Hormonal Imbalance","Hormonal imbalances, Genetics","Hormonal imbalances, Genetics",Irregular sleep,irregular sleep,High stress,high stress,Low,low,Family history of cancer,Family history of cancer,"Low-fat, High-protein diet","Low-fat, High-protein diet",None,,All seasons,all seasons,Adult,adult,Female,female,Sedentary lifestyle,Sedentary lifestyle,Avoids processed foods,Avoids processed foods,None specific,None specific,None specific,None specific,"Turmeric (1/2 tsp), Ashwagandha (5g), Warm water (200ml)","Turmeric (1/ 2 tsp), Ashwagandha (5g), Warm water (200ml)",Pitta,Pitta,Pitta-Prakriti,Pitta-Prakriti,Follow a diet rich in antioxidants; focus on a healthy weight and stress management.,Follow a diet rich in antioxidants; focus on a healthy weight and stress management.,None specific,None specific,"Surgery, Chemotherapy","Surgery, Chemotherapy","Regular Check-ups, Genetic Counseling","Regular Check-ups, Genetic Counseling",Depends on Stage of Cancer,Depends on Stage of Cancer,"Metastasis, Fertility Issues","Metastasis, Fertility Issues","Early Detection, Regular Monitoring","Early Detection, Regular Monitoring",ovarian cancer,"[""abdominal bloating"", ""pelvic pain"", ""irregular periods""]",3,0,1,0,"[""allergies_food_env""]"
kp_0231,Pancreatic Cancer,Pancreatic Cancer,अग्न्याशय का कैंसर,अग्न्याशय का कैंसर,अग्न्याशय कर्करोग,अग्न्याशय कर्करोग,"Abdominal pain, weight loss, jaundice","Abdominal pain, weight loss, jaundice","CT Scan, Biopsy, Blood Tests","CT Scan, Biopsy, Blood Tests",Severe,severe,Lifelong,Lifelong,"Family history, Chronic pancreatitis","Family history, Chronic pancreatitis","Chemotherapy, Radiation therapy","Chemotherapy, Radiation therapy","Smoking, Alcohol Use, Family History","Smoking, Alcohol Use, Family History","Chronic inflammation, Smoking","Chronic inflammation, Smoking",Irregular sleep,irregular sleep,High stress,high stress,Low,low,Family history of cancer,Family history of cancer,"Low-fat, High-protein diet","Low-fat, High-protein diet",None,,All seasons,all seasons,Adult,adult,Both genders,all genders,Sedentary lifestyle,Sedentary lifestyle,Avoids alcohol,Avoids alcohol,None specific,None specific,None specific,None specific,"Ashwagandha (5g), Triphala (1 tsp), Warm water (200ml)","Ashwagandha (5g), Triphala (1 tsp), Warm water (200ml)","Vata, Pitta","Vata, Pitta",Vata-Prakriti,Vata-Prakriti,Avoid processed foods; consume a fiber-rich diet and limit alcohol intake.,Avoid processed foods; consume a fiber-rich diet and limit alcohol intake.,None specific,None specific,"Surgery, Chemotherapy","Surgery, Chemotherapy","Avoid Smoking, Healthy Diet","Avoid Smoking, Healthy Diet",Poor Prognosis,Poor Prognosis,"Metastasis, Digestive Issues","Metastasis, Digestive Issues","Early Detection, Healthy Lifestyle","Early Detection, Healthy Lifestyle",pancreatic cancer,"[""abdominal pain"", ""weight loss"", ""jaundice""]",3,1,1,0,"[""allergies_food_env""]"
kp_0232,Pancreatitis,Pancreatitis,अग्न्याशय का सूजन,अग्न्याशय का सूजन,अग्न्याशय सूजन,अग्न्याशय सूजन,"Upper abdominal pain, nausea, vomiting","Upper abdominal pain, nausea, vomiting","Blood Tests, Ultrasound, CT Scan","Blood Tests, Ultrasound, CT Scan",Moderate to Severe,moderate to severe,1-3 months,1-3 months,"Alcohol use, Gallstones, Infection","Alcohol use, Gallstones, Infection","Pain relievers, Enzyme supplements","Pain relievers, Enzyme supplements","Alcohol Use, Gallstones, Genetics","Alcohol Use, Gallstones, Genetics","Alcohol, Gallstones, Infection","Alcohol, Gallstones, Infection",Irregular sleep,irregular sleep,High stress,high stress,Low,low,Family history of gallstones,Family history of gallstones,"Low-fat, High-fiber diet","Low-fat, High-fiber diet",None,,All seasons,all seasons,Adult,adult,Both genders,all genders,Sedentary lifestyle,Sedentary lifestyle,Avoids alcohol,Avoids alcohol,None specific,None specific,None specific,None specific,"Ginger (2g), Turmeric (1/2 tsp), Warm water (200ml)","Ginger (2g), Turmeric (1/ 2 tsp), Warm water (200ml)",Pitta,Pitta,Pitta-Prakriti,Pitta-Prakriti,Avoid fatty and fried foods; maintain hydration with herbal teas.,Avoid fatty and fried foods; maintain hydration with herbal teas.,None specific,None specific,"Medications, Surgery","Medications, Surgery","Avoid Alcohol, Healthy Diet","Avoid Alcohol, Healthy Diet",Can Be Managed with Treatment,Can Be Managed with Treatment,"Organ Failure, Digestive Issues","Organ Failure, Digestive Issues","Avoid Alcohol, Healthy Diet","Avoid Alcohol, Healthy Diet",pancreatitis,"[""upper abdominal pain"", ""nausea"", ""vomiting""]",3,0,1,0,"[""allergies_food_env""]"
kp_0233,Paracoccidioidomycosis,Paracoccidioidomycosis,पाराकोक्सीडियोइडोमाइकोसिस,पाराकोक्सीडियोइडोमाइकोसिस,पाराकोक्सीडियोइडोमाइकोसिस,पाराकोक्सीडियोइडोमाइकोसिस,"Fever, cough, weight loss, enlarged lymph nodes","Fever, cough, weight loss, enlarged lymph nodes","Blood Tests, Skin Biopsy, CT Scan","Blood Tests, Skin Biopsy, CT Scan",Severe,severe,6-12 months,6-12 months,"Fungal infection, Immune suppression","Fungal infection, Immune suppression",Antifungal medications,Antifungal medications,"Poor Sanitation, Exposure to Soil","Poor Sanitation, Exposure to Soil","Exposure to soil, Rural areas","Exposure to soil, Rural areas",Irregular sleep,irregular sleep,Moderate stress,moderate stress,Low,low,No family history,No family history,"High-protein, Antifungal diet","High-protein, Antifungal diet",None,,Rainy season,rainy season,Adult,adult,Both genders,all genders,Exposure to soil,Exposure to soil,Avoids crowded areas,Avoids crowded areas,None specific,None specific,None specific,None specific,"Neem leaves (5-6), Water (as needed)","Neem leaves (5-6), Water (as needed)",Pitta,Pitta,Pitta-Prakriti,Pitta-Prakriti,Focus on immunity-boosting foods and maintaining hydration.,Focus on immunity-boosting foods and maintaining hydration.,None specific,None specific,"Antifungal Medications, Surgery","Antifungal Medications, Surgery","Avoid Soil Exposure, Good Hygiene","Avoid Soil Exposure, Good Hygiene",Can Be Managed with Medication,Can Be Managed with Medication,"Skin Lesions, Lung Damage","Skin Lesions, Lung Damage","Good Hygiene, Avoid Soil Exposure","Good Hygiene, Avoid Soil Exposure",paracoccidioidomycosis,"[""fever"", ""cough"", ""weight loss"", ""enlarged lymph nodes""]",4,0,1,0,"[""allergies_food_env""]"
kp_0234,Paragonimiasis,Paragonimiasis,पारागोनिमायसिस,पारागोनिमायसिस,पारागोनिमायसिस,पारागोनिमायसिस,"Cough, fever, chest pain, blood in sputum","Cough, fever, chest pain, blood in sputum","Stool Tests, Blood Tests","Stool Tests, Blood Tests",Moderate to Severe,moderate to severe,6-12 months,6-12 months,Parasitic infection,Parasitic infection,Anthelmintics,Anthelmintics,"Eating Raw Freshwater Fish, Poor Hygiene","Eating Raw Freshwater Fish, Poor Hygiene","Poor sanitation, Consumption of undercooked food","Poor sanitation, Consumption of undercooked food",Irregular sleep,irregular sleep,Moderate stress,moderate stress,Low,low,Family history of parasitic infections,Family history of parasitic infections,"Balanced, Antifungal diet","Balanced, Antifungal diet",None,,All seasons,all seasons,Adult,adult,Both genders,all genders,Exposure to undercooked food,Exposure to undercooked food,Avoids contaminated water,Avoids contaminated water,None specific,None specific,None specific,None specific,"Neem leaves (5-6), Water (as needed)","Neem leaves (5-6), Water (as needed)","Pitta, Kapha","Pitta, Kapha",Pitta-Kapha,Pitta-Kapha,"Focus on lung health; avoid cold foods and include warm, easy-to-digest meals.","Focus on lung health; avoid cold foods and include warm, easy-to-digest meals.",None specific,None specific,"Antiparasitic Medications, Surgery","Antiparasitic Medications, Surgery","Avoid Raw Fish, Good Hygiene","Avoid Raw Fish, Good Hygiene",Can Be Managed with Medication,Can Be Managed with Medication,"Lung Damage, Coughing","Lung Damage, Coughing","Avoid Raw Fish, Good Hygiene","Avoid Raw Fish, Good Hygiene",paragonimiasis,"[""cough"", ""fever"", ""chest pain"", ""blood in sputum""]",4,0,1,1,"[""allergies_food_env""]"
kp_0235,Parkinson's Disease,Parkinson's Disease,पार्किंसन रोग,पार्किंसन रोग,पार्किंसन रोग,पार्किंसन रोग,"Tremors, muscle rigidity, slow movement, balance problems","Tremors, muscle rigidity, slow movement, balance problems","Neurological Exam, MRI, PET Scan","Neurological Exam, MRI, PET Scan",Severe,severe,Lifelong,Lifelong,"Genetic, Aging","Genetic, Aging","Levodopa, Dopamine agonists","Levodopa, Dopamine agonists","Age, Genetics, Environmental Toxins","Age, Genetics, Environmental Toxins","Aging, Environmental toxins","Aging, Environmental toxins",Irregular sleep,irregular sleep,High stress,high stress,Moderate to high,moderate to high,Family history of Parkinson's,Family history of Parkinson's,"High-antioxidant, Nutrient-rich diet","High-antioxidant, Nutrient-rich diet",None,,"Winter, Rainy season","winter, rainy season",Elderly,elderly,Both genders,all genders,Sedentary lifestyle,Sedentary lifestyle,Avoids environmental toxins,Avoids environmental toxins,"Herbal Remedies, Lifestyle Changes","Herbal Remedies, Lifestyle Changes","Ashwagandha, Brahmi","Ashwagandha, Brahmi","Ashwagandha (5g), Brahmi (2g), Warm water (200ml)","Ashwagandha (5g), Brahmi (2g), Warm water (200ml)","Vata, Pitta","Vata, Pitta",Vata-Prakriti,Vata-Prakriti,Ensure adequate physical therapy; maintain a nutrient-rich diet to support nervous system health.,Ensure adequate physical therapy; maintain a nutrient-rich diet to support nervous system health.,Yoga for Mobility and Balance,Yoga for Mobility and Balance,"Medications, Surgery","Medications, Surgery","Regular Exercise, Healthy Diet","Regular Exercise, Healthy Diet",Can Be Managed with Medication,Can Be Managed with Medication,"Tremors, Mobility Issues","Tremors, Mobility Issues","Regular Exercise, Healthy Diet","Regular Exercise, Healthy Diet",parkinson s disease,"[""tremors"", ""muscle rigidity"", ""slow movement"", ""balance problems""]",4,1,1,0,"[""allergies_food_env""]"
kp_0236,Pelvic Floor Disorders,Pelvic Floor Disorders,पेल्विक फ्लोर विकार,पेल्विक फ्लोर विकार,पेल्विक फ्लोर विकार,पेल्विक फ्लोर विकार,"Urinary incontinence, pelvic pressure, constipation","Urinary incontinence, pelvic pressure, constipation","Physical Exam, Ultrasound, MRI","Physical Exam, Ultrasound, MRI",Moderate to Severe,moderate to severe,Lifelong,Lifelong,"Pregnancy, Childbirth, Aging","Pregnancy, Childbirth, Aging","Pelvic exercises, Surgery","Pelvic exercises, Surgery","Pregnancy, Childbirth, Aging","Pregnancy, Childbirth, Aging","Pregnancy, Childbirth, Obesity","Pregnancy, Childbirth, Obesity",Irregular sleep,irregular sleep,High stress,high stress,Low,low,Family history of pelvic disorders,Family history of pelvic disorders,"High-fiber, Hydrating diet","High-fiber, Hydrating diet",None,,All seasons,all seasons,"Adult, Elderly","adult, elderly",Female,female,Sedentary lifestyle,Sedentary lifestyle,Avoids heavy lifting,Avoids heavy lifting,"Kegel Exercises, Lifestyle Changes","Kegel Exercises, Lifestyle Changes","Ashwagandha, Shatavari","Ashwagandha, Shatavari","Ashwagandha (5g), Shatavari (5g), Warm water (200ml)","Ashwagandha (5g), Shatavari (5g), Warm water (200ml)","Vata, Kapha","Vata, Kapha",Vata-Kapha,Vata-Kapha,Practice pelvic floor exercises; focus on hydration and fiber-rich foods.,Practice pelvic floor exercises; focus on hydration and fiber-rich foods.,Yoga for Pelvic Strength,Yoga for Pelvic Strength,"Surgery, Medications","Surgery, Medications","Kegel Exercises, Healthy Diet","Kegel Exercises, Healthy Diet",Can Be Managed with Treatment,Can Be Managed with Treatment,"Incontinence, Organ Prolapse","Incontinence, Organ Prolapse","Kegel Exercises, Regular Monitoring","Kegel Exercises, Regular Monitoring",pelvic floor disorders,"[""urinary incontinence"", ""pelvic pressure"", ""constipation""]",3,1,0,1,"[""allergies_food_env""]"
kp_0237,Peptic Ulcers,Peptic Ulcers,पेप्टिक अल्सर,पेप्टिक अल्सर,पेप्टिक अल्सर,पेप्टिक अल्सर,"Stomach pain, nausea, indigestion, bloating","Stomach pain, nausea, indigestion, bloating","Endoscopy, Blood Tests, Stool Test","Endoscopy, Blood Tests, Stool Test",Moderate to Severe,moderate to severe,1-2 months,1-2 months,"Stress, Helicobacter pylori infection","Stress, Helicobacter pylori infection","Proton pump inhibitors, Antacids","Proton pump inhibitors, Antacids","H. Pylori Infection, Stress, Alcohol","H. Pylori Infection, Stress, Alcohol","Alcohol, Spicy food, Smoking","Alcohol, Spicy food, Smoking",Irregular sleep,irregular sleep,High stress,high stress,Low to moderate,low to moderate,Family history of ulcers,Family history of ulcers,"Low-fat, High-fiber diet","Low-fat, High-fiber diet",None,,"Winter, Rainy season","winter, rainy season",Adult,adult,Both genders,all genders,High-stress occupation,High-stress occupation,Avoids spicy food,Avoids spicy food,"Herbal Remedies, Diet Changes","Herbal Remedies, Diet Changes","Licorice, Ginger","Licorice, Ginger","Ginger (2g), Aloe Vera (2 tbsp), Warm water (200ml)","Ginger (2g), Aloe Vera (2 tbsp), Warm water (200ml)",Pitta,Pitta,Pitta-Prakriti,Pitta-Prakriti,Avoid spicy foods; consume cooling foods like cucumbers and coconut water.,Avoid spicy foods; consume cooling foods like cucumbers and coconut water.,Yoga for Stress Relief,Yoga for Stress Relief,"Medications, Surgery","Medications, Surgery","Avoid Alcohol, Eat Balanced Diet","Avoid Alcohol, Eat Balanced Diet",Can Be Managed with Medication,Can Be Managed with Medication,"Stomach Bleeding, Perforation","Stomach Bleeding, Perforation","Avoid Irritating Foods, Manage Stress","Avoid Irritating Foods, Manage Stress",peptic ulcers,"[""stomach pain"", ""nausea"", ""indigestion"", ""bloating""]",4,0,1,0,"[""allergies_food_env""]"
kp_0238,Peripheral Artery Disease,Peripheral Artery Disease,परिधीय धमनी रोग,परिधीय धमनी रोग,परिधीय धमनी रोग,परिधीय धमनी रोग,"Leg pain, cramping, numbness, slow wound healing","Leg pain, cramping, numbness, slow wound healing","Ultrasound, Angiography, CT Scan","Ultrasound, Angiography, CT Scan",Moderate to Severe,moderate to severe,Lifelong,Lifelong,"Smoking, High blood pressure","Smoking, High blood pressure","Statins, Antiplatelet drugs","Statins, Antiplatelet drugs","Smoking, Diabetes, Hypertension","Smoking, Diabetes, Hypertension","Smoking, Poor diet, Physical inactivity","Smoking, Poor diet, Physical inactivity",Irregular sleep,irregular sleep,High stress,high stress,Low to moderate,low to moderate,Family history of heart disease,Family history of heart disease,"Low-fat, High-fiber diet","Low-fat, High-fiber diet",None,,All seasons,all seasons,"Elderly, Adults","elderly, adults",Both genders,all genders,Sedentary lifestyle,Sedentary lifestyle,Avoids smoking,Avoids smoking,"Herbal Remedies, Lifestyle Changes","Herbal Remedies, Lifestyle Changes",None specific,None specific,"Turmeric (1/2 tsp), Ginger (2g), Warm water (200ml)","Turmeric (1/ 2 tsp), Ginger (2g), Warm water (200ml)","Vata, Pitta","Vata, Pitta",Vata-Prakriti,Vata-Prakriti,Engage in regular physical activity; consume foods that support circulation like garlic.,Engage in regular physical activity; consume foods that support circulation like garlic.,Physical Therapy for Circulation,Physical Therapy for Circulation,"Medications, Surgery","Medications, Surgery","Quit Smoking, Healthy Diet","Quit Smoking, Healthy Diet",Can Be Managed with Treatment,Can Be Managed with Treatment,"Amputation, Heart Disease","Amputation, Heart Disease","Regular Exercise, Healthy Diet","Regular Exercise, Healthy Diet",peripheral artery disease,"[""leg pain"", ""cramping"", ""numbness"", ""slow wound healing""]",4,1,1,0,"[""allergies_food_env""]"
kp_0239,Peutz-Jeghers Syndrome,Peutz-Jeghers Syndrome,प्यूट्स-जेहर्स सिंड्रोम,प्यूट्स-जेहर्स सिंड्रोम,प्यूट्स-जेहर्स सिंड्रोम,प्यूट्स-जेहर्स सिंड्रोम,"Mucocutaneous pigmentation, gastrointestinal polyps","Mucocutaneous pigmentation, gastrointestinal polyps","Genetic Testing, Endoscopy","Genetic Testing, Endoscopy",Moderate to Severe,moderate to severe,Lifelong,Lifelong,"Genetic, Polyp formation","Genetic, Polyp formation",Symptom-specific therapy,Symptom-specific therapy,"Genetic Mutations, Family History","Genetic Mutations, Family History","Genetic, Polyp-related","Genetic, Polyp-related",Irregular sleep,irregular sleep,High stress,high stress,Low,low,Family history of genetic disorders,Family history of genetic disorders,"Balanced, High-protein diet","Balanced, High-protein diet",None,,All seasons,all seasons,"Childhood, Adult","childhood, adult",Both genders,all genders,Requires regular check-ups,Requires regular check-ups,Avoids processed foods,Avoids processed foods,None specific,None specific,None specific,None specific,"Triphala (1 tsp), Ashwagandha (5g), Warm water (200ml)","Triphala (1 tsp), Ashwagandha (5g), Warm water (200ml)","Vata, Pitta","Vata, Pitta",Vata-Prakriti,Vata-Prakriti,Focus on gastrointestinal health; consume fiber-rich foods and antioxidants.,Focus on gastrointestinal health; consume fiber-rich foods and antioxidants.,None specific,None specific,"Surgery, Surveillance","Surgery, Surveillance","Genetic Counseling, Regular Screening","Genetic Counseling, Regular Screening",Can Be Managed with Treatment,Can Be Managed with Treatment,"Cancer, Gastrointestinal Issues","Cancer, Gastrointestinal Issues","Regular Monitoring, Genetic Counseling","Regular Monitoring, Genetic Counseling",peutz jeghers syndrome,"[""mucocutaneous pigmentation"", ""gastrointestinal polyps""]",2,1,1,0,"[""allergies_food_env""]"
kp_0240,Pfeiffer Syndrome,Pfeiffer Syndrome,फाइफर सिंड्रोम,फाइफर सिंड्रोम,पफेफर सिंड्रोम,पफेफर सिंड्रोम,"Craniofacial abnormalities, developmental delays","Craniofacial abnormalities, developmental delays","Genetic Testing, Physical Exam","Genetic Testing, Physical Exam",Severe,severe,Lifelong,Lifelong,"Genetic, Craniofacial abnormalities","Genetic, Craniofacial abnormalities",Symptom-specific therapy,Symptom-specific therapy,"Genetic Mutations, Family History","Genetic Mutations, Family History",Genetic,Genetic,Irregular sleep,irregular sleep,High stress,high stress,Low,low,Family history of genetic disorders,Family history of genetic disorders,"High-protein, Nutrient-rich diet","High-protein, Nutrient-rich diet",None,,All seasons,all seasons,Childhood,childhood,Both genders,all genders,Requires special care,Requires special care,Avoids overexertion,Avoids overexertion,None specific,None specific,None specific,None specific,"Brahmi (2g), Ashwagandha (5g), Warm water (200ml)","Brahmi (2g), Ashwagandha (5g), Warm water (200ml)","Vata, Pitta","Vata, Pitta",Vata-Prakriti,Vata-Prakriti,Provide developmental support; ensure a balanced diet with essential nutrients.,Provide developmental support; ensure a balanced diet with essential nutrients.,None specific,None specific,"Surgery, Supportive Care","Surgery, Supportive Care","Genetic Counseling, Early Diagnosis","Genetic Counseling, Early Diagnosis",Can Be Managed with Treatment,Can Be Managed with Treatment,"Cranial Deformities, Developmental Delay","Cranial Deformities, Developmental Delay","Early Diagnosis, Regular Monitoring","Early Diagnosis, Regular Monitoring",pfeiffer syndrome,"[""craniofacial abnormalities"", ""developmental delays""]",2,1,1,0,"[""allergies_food_env""]"
kp_0241,Phenylketonuria (PKU),Phenylketonuria (PKU),फेनिलकेटोनूरिया,फेनिलकेटोनूरिया,फेनिलकेटोनूरिया,फेनिलकेटोनूरिया,"Intellectual disability, developmental delay, eczema","Intellectual disability, developmental delay, eczema","Blood Tests, Genetic Testing","Blood Tests, Genetic Testing",Severe,severe,Lifelong,Lifelong,Genetic disorder,Genetic disorder,Phenylalanine-restricted diet,Phenylalanine-restricted diet,"Genetic Mutations, Family History","Genetic Mutations, Family History",Genetic,Genetic,Irregular sleep,irregular sleep,Moderate stress,moderate stress,Low,low,Family history of PKU,Family history of PKU,Phenylalanine-restricted diet,Phenylalanine-restricted diet,None,,All seasons,all seasons,Childhood,childhood,Both genders,all genders,Needs specialized care,Needs specialized care,Avoids high-protein foods,Avoids high-protein foods,"Diet Changes, Herbal Remedies","Diet Changes, Herbal Remedies",None specific,None specific,"Ashwagandha (5g), Brahmi (2g), Warm water (200ml)","Ashwagandha (5g), Brahmi (2g), Warm water (200ml)","Vata, Pitta","Vata, Pitta",Vata-Prakriti,Vata-Prakriti,Follow a strict low-phenylalanine diet; support cognitive development with nutrition.,Follow a strict low-phenylalanine diet; support cognitive development with nutrition.,None specific,None specific,"Diet, Medications","Diet, Medications","Early Diagnosis, Dietary Changes","Early Diagnosis, Dietary Changes",Can Be Managed with Treatment,Can Be Managed with Treatment,"Cognitive Impairment, Neurological Damage","Cognitive Impairment, Neurological Damage","Regular Monitoring, Special Diet","Regular Monitoring, Special Diet",phenylketonuria pku,"[""intellectual disability"", ""developmental delay"", ""eczema""]",3,1,1,0,"[""allergies_food_env""]"
kp_0242,Pinta,Pinta,पिंटा,पिंटा,पिंटा,पिंटा,"Skin lesions, joint pain, swelling","Skin lesions, joint pain, swelling","Skin Biopsy, Blood Tests","Skin Biopsy, Blood Tests",Moderate to Severe,moderate to severe,6-12 months,6-12 months,"Bacterial infection, Tropical regions","Bacterial infection, Tropical regions",Antibiotics,Antibiotics,"Poor Sanitation, Direct Skin Contact","Poor Sanitation, Direct Skin Contact","Poor sanitation, Tropical climates","Poor sanitation, Tropical climates",Irregular sleep,irregular sleep,Moderate stress,moderate stress,Low,low,No family history,No family history,"High-fiber, Hydrating diet","High-fiber, Hydrating diet",None,,Tropical season,tropical season,"Childhood, Adult","childhood, adult",Both genders,all genders,Exposure to poor sanitation,Exposure to poor sanitation,Avoids contaminated water,Avoids contaminated water,None specific,None specific,None specific,None specific,"Neem leaves (5-6), Water (as needed)","Neem leaves (5-6), Water (as needed)",Pitta,Pitta,Pitta-Prakriti,Pitta-Prakriti,Focus on maintaining skin hygiene and avoiding irritants.,Focus on maintaining skin hygiene and avoiding irritants.,None specific,None specific,Antibiotics,Antibiotics,"Good Hygiene, Avoid Direct Contact","Good Hygiene, Avoid Direct Contact",Can Be Managed with Medication,Can Be Managed with Medication,Skin Lesions,Skin Lesions,"Good Hygiene, Avoid Contact","Good Hygiene, Avoid Contact",pinta,"[""skin lesions"", ""joint pain"", ""swelling""]",3,0,1,0,"[""allergies_food_env""]"
kp_0243,Pitt-Hopkins Syndrome,Pitt-Hopkins Syndrome,पिट-हॉपकिंस सिंड्रोम,पिट-हॉपकिंस सिंड्रोम,पिट-हॉपकिंस सिंड्रोम,पिट-हॉपकिंस सिंड्रोम,"Developmental delay, breathing problems, facial abnormalities","Developmental delay, breathing problems, facial abnormalities","Genetic Testing, Physical Exam","Genetic Testing, Physical Exam",Severe,severe,Lifelong,Lifelong,"Genetic, Intellectual disability","Genetic, Intellectual disability",Symptom-specific therapy,Symptom-specific therapy,"Genetic Mutations, Family History","Genetic Mutations, Family History",Genetic,Genetic,Irregular sleep,irregular sleep,High stress,high stress,Low,low,Family history of genetic disorders,Family history of genetic disorders,"High-protein, Nutrient-rich diet","High-protein, Nutrient-rich diet",None,,All seasons,all seasons,Childhood,childhood,Both genders,all genders,Requires special care,Requires special care,Avoids overstimulation,Avoids overstimulation,None specific,None specific,None specific,None specific,"Brahmi (2g), Ashwagandha (5g), Warm water (200ml)","Brahmi (2g), Ashwagandha (5g), Warm water (200ml)","Vata, Pitta","Vata, Pitta",Vata-Prakriti,Vata-Prakriti,Provide speech and developmental therapy; ensure a nutrient-dense diet for growth.,Provide speech and developmental therapy; ensure a nutrient-dense diet for growth.,None specific,None specific,"Supportive Care, Medications","Supportive Care, Medications","Genetic Counseling, Early Diagnosis","Genetic Counseling, Early Diagnosis",Can Be Managed with Supportive Care,Can Be Managed with Supportive Care,"Cognitive Impairment, Developmental Delays","Cognitive Impairment, Developmental Delays","Early Diagnosis, Regular Monitoring","Early Diagnosis, Regular Monitoring",pitt hopkins syndrome,"[""developmental delay"", ""breathing problems"", ""facial abnormalities""]",3,1,1,0,"[""allergies_food_env""]"
kp_0244,Pituitary Tumors,Pituitary Tumors,पिट्यूटरी ट्यूमर,पिट्यूटरी ट्यूमर,पिट्यूटरी ट्यूमर,पिट्यूटरी ट्यूमर,"Headaches, vision problems, hormonal imbalances","Headaches, vision problems, hormonal imbalances","MRI, CT Scan, Blood Tests","MRI, CT Scan, Blood Tests",Severe,severe,Lifelong,Lifelong,"Hormonal imbalances, Tumor growth","Hormonal imbalances, Tumor growth","Surgery, Hormone therapy","Surgery, Hormone therapy","Hormonal Imbalance, Genetics","Hormonal Imbalance, Genetics","Hormonal imbalances, Genetic risk","Hormonal imbalances, Genetic risk",Irregular sleep,irregular sleep,High stress,high stress,Low,low,Family history of tumors,Family history of tumors,"Low-fat, Balanced diet","Low-fat, Balanced diet",None,,All seasons,all seasons,"Adult, Elderly","adult, elderly",Both genders,all genders,Requires regular monitoring,Requires regular monitoring,Avoids stress,Avoids stress,None specific,None specific,None specific,None specific,"Ashwagandha (5g), Brahmi (2g), Warm water (200ml)","Ashwagandha (5g), Brahmi (2g), Warm water (200ml)","Vata, Pitta","Vata, Pitta",Vata-Prakriti,Vata-Prakriti,Maintain a balanced diet; practice stress reduction techniques such as yoga.,Maintain a balanced diet; practice stress reduction techniques such as yoga.,None specific,None specific,"Surgery, Radiation, Medications","Surgery, Radiation, Medications","Regular Check-ups, Genetic Counseling","Regular Check-ups, Genetic Counseling",Can Be Managed with Treatment,Can Be Managed with Treatment,"Hormonal Imbalance, Vision Loss","Hormonal Imbalance, Vision Loss","Regular Monitoring, Hormonal Therapy","Regular Monitoring, Hormonal Therapy",pituitary tumors,"[""headaches"", ""vision problems"", ""hormonal imbalances""]",3,1,1,0,"[""allergies_food_env""]"
kp_0245,Pneumoconiosis,Pneumoconiosis,न्यूमोकॉनियोसिस,न्यूमोकॉनियोसिस,न्यूमोकॉनियोसिस,न्यूमोकॉनियोसिस,"Shortness of breath, coughing, fatigue","Shortness of breath, coughing, fatigue","Chest X-ray, CT Scan, Pulmonary Function Test","Chest X-ray, CT Scan, Pulmonary Function Test",Severe,severe,Lifelong,Lifelong,Occupational exposure to dust,Occupational exposure to dust,Symptom-specific therapy,Symptom-specific therapy,"Occupational Exposure, Smoking","Occupational Exposure, Smoking","Dusty environments, Occupation","Dusty environments, Occupation",Irregular sleep,irregular sleep,High stress,high stress,Low,low,Family history of lung diseases,Family history of lung diseases,"High-fiber, Antioxidant diet","High-fiber, Antioxidant diet",None,,"Winter, Cold season","winter, cold season",Adult,adult,Both genders,all genders,Occupational exposure,Occupational exposure,Avoids smoking,Avoids smoking,None specific,None specific,None specific,None specific,"Turmeric (1/2 tsp), Milk (200ml)","Turmeric (1/ 2 tsp), Milk (200ml)","Vata, Kapha","Vata, Kapha",Vata-Kapha,Vata-Kapha,Avoid exposure to harmful dust; focus on lung health with antioxidants.,Avoid exposure to harmful dust; focus on lung health with antioxidants.,None specific,None specific,"Medications, Oxygen Therapy","Medications, Oxygen Therapy","Avoid Exposure to Dust, Smoking Cessation","Avoid Exposure to Dust, Smoking Cessation",Can Be Managed with Treatment,Can Be Managed with Treatment,"Lung Damage, Respiratory Failure","Lung Damage, Respiratory Failure","Regular Check-ups, Avoid Exposure","Regular Check-ups, Avoid Exposure",pneumoconiosis,"[""shortness of breath"", ""coughing"", ""fatigue""]",3,1,0,1,"[""allergies_food_env""]"
kp_0246,Pneumocystis Pneumonia,Pneumocystis Pneumonia,न्यूमोकिस्टिस न्यूमोनिया,न्यूमोकिस्टिस न्यूमोनिया,न्यूमोकिस्टिस न्यूमोनिया,न्यूमोकिस्टिस न्यूमोनिया,"Difficulty breathing, fever, cough","Difficulty breathing, fever, cough","Blood Tests, Chest X-ray, CT Scan","Blood Tests, Chest X-ray, CT Scan",Severe,severe,1-2 months,1-2 months,"HIV/AIDS, Weakened immune system","HIV/ AIDS, Weakened immune system",Antifungal medications,Antifungal medications,"HIV/AIDS, Weak Immune System","HIV/ AIDS, Weak Immune System","Weakened immune system, Environmental factors","Weakened immune system, Environmental factors",Irregular sleep,irregular sleep,High stress,high stress,Low,low,No family history,No family history,"High-protein, Nutrient-rich diet","High-protein, Nutrient-rich diet",None,,"Winter, Cold season","winter, cold season",Adult,adult,Both genders,all genders,Immunocompromised lifestyle,Immunocompromised lifestyle,Avoids crowded areas,Avoids crowded areas,None specific,None specific,None specific,None specific,"Ginger (2g), Turmeric (1/2 tsp), Warm water (200ml)","Ginger (2g), Turmeric (1/ 2 tsp), Warm water (200ml)",Pitta,Pitta,Pitta-Prakriti,Pitta-Prakriti,Maintain good hygiene; avoid cold or damp environments.,Maintain good hygiene; avoid cold or damp environments.,None specific,None specific,Antifungal Medications,Antifungal Medications,"Regular Monitoring, Medication","Regular Monitoring, Medication",Can Be Managed with Medication,Can Be Managed with Medication,Respiratory Failure,Respiratory Failure,"Early Detection, Regular Monitoring","Early Detection, Regular Monitoring",pneumocystis pneumonia,"[""difficulty breathing"", ""fever"", ""cough""]",3,0,1,0,"[""allergies_food_env""]"
kp_0247,Pneumonia,Pneumonia,न्यूमोनिया,न्यूमोनिया,न्यूमोनिया,न्यूमोनिया,"Cough, fever, chest pain, difficulty breathing","Cough, fever, chest pain, difficulty breathing","Chest X-ray, Blood Tests","Chest X-ray, Blood Tests",Moderate to Severe,moderate to severe,1-2 months,1-2 months,"Respiratory infection, Smoking","Respiratory infection, Smoking","Antibiotics, Supportive care","Antibiotics, Supportive care","Smoking, Weak Immune System, Age","Smoking, Weak Immune System, Age","Smoking, Poor sanitation","Smoking, Poor sanitation",Irregular sleep,irregular sleep,High stress,high stress,Low,low,Family history of respiratory diseases,Family history of respiratory diseases,"High-protein, Hydrating diet","High-protein, Hydrating diet",None,,"Winter, Rainy season","winter, rainy season",All age groups,all age groups,Both genders,all genders,Sedentary lifestyle,Sedentary lifestyle,Avoids crowded areas,Avoids crowded areas,"Herbal Remedies, Lifestyle Changes","Herbal Remedies, Lifestyle Changes",None specific,None specific,"Garlic (2 cloves), Ginger (2g), Warm water (200ml)","Garlic (2 cloves), Ginger (2g), Warm water (200ml)","Vata, Pitta","Vata, Pitta",Vata-Prakriti,Vata-Prakriti,Stay hydrated; focus on immune-boosting foods like garlic and ginger.,Stay hydrated; focus on immune-boosting foods like garlic and ginger.,None specific,None specific,"Antibiotics, Supportive Care","Antibiotics, Supportive Care","Quit Smoking, Vaccination","Quit Smoking, Vaccination",Can Be Managed with Medication,Can Be Managed with Medication,"Respiratory Failure, Sepsis","Respiratory Failure, Sepsis","Vaccination, Early Diagnosis","Vaccination, Early Diagnosis",pneumonia,"[""cough"", ""fever"", ""chest pain"", ""difficulty breathing""]",4,1,1,0,"[""allergies_food_env""]"
kp_0248,Pneumonic Plague,Pneumonic Plague,न्यूमोनिक प्लेग,न्यूमोनिक प्लेग,न्यूमोनिक प्लेग,न्यूमोनिक प्लेग,"Fever, chills, swollen lymph nodes, coughing with blood","Fever, chills, swollen lymph nodes, coughing with blood","Blood Tests, Sputum Culture","Blood Tests, Sputum Culture",Severe,severe,2-4 weeks,2-4 weeks,"Bacterial infection, Rural areas","Bacterial infection, Rural areas",Antibiotics,Antibiotics,"Rodent Exposure, Flea Bites","Rodent Exposure, Flea Bites","Poor sanitation, Rodent exposure","Poor sanitation, Rodent exposure",Irregular sleep,irregular sleep,High stress,high stress,Low,low,No family history,No family history,"High-protein, Nutrient-rich diet","High-protein, Nutrient-rich diet",None,,Rainy season,rainy season,Adult,adult,Both genders,all genders,Exposure to rodents,Exposure to rodents,Avoids crowded areas,Avoids crowded areas,None specific,None specific,None specific,None specific,"Neem leaves (5-6), Water (as needed)","Neem leaves (5-6), Water (as needed)",Pitta,Pitta,Pitta-Prakriti,Pitta-Prakriti,Avoid contact with infected individuals; maintain hygiene and boost immunity.,Avoid contact with infected individuals; maintain hygiene and boost immunity.,None specific,None specific,"Antibiotics, Supportive Care","Antibiotics, Supportive Care","Avoid Rodent Exposure, Flea Protection","Avoid Rodent Exposure, Flea Protection",Can Be Managed with Medication,Can Be Managed with Medication,"Organ Failure, Respiratory Issues","Organ Failure, Respiratory Issues","Early Diagnosis, Antibiotics","Early Diagnosis, Antibiotics",pneumonic plague,"[""fever"", ""chills"", ""swollen lymph nodes"", ""coughing with blood""]",4,0,1,0,"[""allergies_food_env""]"
kp_0249,Polio,Polio,पोलियो,पोलियो,पोलियो,पोलियो,"Muscle weakness, paralysis, fever, headache","Muscle weakness, paralysis, fever, headache","Physical Exam, Virus Detection","Physical Exam, Virus Detection",Severe,severe,Lifelong,Lifelong,"Viral infection, Lack of vaccination","Viral infection, Lack of vaccination","Vaccination, Supportive therapy","Vaccination, Supportive therapy","Poor Sanitation, Lack of Vaccination","Poor Sanitation, Lack of Vaccination","Lack of vaccination, Poor sanitation","Lack of vaccination, Poor sanitation",Irregular sleep,irregular sleep,High stress,high stress,Low,low,Family history of polio,Family history of polio,"Balanced, High-protein diet","Balanced, High-protein diet",None,,"Summer, Monsoon season","summer, monsoon season",Childhood,childhood,Both genders,all genders,Exposure to unvaccinated populations,Exposure to unvaccinated populations,Avoids contaminated water,Avoids contaminated water,None specific,None specific,None specific,None specific,"Ashwagandha (5g), Brahmi (2g), Warm water (200ml)","Ashwagandha (5g), Brahmi (2g), Warm water (200ml)","Vata, Pitta","Vata, Pitta",Vata-Prakriti,Vata-Prakriti,Support physical therapy; ensure a protein-rich diet for muscle recovery.,Support physical therapy; ensure a protein-rich diet for muscle recovery.,None specific,None specific,"Vaccination, Supportive Care","Vaccination, Supportive Care","Vaccination, Good Hygiene","Vaccination, Good Hygiene",Can Be Prevented with Vaccination,Can Be Prevented with Vaccination,"Paralysis, Respiratory Issues","Paralysis, Respiratory Issues","Vaccination, Good Hygiene","Vaccination, Good Hygiene",polio,"[""muscle weakness"", ""paralysis"", ""fever"", ""headache""]",4,1,1,0,"[""allergies_food_env""]"
kp_0250,Polycystic Kidney Disease,Polycystic Kidney Disease,पॉलीसिस्टिक किडनी डिजीज,पॉलीसिस्टिक किडनी डिजीज,पॉलीसिस्टिक किडनी रोग,पॉलीसिस्टिक किडनी रोग,"Abdominal pain, high blood pressure, kidney enlargement","Abdominal pain, high blood pressure, kidney enlargement","Ultrasound, Blood Tests, CT Scan","Ultrasound, Blood Tests, CT Scan",Severe,severe,Lifelong,Lifelong,"Genetic disorder, Kidney disease","Genetic disorder, Kidney disease","Blood pressure meds, Dialysis","Blood pressure meds, Dialysis","Family History, Genetic Mutations","Family History, Genetic Mutations",Genetic,Genetic,Irregular sleep,irregular sleep,High stress,high stress,Low,low,Family history of kidney disease,Family history of kidney disease,"Low-salt, Low-protein diet","Low-salt, Low-protein diet",None,,All seasons,all seasons,Adult,adult,Both genders,all genders,Requires regular monitoring,Requires regular monitoring,Avoids dehydration,Avoids dehydration,None specific,None specific,None specific,None specific,"Ashwagandha (5g), Triphala (1 tsp), Warm water (200ml)","Ashwagandha (5g), Triphala (1 tsp), Warm water (200ml)","Vata, Pitta","Vata, Pitta",Vata-Prakriti,Vata-Prakriti,Focus on kidney health; avoid salty foods and maintain hydration.,Focus on kidney health; avoid salty foods and maintain hydration.,None specific,None specific,"Medications, Kidney Transplant","Medications, Kidney Transplant","Genetic Counseling, Regular Monitoring","Genetic Counseling, Regular Monitoring",Can Be Managed with Treatment,Can Be Managed with Treatment,"Kidney Failure, High Blood Pressure","Kidney Failure, High Blood Pressure","Regular Monitoring, Medication","Regular Monitoring, Medication",polycystic kidney disease,"[""abdominal pain"", ""high blood pressure"", ""kidney enlargement""]",3,1,1,0,"[""allergies_food_env""]"
kp_0251,Polycystic Ovary Syndrome (PCOS),Polycystic Ovary Syndrome (PCOS),पॉलिसिस्टिक अंडाशय सिंड्रोम,पॉलिसिस्टिक अंडाशय सिंड्रोम,पॉलिसिस्टिक अंडाशय सिंड्रोम,पॉलिसिस्टिक अंडाशय सिंड्रोम,"Irregular periods, excessive hair growth, weight gain","Irregular periods, excessive hair growth, weight gain","Ultrasound, Blood Tests","Ultrasound, Blood Tests",Moderate to Severe,moderate to severe,Lifelong,Lifelong,"Hormonal imbalance, Menstrual issues","Hormonal imbalance, Menstrual issues","Birth control, Insulin sensitizers","Birth control, Insulin sensitizers","Genetics, Obesity, Hormonal Imbalance","Genetics, Obesity, Hormonal Imbalance","Hormonal imbalance, Obesity","Hormonal imbalance, Obesity",Irregular sleep,irregular sleep,Moderate stress,moderate stress,Low,low,Family history of PCOS,Family history of PCOS,"Low-carb, Nutrient-rich diet","Low-carb, Nutrient-rich diet",None,,All seasons,all seasons,"Adult, Teen","adult, teen",Female,female,Stress management required,Stress management required,Avoids processed foods,Avoids processed foods,"Herbal Remedies, Diet Changes","Herbal Remedies, Diet Changes","Ashwagandha, Shatavari","Ashwagandha, Shatavari","Shatavari (5g), Triphala (1 tsp), Warm water (200ml)","Shatavari (5g), Triphala (1 tsp), Warm water (200ml)","Vata, Pitta","Vata, Pitta",Pitta-Kapha,Pitta-Kapha,Follow a balanced diet with low glycemic index foods; include regular exercise.,Follow a balanced diet with low glycemic index foods; include regular exercise.,Yoga for Hormonal Balance,Yoga for Hormonal Balance,"Hormonal Therapy, Surgery","Hormonal Therapy, Surgery","Healthy Diet, Regular Exercise","Healthy Diet, Regular Exercise",Can Be Managed with Treatment,Can Be Managed with Treatment,"Infertility, Diabetes, Obesity","Infertility, Diabetes, Obesity","Regular Monitoring, Healthy Lifestyle","Regular Monitoring, Healthy Lifestyle",polycystic ovary syndrome pcos,"[""irregular periods"", ""excessive hair growth"", ""weight gain""]",3,1,1,0,"[""allergies_food_env""]"
kp_0252,Porphyria,Porphyria,पोर्फीरिया,पोर्फीरिया,पोर्फीरिया,पोर्फीरिया,"Abdominal pain, skin sensitivity, neurological issues","Abdominal pain, skin sensitivity, neurological issues","Blood Tests, Urine Tests","Blood Tests, Urine Tests",Severe,severe,Lifelong,Lifelong,"Genetic disorder, Liver dysfunction","Genetic disorder, Liver dysfunction",Symptom-specific therapy,Symptom-specific therapy,"Genetic Mutations, Sun Exposure","Genetic Mutations, Sun Exposure",Genetic,Genetic,Irregular sleep,irregular sleep,High stress,high stress,Low,low,Family history of porphyria,Family history of porphyria,"Low-fat, High-protein diet","Low-fat, High-protein diet",None,,All seasons,all seasons,Adult,adult,Both genders,all genders,Avoids sunlight,Avoids sunlight,Avoids alcohol,Avoids alcohol,"Herbal Remedies, Diet Changes","Herbal Remedies, Diet Changes",None specific,None specific,"Ashwagandha (5g), Brahmi (2g), Warm water (200ml)","Ashwagandha (5g), Brahmi (2g), Warm water (200ml)","Vata, Pitta","Vata, Pitta",Vata-Prakriti,Vata-Prakriti,Avoid sunlight exposure; support liver and detox with herbal remedies.,Avoid sunlight exposure; support liver and detox with herbal remedies.,None specific,None specific,"Medications, Lifestyle Modifications","Medications, Lifestyle Modifications","Avoid Sun Exposure, Healthy Diet","Avoid Sun Exposure, Healthy Diet",Can Be Managed with Treatment,Can Be Managed with Treatment,"Skin Sensitivity, Abdominal Pain","Skin Sensitivity, Abdominal Pain","Avoid Sun Exposure, Regular Monitoring","Avoid Sun Exposure, Regular Monitoring",porphyria,"[""abdominal pain"", ""skin sensitivity"", ""neurological issues""]",3,1,1,0,"[""allergies_food_env""]"
kp_0253,Prader-Willi Syndrome,Prader-Willi Syndrome,प्राडर-विली सिंड्रोम,प्राडर-विली सिंड्रोम,प्राडर-विली सिंड्रोम,प्राडर-विली सिंड्रोम,"Insatiable hunger, obesity, developmental delay","Insatiable hunger, obesity, developmental delay","Genetic Testing, Physical Exam","Genetic Testing, Physical Exam",Severe,severe,Lifelong,Lifelong,"Genetic, Developmental delays","Genetic, Developmental delays",Symptom-specific therapy,Symptom-specific therapy,"Genetic Mutations, Family History","Genetic Mutations, Family History",Genetic,Genetic,Irregular sleep,irregular sleep,High stress,high stress,Low,low,Family history of genetic disorders,Family history of genetic disorders,"Balanced, High-protein diet","Balanced, High-protein diet",None,,All seasons,all seasons,Childhood,childhood,Both genders,all genders,Requires special care,Requires special care,Avoids overstimulation,Avoids overstimulation,None specific,None specific,None specific,None specific,"Brahmi (2g), Ashwagandha (5g), Warm water (200ml)","Brahmi (2g), Ashwagandha (5g), Warm water (200ml)","Vata, Pitta","Vata, Pitta",Vata-Prakriti,Vata-Prakriti,Focus on managing appetite; support development with balanced nutrition.,Focus on managing appetite; support development with balanced nutrition.,None specific,None specific,"Supportive Care, Medications","Supportive Care, Medications","Genetic Counseling, Early Diagnosis","Genetic Counseling, Early Diagnosis",Can Be Managed with Supportive Care,Can Be Managed with Supportive Care,"Obesity, Developmental Delay","Obesity, Developmental Delay","Early Diagnosis, Regular Monitoring","Early Diagnosis, Regular Monitoring",prader willi syndrome,"[""insatiable hunger"", ""obesity"", ""developmental delay""]",3,1,1,0,"[""allergies_food_env""]"
kp_0254,Primary Amebic Meningoencephalitis,Primary Amebic Meningoencephalitis,प्राइमरी एमेबिक मेनिन्जोएंसेफ्लाइटिस,प्राइमरी एमेबिक मेनिन्जोएंसेफ्लाइटिस,प्राइमरी एमेबिक मेनिन्जोएंसेफ्लाइटिस,प्राइमरी एमेबिक मेनिन्जोएंसेफ्लाइटिस,"Headache, fever, nausea, vomiting, stiff neck","Headache, fever, nausea, vomiting, stiff neck","CSF Analysis, Brain Imaging","CSF Analysis, Brain Imaging",Severe,severe,1-2 weeks,1-2 weeks,"Amoebic infection, Freshwater exposure","Amoebic infection, Freshwater exposure",Antifungal treatments,Antifungal treatments,Exposure to Contaminated Water,Exposure to Contaminated Water,Freshwater exposure,Freshwater exposure,Irregular sleep,irregular sleep,High stress,high stress,Low,low,No family history,No family history,"Hydrating, Low-fat diet","Hydrating, Low-fat diet",None,,"Summer, Rainy season","summer, rainy season","Childhood, Adult","childhood, adult",Both genders,all genders,Avoids contaminated water,Avoids contaminated water,Avoids swimming in warm water,Avoids swimming in warm water,None specific,None specific,None specific,None specific,"Turmeric (1/2 tsp), Ginger (2g), Warm water (200ml)","Turmeric (1/ 2 tsp), Ginger (2g), Warm water (200ml)",Pitta,Pitta,Pitta-Prakriti,Pitta-Prakriti,Avoid exposure to contaminated water; maintain good hygiene.,Avoid exposure to contaminated water; maintain good hygiene.,None specific,None specific,"Antifungal Medications, Supportive Care","Antifungal Medications, Supportive Care",Avoid Contaminated Water,Avoid Contaminated Water,Can Be Managed with Medication,Can Be Managed with Medication,"Brain Damage, Death","Brain Damage, Death","Early Diagnosis, Good Hygiene","Early Diagnosis, Good Hygiene",primary amebic meningoencephalitis,"[""headache"", ""fever"", ""nausea"", ""vomiting"", ""stiff neck""]",5,0,1,0,"[""allergies_food_env""]"
kp_0255,Primary Ciliary Dyskinesia,Primary Ciliary Dyskinesia,प्राइमरी सिलीरी डिस्काइनीसिया,प्राइमरी सिलीरी डिस्काइनीसिया,प्राथमिक सिलियरी डिस्काइनीसिया,प्राथमिक सिलियरी डिस्काइनीसिया,"Chronic respiratory infections, sinusitis, cough","Chronic respiratory infections, sinusitis, cough","Genetic Testing, Physical Exam","Genetic Testing, Physical Exam",Severe,severe,Lifelong,Lifelong,"Genetic, Respiratory issues","Genetic, Respiratory issues",Symptom-specific therapy,Symptom-specific therapy,"Genetic Mutations, Family History","Genetic Mutations, Family History",Genetic,Genetic,Irregular sleep,irregular sleep,High stress,high stress,Low,low,Family history of respiratory issues,Family history of respiratory issues,"High-protein, Antioxidant diet","High-protein, Antioxidant diet",None,,"Winter, Cold season","winter, cold season","Childhood, Adult","childhood, adult",Both genders,all genders,Avoids cold air,Avoids cold air,Avoids respiratory irritants,Avoids respiratory irritants,None specific,None specific,None specific,None specific,"Ginger (2g), Tulsi leaves (2g), Warm water (200ml)","Ginger (2g), Tulsi leaves (2g), Warm water (200ml)","Vata, Kapha","Vata, Kapha",Vata-Kapha,Vata-Kapha,Support lung health; avoid cold air and focus on respiratory health with herbal teas.,Support lung health; avoid cold air and focus on respiratory health with herbal teas.,Breathing Exercises,Breathing Exercises,"Medications, Respiratory Therapy","Medications, Respiratory Therapy","Genetic Counseling, Early Diagnosis","Genetic Counseling, Early Diagnosis",Can Be Managed with Treatment,Can Be Managed with Treatment,"Respiratory Issues, Sinus Infections","Respiratory Issues, Sinus Infections","Regular Monitoring, Respiratory Care","Regular Monitoring, Respiratory Care",primary ciliary dyskinesia,"[""chronic respiratory infections"", ""sinusitis"", ""cough""]",3,1,0,1,"[""allergies_food_env""]"
kp_0256,Prostate Cancer,Prostate Cancer,प्रोस्टेट कैंसर,प्रोस्टेट कैंसर,प्रोस्टेट कॅन्सर,प्रोस्टेट कॅन्सर,"Urinary problems, pelvic pain, difficulty urinating","Urinary problems, pelvic pain, difficulty urinating","PSA Test, Biopsy, Ultrasound","PSA Test, Biopsy, Ultrasound",Severe,severe,Lifelong,Lifelong,"Cancer, Older age","Cancer, Older age","Chemotherapy, Hormone therapy","Chemotherapy, Hormone therapy","Age, Family History, Smoking","Age, Family History, Smoking","Age, Hormonal imbalance","Age, Hormonal imbalance",Irregular sleep,irregular sleep,High stress,high stress,Low,low,Family history of cancer,Family history of cancer,"Low-fat, High-fiber diet","Low-fat, High-fiber diet",None,,All seasons,all seasons,"Elderly, Adult","elderly, adult",Male,male,Requires regular monitoring,Requires regular monitoring,Avoids alcohol,Avoids alcohol,None specific,None specific,None specific,None specific,"Ashwagandha (5g), Turmeric (1/2 tsp), Warm water (200ml)","Ashwagandha (5g), Turmeric (1/ 2 tsp), Warm water (200ml)","Vata, Pitta","Vata, Pitta",Vata-Prakriti,Vata-Prakriti,Include prostate-healthy foods like tomatoes and flaxseeds; reduce stress.,Include prostate-healthy foods like tomatoes and flaxseeds; reduce stress.,None specific,None specific,"Surgery, Radiation, Chemotherapy","Surgery, Radiation, Chemotherapy","Regular Check-ups, Healthy Lifestyle","Regular Check-ups, Healthy Lifestyle",Depends on Stage of Cancer,Depends on Stage of Cancer,"Metastasis, Urinary Problems","Metastasis, Urinary Problems","Early Detection, Healthy Lifestyle","Early Detection, Healthy Lifestyle",prostate cancer,"[""urinary problems"", ""pelvic pain"", ""difficulty urinating""]",3,1,1,0,"[""allergies_food_env""]"
kp_0257,Psoriasis,Psoriasis,सोरायसिस,सोरायसिस,सोरायसिस,सोरायसिस,"Red, inflamed skin, scales, itching","Red, inflamed skin, scales, itching","Physical Exam, Skin Biopsy","Physical Exam, Skin Biopsy",Severe,severe,Lifelong,Lifelong,"Genetic, Autoimmune disorder","Genetic, Autoimmune disorder","Topical treatments, Systemic meds","Topical treatments, Systemic meds","Genetics, Infections, Stress","Genetics, Infections, Stress","Genetic, Environmental factors","Genetic, Environmental factors",Irregular sleep,irregular sleep,Moderate stress,moderate stress,Low,low,Family history of psoriasis,Family history of psoriasis,"Low-carb, Anti-inflammatory diet","Low-carb, Anti-inflammatory diet",None,,"Winter, Cold season","winter, cold season",Adult,adult,Both genders,all genders,Exposure to stress triggers,Exposure to stress triggers,Avoids harsh weather,Avoids harsh weather,"Herbal Remedies, Diet Changes","Herbal Remedies, Diet Changes","Neem, Turmeric, Aloe Vera","Neem, Turmeric, Aloe Vera","Neem leaves (5-6), Water (as needed)","Neem leaves (5-6), Water (as needed)",Pitta,Pitta,Pitta-Prakriti,Pitta-Prakriti,Focus on anti-inflammatory foods; maintain a skin-care routine with natural products.,Focus on anti-inflammatory foods; maintain a skin-care routine with natural products.,Yoga for Stress Relief,Yoga for Stress Relief,"Topical Treatments, Systemic Medications","Topical Treatments, Systemic Medications","Stress Management, Healthy Diet","Stress Management, Healthy Diet",Can Be Managed with Treatment,Can Be Managed with Treatment,"Skin Lesions, Joint Pain","Skin Lesions, Joint Pain","Regular Monitoring, Stress Management","Regular Monitoring, Stress Management",psoriasis,"[""red"", ""inflamed skin"", ""scales"", ""itching""]",4,0,1,0,"[""allergies_food_env""]"
kp_0258,Pulmonary Hypertension,Pulmonary Hypertension,पल्मोनरी हायपरटेंशन,पल्मोनरी हायपरटेंशन,पल्मोनरी हायपरटेंशन,पल्मोनरी हायपरटेंशन,"Shortness of breath, dizziness, chest pain","Shortness of breath, dizziness, chest pain","Echocardiogram, Blood Tests, CT Scan","Echocardiogram, Blood Tests, CT Scan",Severe,severe,Lifelong,Lifelong,"Respiratory issues, Cardiac issues","Respiratory issues, Cardiac issues","Blood pressure meds, Oxygen therapy","Blood pressure meds, Oxygen therapy","Genetics, Heart Disease, Lung Disease","Genetics, Heart Disease, Lung Disease","Genetic, Heart conditions","Genetic, Heart conditions",Irregular sleep,irregular sleep,High stress,high stress,Low,low,Family history of heart disease,Family history of heart disease,"Low-salt, High-fiber diet","Low-salt, High-fiber diet",None,,All seasons,all seasons,"Adult, Elderly","adult, elderly",Both genders,all genders,Requires oxygen support,Requires oxygen support,Avoids high altitudes,Avoids high altitudes,None specific,None specific,None specific,None specific,"Turmeric (1/2 tsp), Ginger (2g), Warm water (200ml)","Turmeric (1/ 2 tsp), Ginger (2g), Warm water (200ml)","Vata, Pitta","Vata, Pitta",Vata-Prakriti,Vata-Prakriti,Focus on lung and heart health; avoid salty foods and manage stress levels.,Focus on lung and heart health; avoid salty foods and manage stress levels.,Breathing Exercises,Breathing Exercises,"Medications, Oxygen Therapy","Medications, Oxygen Therapy","Regular Monitoring, Healthy Lifestyle","Regular Monitoring, Healthy Lifestyle",Can Be Managed with Medication,Can Be Managed with Medication,"Heart Failure, Organ Damage","Heart Failure, Organ Damage","Regular Monitoring, Healthy Diet","Regular Monitoring, Healthy Diet",pulmonary hypertension,"[""shortness of breath"", ""dizziness"", ""chest pain""]",3,1,1,0,"[""allergies_food_env""]"
kp_0259,Q Fever,Q Fever,क्यू बुखार,क्यू बुखार,क्यू बुखार,क्यू बुखार,"High fever, chills, headache, muscle pain","High fever, chills, headache, muscle pain","Blood Tests, Serology Tests","Blood Tests, Serology Tests",Moderate to Severe,moderate to severe,1-2 months,1-2 months,"Bacterial infection, Animal exposure","Bacterial infection, Animal exposure",Antibiotics,Antibiotics,Contact with Infected Animals,Contact with Infected Animals,"Animal exposure, Rural areas","Animal exposure, Rural areas",Irregular sleep,irregular sleep,Moderate stress,moderate stress,Low,low,No family history,No family history,"Hydrating, High-protein diet","Hydrating, High-protein diet",None,,All seasons,all seasons,Adult,adult,Both genders,all genders,Exposure to animals,Exposure to animals,Avoids exposure to livestock,Avoids exposure to livestock,None specific,None specific,None specific,None specific,"Neem leaves (5-6), Warm water (200ml)","Neem leaves (5-6), Warm water (200ml)",Pitta,Pitta,Pitta-Prakriti,Pitta-Prakriti,"Rest in a cool, comfortable environment; drink plenty of fluids to stay hydrated.","Rest in a cool, comfortable environment; drink plenty of fluids to stay hydrated.",None specific,None specific,Antibiotics,Antibiotics,"Avoid Animal Contact, Good Hygiene","Avoid Animal Contact, Good Hygiene",Can Be Managed with Medication,Can Be Managed with Medication,"Endocarditis, Respiratory Issues","Endocarditis, Respiratory Issues","Avoid Animal Contact, Good Hygiene","Avoid Animal Contact, Good Hygiene",q fever,"[""high fever"", ""chills"", ""headache"", ""muscle pain""]",4,0,1,0,"[""allergies_food_env""]"
kp_0260,Rabies,Rabies,रेबीज,रेबीज,रेबीज,रेबीज,"Fever, agitation, hallucinations, hydrophobia","Fever, agitation, hallucinations, hydrophobia","Physical Exam, Animal Bite History","Physical Exam, Animal Bite History",Severe,severe,1-2 weeks,1-2 weeks,"Animal bite, Viral infection","Animal bite, Viral infection",Antirabies vaccine,Antirabies vaccine,"Animal Bites, Poor Animal Control","Animal Bites, Poor Animal Control","Animal exposure, Rural areas","Animal exposure, Rural areas",Irregular sleep,irregular sleep,High stress,high stress,Low,low,Family history of rabies,Family history of rabies,"Low-fat, High-protein diet","Low-fat, High-protein diet",None,,All seasons,all seasons,All ages,all ages,Both genders,all genders,Exposure to animals,Exposure to animals,Avoids wild animal contact,Avoids wild animal contact,None specific,None specific,None specific,None specific,"Garlic (2 cloves), Turmeric (1/2 tsp), Warm water (200ml)","Garlic (2 cloves), Turmeric (1/ 2 tsp), Warm water (200ml)","Vata, Pitta","Vata, Pitta",Vata-Prakriti,Vata-Prakriti,Seek medical attention immediately; support immune health with garlic and turmeric.,Seek medical attention immediately; support immune health with garlic and turmeric.,None specific,None specific,"Rabies Vaccine, Antibodies","Rabies Vaccine, Antibodies","Vaccination, Avoid Animal Bites","Vaccination, Avoid Animal Bites",Can Be Prevented with Vaccination,Can Be Prevented with Vaccination,"Death, Neurological Damage","Death, Neurological Damage","Early Treatment, Avoid Animal Bites","Early Treatment, Avoid Animal Bites",rabies,"[""fever"", ""agitation"", ""hallucinations"", ""hydrophobia""]",4,1,1,0,"[""allergies_food_env""]"
kp_0261,Relapsing Fever,Relapsing Fever,पुनरावृत्ति बुखार,पुनरावृत्ति बुखार,पुनरावृत्ति बुखार,पुनरावृत्ति बुखार,"Recurrent fevers, headaches, muscle aches","Recurrent fevers, headaches, muscle aches","Blood Tests, Blood Smear","Blood Tests, Blood Smear",Severe,severe,1-2 weeks,1-2 weeks,"Bacterial infection, Tick bites","Bacterial infection, Tick bites",Antibiotics,Antibiotics,"Ticks, Infected Animals","Ticks, Infected Animals","Tick exposure, Poor hygiene","Tick exposure, Poor hygiene",Irregular sleep,irregular sleep,High stress,high stress,Low,low,No family history,No family history,"Hydrating, Low-sugar diet","Hydrating, Low-sugar diet",None,,All seasons,all seasons,"Adult, Children","adult, children",Both genders,all genders,Avoids outdoor exposure,Avoids outdoor exposure,Avoids unsanitary areas,Avoids unsanitary areas,None specific,None specific,None specific,None specific,"Neem leaves (5-6), Water (as needed)","Neem leaves (5-6), Water (as needed)",Pitta,Pitta,Pitta-Prakriti,Pitta-Prakriti,Focus on hydration and rest; avoid contact with infected individuals.,Focus on hydration and rest; avoid contact with infected individuals.,None specific,None specific,Antibiotics,Antibiotics,"Avoid Tick Bites, Good Hygiene","Avoid Tick Bites, Good Hygiene",Can Be Managed with Medication,Can Be Managed with Medication,"Recurrence, Organ Damage","Recurrence, Organ Damage","Regular Monitoring, Avoid Tick Bites","Regular Monitoring, Avoid Tick Bites",relapsing fever,"[""recurrent fevers"", ""headaches"", ""muscle aches""]",3,0,1,0,"[""allergies_food_env""]"
kp_0262,Renal Hypertension,Renal Hypertension,किडनी हायपरटेंशन,किडनी हायपरटेंशन,किडनी हायपरटेंशन,किडनी हायपरटेंशन,"High blood pressure, headache, nausea, fatigue","High blood pressure, headache, nausea, fatigue","Blood Tests, Ultrasound, CT Scan","Blood Tests, Ultrasound, CT Scan",Moderate to Severe,moderate to severe,Lifelong,Lifelong,"Kidney disease, Hypertension","Kidney disease, Hypertension",Blood pressure medication,Blood pressure medication,"Obesity, Kidney Disease, Genetics","Obesity, Kidney Disease, Genetics","Kidney dysfunction, Age","Kidney dysfunction, Age",Irregular sleep,irregular sleep,High stress,high stress,Low,low,Family history of hypertension,Family history of hypertension,"Low-sodium, High-fiber diet","Low-sodium, High-fiber diet",None,,All seasons,all seasons,"Adult, Elderly","adult, elderly",Both genders,all genders,Requires monitoring,Requires monitoring,Avoids excessive salt,Avoids excessive salt,None specific,None specific,None specific,None specific,"Ashwagandha (5g), Triphala (1 tsp), Warm water (200ml)","Ashwagandha (5g), Triphala (1 tsp), Warm water (200ml)","Vata, Pitta","Vata, Pitta",Vata-Kapha,Vata-Kapha,Maintain kidney health; avoid salty and high-fat foods; hydrate well.,Maintain kidney health; avoid salty and high-fat foods; hydrate well.,None specific,None specific,"Medications, Lifestyle Changes","Medications, Lifestyle Changes","Healthy Diet, Regular Exercise","Healthy Diet, Regular Exercise",Can Be Managed with Medication,Can Be Managed with Medication,"Kidney Damage, Heart Disease","Kidney Damage, Heart Disease","Regular Monitoring, Healthy Diet","Regular Monitoring, Healthy Diet",renal hypertension,"[""high blood pressure"", ""headache"", ""nausea"", ""fatigue""]",4,1,1,0,"[""allergies_food_env""]"
kp_0263,Respiratory Issues,Respiratory Issues,श्वसन समस्याएँ,श्वसन समस्याएँ,श्वसन समस्या,श्वसन समस्या,"Shortness of breath, cough, wheezing","Shortness of breath, cough, wheezing","Physical Exam, Pulmonary Function Test","Physical Exam, Pulmonary Function Test",Moderate to Severe,moderate to severe,1-6 months,1-6 months,"Asthma, Chronic bronchitis","Asthma, Chronic bronchitis","Inhalers, Steroids","Inhalers, Steroids","Smoking, Pollution, Infections","Smoking, Pollution, Infections","Air pollution, Allergens","Air pollution, Allergens",Irregular sleep,irregular sleep,High stress,high stress,Low,low,Family history of asthma,Family history of asthma,"Low-carb, High-protein diet","Low-carb, High-protein diet","Dust, Pollen","Dust, Pollen",All seasons,all seasons,All ages,all ages,Both genders,all genders,Avoids polluted air,Avoids polluted air,Avoids tobacco smoke,Avoids tobacco smoke,"Herbal Remedies, Lifestyle Changes","Herbal Remedies, Lifestyle Changes",None specific,None specific,"Ginger (2g), Turmeric (1/2 tsp), Warm water (200ml)","Ginger (2g), Turmeric (1/ 2 tsp), Warm water (200ml)","Vata, Kapha","Vata, Kapha",Vata-Kapha,Vata-Kapha,Focus on lung health; practice deep breathing exercises and avoid pollutants.,Focus on lung health; practice deep breathing exercises and avoid pollutants.,Breathing Exercises,Breathing Exercises,"Medications, Respiratory Therapy","Medications, Respiratory Therapy","Quit Smoking, Avoid Pollutants","Quit Smoking, Avoid Pollutants",Can Be Managed with Treatment,Can Be Managed with Treatment,"Respiratory Failure, Infections","Respiratory Failure, Infections","Avoid Smoking, Regular Exercise","Avoid Smoking, Regular Exercise",respiratory issues,"[""shortness of breath"", ""cough"", ""wheezing""]",3,1,0,1,[]
kp_0264,Rett Syndrome,Rett Syndrome,रेट सिंड्रोम,रेट सिंड्रोम,रेट सिंड्रोम,रेट सिंड्रोम,"Loss of motor skills, seizures, abnormal hand movements","Loss of motor skills, seizures, abnormal hand movements","Genetic Testing, Physical Exam","Genetic Testing, Physical Exam",Severe,severe,Lifelong,Lifelong,"Genetic, Developmental delays","Genetic, Developmental delays",Symptom-specific therapy,Symptom-specific therapy,"Genetic Mutations, Family History","Genetic Mutations, Family History",Genetic,Genetic,Irregular sleep,irregular sleep,High stress,high stress,Low,low,Family history of Rett syndrome,Family history of Rett syndrome,"Balanced, High-nutrient diet","Balanced, High-nutrient diet",None,,All seasons,all seasons,Childhood,childhood,Female,female,Requires special care,Requires special care,Avoids overstimulation,Avoids overstimulation,None specific,None specific,None specific,None specific,"Brahmi (2g), Ashwagandha (5g), Warm water (200ml)","Brahmi (2g), Ashwagandha (5g), Warm water (200ml)","Vata, Pitta","Vata, Pitta",Vata-Prakriti,Vata-Prakriti,Support cognitive and motor development; ensure a balanced diet.,Support cognitive and motor development; ensure a balanced diet.,None specific,None specific,"Supportive Care, Medications","Supportive Care, Medications","Genetic Counseling, Early Diagnosis","Genetic Counseling, Early Diagnosis",Can Be Managed with Supportive Care,Can Be Managed with Supportive Care,"Developmental Delays, Seizures","Developmental Delays, Seizures","Early Diagnosis, Regular Monitoring","Early Diagnosis, Regular Monitoring",rett syndrome,"[""loss of motor skills"", ""seizures"", ""abnormal hand movements""]",3,1,1,0,"[""allergies_food_env""]"
kp_0265,Rheumatic Heart Disease,Rheumatic Heart Disease,रुमेटिक हार्ट डिजीज,रुमेटिक हार्ट डिजीज,रुमेटिक हार्ट रोग,रुमेटिक हार्ट रोग,"Chest pain, heart palpitations, difficulty breathing","Chest pain, heart palpitations, difficulty breathing","Blood Tests, Echocardiogram","Blood Tests, Echocardiogram",Severe,severe,Lifelong,Lifelong,"Strep throat, Heart complications","Strep throat, Heart complications","Antibiotics, Surgery","Antibiotics, Surgery","Strep Throat, Poor Treatment of Infections","Strep Throat, Poor Treatment of Infections",Previous strep throat infection,Previous strep throat infection,Irregular sleep,irregular sleep,High stress,high stress,Low,low,Family history of heart disease,Family history of heart disease,"Low-fat, High-fiber diet","Low-fat, High-fiber diet",None,,All seasons,all seasons,"Childhood, Adult","childhood, adult",Both genders,all genders,Regular medical check-ups,Regular medical check-ups,Avoids strenuous activities,Avoids strenuous activities,None specific,None specific,None specific,None specific,"Garlic (2 cloves), Ginger (2g), Warm water (200ml)","Garlic (2 cloves), Ginger (2g), Warm water (200ml)","Vata, Kapha","Vata, Kapha",Vata-Kapha,Vata-Kapha,Focus on heart health; avoid salty and fatty foods; manage stress.,Focus on heart health; avoid salty and fatty foods; manage stress.,None specific,None specific,"Surgery, Medications","Surgery, Medications","Treat Infections Promptly, Good Hygiene","Treat Infections Promptly, Good Hygiene",Can Be Managed with Treatment,Can Be Managed with Treatment,"Heart Valve Damage, Heart Failure","Heart Valve Damage, Heart Failure",Early Treatment of Infections,Early Treatment of Infections,rheumatic heart disease,"[""chest pain"", ""heart palpitations"", ""difficulty breathing""]",3,1,0,1,"[""allergies_food_env""]"
kp_0266,Rheumatoid Arthritis,Rheumatoid Arthritis,रुमेटॉयड आर्थ्राइटिस,रुमेटॉयड आर्थ्राइटिस,रुमेटॉयड आर्थ्राइटिस,रुमेटॉयड आर्थ्राइटिस,"Joint pain, stiffness, swelling, fatigue","Joint pain, stiffness, swelling, fatigue","Blood Tests, Physical Exam, X-ray","Blood Tests, Physical Exam, X-ray",Severe,severe,Lifelong,Lifelong,"Autoimmune disorder, Joint pain","Autoimmune disorder, Joint pain",Anti-inflammatory drugs,Anti-inflammatory drugs,"Genetics, Infections, Age","Genetics, Infections, Age","Genetic, Environmental factors","Genetic, Environmental factors",Irregular sleep,irregular sleep,High stress,high stress,Low,low,Family history of arthritis,Family history of arthritis,"Anti-inflammatory, Gluten-free diet","Anti-inflammatory, Gluten-free diet",None,,All seasons,all seasons,"Adult, Elderly","adult, elderly",Both genders,all genders,Requires physiotherapy,Requires physiotherapy,Avoids joint strain,Avoids joint strain,"Herbal Remedies, Diet Changes","Herbal Remedies, Diet Changes","Ashwagandha, Guggul","Ashwagandha, Guggul","Turmeric (1/2 tsp), Ginger (2g), Milk (200ml)","Turmeric (1/ 2 tsp), Ginger (2g), Milk (200ml)","Vata, Kapha","Vata, Kapha",Vata-Kapha,Vata-Kapha,Consume anti-inflammatory foods; practice light exercises and stretches.,Consume anti-inflammatory foods; practice light exercises and stretches.,Yoga for Joint Health,Yoga for Joint Health,"Pain Relievers, Disease-Modifying Drugs","Pain Relievers, Disease-Modifying Drugs","Healthy Diet, Regular Exercise","Healthy Diet, Regular Exercise",Can Be Managed with Medication,Can Be Managed with Medication,"Joint Deformities, Mobility Issues","Joint Deformities, Mobility Issues","Regular Monitoring, Joint Protection","Regular Monitoring, Joint Protection",rheumatoid arthritis,"[""joint pain"", ""stiffness"", ""swelling"", ""fatigue""]",4,1,0,1,"[""allergies_food_env""]"
kp_0267,Rickettsial Diseases,Rickettsial Diseases,रिकेट्सियल रोग,रिकेट्सियल रोग,रिकेट्सियल रोग,रिकेट्सियल रोग,"Fever, rash, headache, muscle aches","Fever, rash, headache, muscle aches","Blood Tests, PCR Test","Blood Tests, PCR Test",Severe,severe,1-2 weeks,1-2 weeks,"Bacterial infection, Tick bites","Bacterial infection, Tick bites",Antibiotics,Antibiotics,"Insect Bites, Poor Sanitation","Insect Bites, Poor Sanitation","Tick exposure, Poor hygiene","Tick exposure, Poor hygiene",Irregular sleep,irregular sleep,High stress,high stress,Low,low,No family history,No family history,"Hydrating, Low-sugar diet","Hydrating, Low-sugar diet",None,,All seasons,all seasons,"Adult, Children","adult, children",Both genders,all genders,Avoids outdoor exposure,Avoids outdoor exposure,Avoids unsanitary areas,Avoids unsanitary areas,None specific,None specific,None specific,None specific,"Neem leaves (5-6), Water (as needed)","Neem leaves (5-6), Water (as needed)",Pitta,Pitta,Pitta-Prakriti,Pitta-Prakriti,Focus on immune health; avoid exposure to ticks; stay hydrated.,Focus on immune health; avoid exposure to ticks; stay hydrated.,None specific,None specific,Antibiotics,Antibiotics,"Avoid Insect Bites, Good Hygiene","Avoid Insect Bites, Good Hygiene",Can Be Managed with Medication,Can Be Managed with Medication,"Organ Damage, Fever","Organ Damage, Fever","Avoid Insect Bites, Good Hygiene","Avoid Insect Bites, Good Hygiene",rickettsial diseases,"[""fever"", ""rash"", ""headache"", ""muscle aches""]",4,0,1,0,"[""allergies_food_env""]"
kp_0268,Rift Valley Fever,Rift Valley Fever,रिफ्ट वैली बुखार,रिफ्ट वैली बुखार,रिफ्ट वैली बुखार,रिफ्ट वैली बुखार,"Fever, headache, muscle pain, joint pain","Fever, headache, muscle pain, joint pain","Blood Tests, Serology Tests","Blood Tests, Serology Tests",Severe,severe,1-2 months,1-2 months,"Mosquito bites, Viral infection","Mosquito bites, Viral infection",Symptom-specific therapy,Symptom-specific therapy,Contact with Infected Animals,Contact with Infected Animals,"Mosquito exposure, Rural areas","Mosquito exposure, Rural areas",Irregular sleep,irregular sleep,Moderate stress,moderate stress,Low,low,No family history,No family history,"Low-fat, High-protein diet","Low-fat, High-protein diet",None,,Rainy season,rainy season,"Adult, Children","adult, children",Both genders,all genders,Avoids mosquito exposure,Avoids mosquito exposure,Uses mosquito nets,Uses mosquito nets,None specific,None specific,None specific,None specific,"Ashwagandha (5g), Triphala (1 tsp), Warm water (200ml)","Ashwagandha (5g), Triphala (1 tsp), Warm water (200ml)","Vata, Pitta","Vata, Pitta",Vata-Kapha,Vata-Kapha,"Rest in a cool, quiet environment; avoid stress and maintain hydration.","Rest in a cool, quiet environment; avoid stress and maintain hydration.",None specific,None specific,Antiviral Medications,Antiviral Medications,"Avoid Animal Contact, Good Hygiene","Avoid Animal Contact, Good Hygiene",Can Be Managed with Medication,Can Be Managed with Medication,"Liver Damage, Neurological Issues","Liver Damage, Neurological Issues","Avoid Animal Contact, Good Hygiene","Avoid Animal Contact, Good Hygiene",rift valley fever,"[""fever"", ""headache"", ""muscle pain"", ""joint pain""]",4,1,1,0,"[""allergies_food_env""]"
kp_0269,Rocky Mountain Spotted Fever,Rocky Mountain Spotted Fever,रॉकी माउंटेन स्पॉटेड फीवर,रॉकी माउंटेन स्पॉटेड फीवर,रॉकी माउंटेन स्पॉटेड फीवर,रॉकी माउंटेन स्पॉटेड फीवर,"Fever, rash, headache, muscle pain","Fever, rash, headache, muscle pain","Blood Tests, PCR Test","Blood Tests, PCR Test",Severe,severe,1-2 weeks,1-2 weeks,"Tick bites, Bacterial infection","Tick bites, Bacterial infection",Antibiotics,Antibiotics,"Insect Bites, Poor Sanitation","Insect Bites, Poor Sanitation","Tick exposure, Poor hygiene","Tick exposure, Poor hygiene",Irregular sleep,irregular sleep,High stress,high stress,Low,low,No family history,No family history,"Hydrating, Low-sugar diet","Hydrating, Low-sugar diet",None,,"Summer, Rainy season","summer, rainy season","Adult, Children","adult, children",Both genders,all genders,Avoids tick-infested areas,Avoids tick-infested areas,Avoids outdoor exposure,Avoids outdoor exposure,None specific,None specific,None specific,None specific,"Neem leaves (5-6), Water (as needed)","Neem leaves (5-6), Water (as needed)",Pitta,Pitta,Pitta-Prakriti,Pitta-Prakriti,Avoid exposure to ticks; use natural repellents; hydrate well.,Avoid exposure to ticks; use natural repellents; hydrate well.,None specific,None specific,Antibiotics,Antibiotics,"Avoid Insect Bites, Good Hygiene","Avoid Insect Bites, Good Hygiene",Can Be Managed with Medication,Can Be Managed with Medication,"Organ Damage, Fever","Organ Damage, Fever","Avoid Insect Bites, Good Hygiene","Avoid Insect Bites, Good Hygiene",rocky mountain spotted fever,"[""fever"", ""rash"", ""headache"", ""muscle pain""]",4,0,1,0,"[""allergies_food_env""]"
kp_0270,Rosacea,Rosacea,रोजेसिया,रोजेसिया,रोजेसिया,रोजेसिया,"Redness, visible blood vessels, pimples on the face","Redness, visible blood vessels, pimples on the face","Physical Exam, Skin Biopsy","Physical Exam, Skin Biopsy",Moderate to Severe,moderate to severe,Lifelong,Lifelong,"Skin condition, Flushing","Skin condition, Flushing","Topical creams, Oral antibiotics","Topical creams, Oral antibiotics","Genetics, Sun Exposure, Stress","Genetics, Sun Exposure, Stress","Hot, cold weather, Sun exposure","Hot, cold weather, Sun exposure",Irregular sleep,irregular sleep,High stress,high stress,Low,low,No family history,No family history,"Low-fat, High-protein diet","Low-fat, High-protein diet",None,,"Winter, Summer","winter, summer",Adult,adult,Both genders,all genders,Avoids hot drinks,Avoids hot drinks,Avoids spicy foods,Avoids spicy foods,"Herbal Remedies, Diet Changes","Herbal Remedies, Diet Changes","Aloe Vera, Turmeric","Aloe Vera, Turmeric","Aloe Vera (2 tsp), Turmeric (1/2 tsp)","Aloe Vera (2 tsp), Turmeric (1/ 2 tsp)",Pitta,Pitta,Pitta-Prakriti,Pitta-Prakriti,Maintain a gentle skincare routine; avoid spicy and hot foods.,Maintain a gentle skincare routine; avoid spicy and hot foods.,None specific,None specific,"Topical Treatments, Laser Therapy","Topical Treatments, Laser Therapy","Sun Protection, Stress Management","Sun Protection, Stress Management",Can Be Managed with Treatment,Can Be Managed with Treatment,"Skin Redness, Eye Irritation","Skin Redness, Eye Irritation","Sun Protection, Regular Monitoring","Sun Protection, Regular Monitoring",rosacea,"[""redness"", ""visible blood vessels"", ""pimples on the face""]",3,0,1,0,"[""allergies_food_env""]"
kp_0271,Schistosomiasis,Schistosomiasis,शिस्टोसोमियासिस,शिस्टोसोमियासिस,शिस्टोसोमियासिस,शिस्टोसोमियासिस,"Abdominal pain, diarrhea, blood in urine, fatigue","Abdominal pain, diarrhea, blood in urine, fatigue","Stool or urine analysis, Blood tests","Stool or urine analysis, Blood tests",Severe,severe,1-2 months,1-2 months,"Parasitic infection, Waterborne","Parasitic infection, Waterborne",Antiparasitic drugs,Antiparasitic drugs,"Contaminated water, poor sanitation","Contaminated water, poor sanitation","Freshwater sources, Poor sanitation","Freshwater sources, Poor sanitation",Irregular sleep,irregular sleep,High stress,high stress,Low,low,No family history,No family history,"Hydrating, Low-sugar diet","Hydrating, Low-sugar diet",None,,Rainy season,rainy season,"Adult, Children","adult, children",Both genders,all genders,Avoids contaminated water,Avoids contaminated water,Avoids public bathing,Avoids public bathing,"Wormwood, Ginger","Wormwood, Ginger","Neem, Turmeric","Neem, Turmeric","Neem leaves (5-6), Turmeric (1/2 tsp), Warm water (200ml)","Neem leaves (5-6), Turmeric (1/ 2 tsp), Warm water (200ml)",Pitta,Pitta,Pitta-Prakriti,Pitta-Prakriti,Focus on detoxification; avoid contaminated water sources.,Focus on detoxification; avoid contaminated water sources.,None,,Antiparasitic drugs (Praziquantel),Antiparasitic drugs (Praziquantel),Avoid contaminated water,Avoid contaminated water,Treatable with early intervention,Treatable with early intervention,"Organ damage, Hepatitis, Bladder cancer","Organ damage, Hepatitis, Bladder cancer","Use safe water sources, take meds as prescribed","Use safe water sources, take meds as prescribed",schistosomiasis,"[""abdominal pain"", ""diarrhea"", ""blood in urine"", ""fatigue""]",4,0,1,0,"[""allergies_food_env"", ""yoga_and_physical_therapy""]"
kp_0272,Scoliosis,Scoliosis,स्कोलियोसिस,स्कोलियोसिस,स्कोलियोसिस,स्कोलियोसिस,"Uneven shoulders, back pain, difficulty standing straight","Uneven shoulders, back pain, difficulty standing straight","X-ray, MRI","X-ray, MRI",Moderate to Severe,moderate to severe,Variable,Variable,"Spinal deformity, Genetic","Spinal deformity, Genetic","Physical therapy, Surgery","Physical therapy, Surgery","Genetics, Muscle imbalance, Injury","Genetics, Muscle imbalance, Injury","Poor posture, Trauma","Poor posture, Trauma",Irregular sleep,irregular sleep,Moderate stress,moderate stress,Low,low,Family history of scoliosis,Family history of scoliosis,"Balanced, High-nutrient diet","Balanced, High-nutrient diet",None,,All seasons,all seasons,"Children, Adult","children, adult",Both genders,all genders,Requires back support,Requires back support,Avoids heavy lifting,Avoids heavy lifting,None,,"Ashwagandha, Guggul","Ashwagandha, Guggul","Ashwagandha (5g), Triphala (1 tsp), Warm water (200ml)","Ashwagandha (5g), Triphala (1 tsp), Warm water (200ml)","Vata, Pitta","Vata, Pitta",Vata-Kapha,Vata-Kapha,Maintain good posture; include strengthening exercises and a balanced diet.,Maintain good posture; include strengthening exercises and a balanced diet.,Yoga for spine flexibility,Yoga for spine flexibility,"Physical therapy, Surgery","Physical therapy, Surgery",Early diagnosis and intervention,Early diagnosis and intervention,Variable depending on severity,Variable depending on severity,"Respiratory issues, Nerve damage","Respiratory issues, Nerve damage","Maintain posture, exercise regularly","Maintain posture, exercise regularly",scoliosis,"[""uneven shoulders"", ""back pain"", ""difficulty standing straight""]",3,1,1,0,"[""allergies_food_env"", ""herbal_alternative_remedies""]"
kp_0273,Seborrheic Dermatitis,Seborrheic Dermatitis,सेबोरहाइक डर्मेटाइटिस,सेबोरहाइक डर्मेटाइटिस,सेबोरहाइक डर्मेटाइटिस,सेबोरहाइक डर्मेटाइटिस,"Red, itchy skin, dandruff, flakiness","Red, itchy skin, dandruff, flakiness","Physical exam, Skin biopsy","Physical exam, Skin biopsy",Moderate to Severe,moderate to severe,Ongoing management,Ongoing management,"Skin condition, Yeast infection","Skin condition, Yeast infection","Topical antifungals, Steroids","Topical antifungals, Steroids","Stress, Genetics, Oily skin","Stress, Genetics, Oily skin","Hot, humid weather, Oily skin","Hot, humid weather, Oily skin",Irregular sleep,irregular sleep,High stress,high stress,Low,low,No family history,No family history,"Low-fat, High-protein diet","Low-fat, High-protein diet",None,,"Winter, Spring","winter, spring","Adult, Children","adult, children",Both genders,all genders,Avoids greasy foods,Avoids greasy foods,Uses mild skincare,Uses mild skincare,"Tea tree oil, Aloe vera","Tea tree oil, Aloe vera","Neem, Turmeric","Neem, Turmeric","Neem leaves (5-6), Water (as needed)","Neem leaves (5-6), Water (as needed)",Pitta,Pitta,Pitta-Prakriti,Pitta-Prakriti,Follow a gentle skincare routine; avoid spicy and oily foods.,Follow a gentle skincare routine; avoid spicy and oily foods.,"Pranayama, Scalp massage","Pranayama, Scalp massage","Topical antifungals, Steroids","Topical antifungals, Steroids","Avoid triggers like stress, harsh soaps","Avoid triggers like stress, harsh soaps","Chronic, flare-ups likely","Chronic, flare-ups likely","Infection, Hair loss","Infection, Hair loss","Use medicated shampoos, reduce stress","Use medicated shampoos, reduce stress",seborrheic dermatitis,"[""red"", ""itchy skin"", ""dandruff"", ""flakiness""]",4,0,1,0,"[""allergies_food_env""]"
kp_0274,Septicemic Plague,Septicemic Plague,सेप्टीमिक प्लेग,सेप्टीमिक प्लेग,सेप्टीमिक प्लेग,सेप्टीमिक प्लेग,"Fever, chills, swollen lymph nodes, septic shock","Fever, chills, swollen lymph nodes, septic shock","Blood cultures, PCR test","Blood cultures, PCR test",Severe,severe,Immediate treatment (weeks),Immediate treatment (weeks),"Bacterial infection, Flea bites","Bacterial infection, Flea bites","Antibiotics, IV fluids","Antibiotics, IV fluids","Contact with infected animals, flea bites","Contact with infected animals, flea bites","Rodent exposure, Poor sanitation","Rodent exposure, Poor sanitation",Irregular sleep,irregular sleep,High stress,high stress,Low,low,No family history,No family history,"Hydrating, Low-sugar diet","Hydrating, Low-sugar diet",None,,"Summer, Rainy season","summer, rainy season","Adult, Children","adult, children",Both genders,all genders,Avoids rodent exposure,Avoids rodent exposure,Avoids unsanitary areas,Avoids unsanitary areas,None,,None,,"Neem leaves (5-6), Water (as needed)","Neem leaves (5-6), Water (as needed)",Pitta,Pitta,Pitta-Prakriti,Pitta-Prakriti,Avoid contact with infected individuals; focus on immune-boosting foods.,Avoid contact with infected individuals; focus on immune-boosting foods.,None,,"Antibiotics (Streptomycin, Doxycycline)","Antibiotics (Streptomycin, Doxycycline)",Immediate medical attention,Immediate medical attention,"Fatal if untreated, but treatable with antibiotics","Fatal if untreated, but treatable with antibiotics","Organ failure, Septic shock","Organ failure, Septic shock",Seek medical help immediately,Seek medical help immediately,septicemic plague,"[""fever"", ""chills"", ""swollen lymph nodes"", ""septic shock""]",4,0,1,0,"[""allergies_food_env"", ""herbal_alternative_remedies"", ""ayurvedic_herbs"", ""yoga_and_physical_therapy""]"
kp_0275,Sexual Dysfunction,Sexual Dysfunction,यौन कार्य में दोष,यौन कार्य में दोष,यौन कार्यातील दोष,यौन कार्यातील दोष,"Low libido, erectile dysfunction, premature ejaculation","Low libido, erectile dysfunction, premature ejaculation","Blood tests, Hormone tests, Psychological assessment","Blood tests, Hormone tests, Psychological assessment",Moderate to Severe,moderate to severe,Ongoing management,Ongoing management,"Stress, Hormonal imbalance","Stress, Hormonal imbalance","Hormone therapy, Psychotherapy","Hormone therapy, Psychotherapy","Age, Stress, Obesity, Diabetes","Age, Stress, Obesity, Diabetes","Psychological stress, Relationship issues","Psychological stress, Relationship issues",Irregular sleep,irregular sleep,High stress,high stress,Low,low,No family history,No family history,"Low-fat, High-protein diet","Low-fat, High-protein diet",None,,All seasons,all seasons,Adult,adult,Both genders,all genders,Requires counseling,Requires counseling,Avoids stressors,Avoids stressors,"Maca root, Ginseng","Maca root, Ginseng","Ashwagandha, Shatavari","Ashwagandha, Shatavari","Ashwagandha (5g), Shatavari (5g), Warm water (200ml)","Ashwagandha (5g), Shatavari (5g), Warm water (200ml)","Vata, Kapha","Vata, Kapha",Vata-Kapha,Vata-Kapha,Focus on stress reduction; maintain a healthy diet rich in antioxidants.,Focus on stress reduction; maintain a healthy diet rich in antioxidants.,None,,"Viagra, Therapy, Hormone replacement","Viagra, Therapy, Hormone replacement","Healthy lifestyle, stress management","Healthy lifestyle, stress management",Manageable with treatment,Manageable with treatment,"Depression, Relationship issues","Depression, Relationship issues","Improve diet, exercise, therapy","Improve diet, exercise, therapy",sexual dysfunction,"[""low libido"", ""erectile dysfunction"", ""premature ejaculation""]",3,1,0,1,"[""allergies_food_env"", ""yoga_and_physical_therapy""]"
kp_0276,Sickle Cell Anemia,Sickle Cell Anemia,सिकल सेल एनीमिया,सिकल सेल एनीमिया,सिकल सेल अनीमिया,सिकल सेल अनीमिया,"Fatigue, pain, swelling in hands/feet, frequent infections","Fatigue, pain, swelling in hands/ feet, frequent infections","Blood test, Hemoglobin electrophoresis","Blood test, Hemoglobin electrophoresis",Severe,severe,Lifetime management,Lifetime management,"Genetic, Blood disorder","Genetic, Blood disorder","Pain management, Blood transfusions","Pain management, Blood transfusions",Genetics (Inheritance of sickle gene),Genetics (Inheritance of sickle gene),"Genetic, Low oxygen environments","Genetic, Low oxygen environments",Irregular sleep,irregular sleep,High stress,high stress,Low,low,Family history of anemia,Family history of anemia,"High-calorie, Iron-rich diet","High-calorie, Iron-rich diet",None,,All seasons,all seasons,"Children, Adult","children, adult",Both genders,all genders,Requires hydration,Requires hydration,Avoids dehydration,Avoids dehydration,None,,"Ashwagandha, Gudmar","Ashwagandha, Gudmar","Fenugreek (3g), Triphala (1 tsp), Warm water (200ml)","Fenugreek (3g), Triphala (1 tsp), Warm water (200ml)","Vata, Pitta","Vata, Pitta",Vata-Kapha,Vata-Kapha,Maintain hydration; include iron-rich foods like spinach and lentils.,Maintain hydration; include iron-rich foods like spinach and lentils.,None,,"Blood transfusion, Pain management","Blood transfusion, Pain management","Early diagnosis, Pain management","Early diagnosis, Pain management","Chronic, Manageable with treatment","Chronic, Manageable with treatment","Stroke, Organ damage, Infection","Stroke, Organ damage, Infection","Regular medical check-ups, hydration","Regular medical check-ups, hydration",sickle cell anemia,"[""fatigue"", ""pain"", ""swelling in hands"", ""feet"", ""frequent infections""]",5,1,1,0,"[""allergies_food_env"", ""herbal_alternative_remedies"", ""yoga_and_physical_therapy""]"
kp_0277,Sjogren's Syndrome,Sjogren's Syndrome,स्जोग्रेन सिंड्रोम,स्जोग्रेन सिंड्रोम,स्जोग्रेन सिंड्रोम,स्जोग्रेन सिंड्रोम,"Dry mouth, dry eyes, joint pain, fatigue","Dry mouth, dry eyes, joint pain, fatigue","Blood tests (ANA, SSA), Lip biopsy","Blood tests (ANA, SSA), Lip biopsy",Moderate to Severe,moderate to severe,Ongoing management,Ongoing management,"Autoimmune disorder, Dry eyes","Autoimmune disorder, Dry eyes","Antioxidants, Moisturizers","Antioxidants, Moisturizers","Genetics, Autoimmune disorders","Genetics, Autoimmune disorders","Autoimmune, Dry environments","Autoimmune, Dry environments",Irregular sleep,irregular sleep,High stress,high stress,Low,low,Family history of autoimmune diseases,Family history of autoimmune diseases,"Hydrating, Low-sodium diet","Hydrating, Low-sodium diet",None,,"Winter, Spring","winter, spring","Adult, Elderly","adult, elderly",Both genders,all genders,Requires special care,Requires special care,Avoids smoking,Avoids smoking,None,,"Ashwagandha, Guggul","Ashwagandha, Guggul","Ashwagandha (5g), Triphala (1 tsp), Warm water (200ml)","Ashwagandha (5g), Triphala (1 tsp), Warm water (200ml)","Vata, Pitta","Vata, Pitta",Vata-Kapha,Vata-Kapha,Stay hydrated; avoid dry and cold environments; include anti-inflammatory foods.,Stay hydrated; avoid dry and cold environments; include anti-inflammatory foods.,None,,"Immunosuppressants, Eye drops","Immunosuppressants, Eye drops","Stay hydrated, Avoid smoking","Stay hydrated, Avoid smoking","Chronic, can worsen with time","Chronic, can worsen with time","Dry mouth, Eye issues, Fatigue","Dry mouth, Eye issues, Fatigue","Use artificial tears, rest, hydration","Use artificial tears, rest, hydration",sjogren s syndrome,"[""dry mouth"", ""dry eyes"", ""joint pain"", ""fatigue""]",4,1,1,0,"[""allergies_food_env"", ""herbal_alternative_remedies"", ""yoga_and_physical_therapy""]"
kp_0278,Skin Cancer (Melanoma),Skin Cancer (Melanoma),त्वचा का कैंसर (मेलनोमा),त्वचा का कैंसर (मेलनोमा),त्वचा कर्करोग (मेलनोमा),त्वचा कर्करोग (मेलनोमा),"Skin changes, irregular moles, itching, bleeding","Skin changes, irregular moles, itching, bleeding","Skin biopsy, Dermoscopy","Skin biopsy, Dermoscopy",Severe,severe,"Surgical removal, Radiation","Surgical removal, Radiation","Sun exposure, Family history","Sun exposure, Family history","Surgery, Chemotherapy","Surgery, Chemotherapy","Sun exposure, Fair skin, Genetics","Sun exposure, Fair skin, Genetics","Sun exposure, Fair skin","Sun exposure, Fair skin",Irregular sleep,irregular sleep,High stress,high stress,Low,low,Family history of melanoma,Family history of melanoma,"Low-fat, High-protein diet","Low-fat, High-protein diet",None,,"Summer, Spring","summer, spring",Adult,adult,Both genders,all genders,Avoids excessive sun,Avoids excessive sun,Uses sunscreen,Uses sunscreen,"Aloe vera, Turmeric","Aloe vera, Turmeric","Neem, Turmeric","Neem, Turmeric","Aloe Vera (2 tsp), Turmeric (1/2 tsp)","Aloe Vera (2 tsp), Turmeric (1/ 2 tsp)",Pitta,Pitta,Pitta-Prakriti,Pitta-Prakriti,Protect skin from sun exposure; focus on antioxidant-rich foods like berries.,Protect skin from sun exposure; focus on antioxidant-rich foods like berries.,None,,"Surgery, Chemotherapy, Radiation","Surgery, Chemotherapy, Radiation","Avoid sun exposure, Use sunscreen","Avoid sun exposure, Use sunscreen",Treatable if caught early,Treatable if caught early,"Metastasis, Organ failure","Metastasis, Organ failure","Regular skin checks, Avoid sun","Regular skin checks, Avoid sun",skin cancer melanoma,"[""skin changes"", ""irregular moles"", ""itching"", ""bleeding""]",4,0,1,0,"[""allergies_food_env"", ""yoga_and_physical_therapy""]"
kp_0279,Skin Diseases,Skin Diseases,त्वचा रोग,त्वचा रोग,त्वचा रोग,त्वचा रोग,"Redness, irritation, itching, lesions","Redness, irritation, itching, lesions","Clinical exam, Biopsy","Clinical exam, Biopsy",Moderate to Severe,moderate to severe,Varies based on type,Varies based on type,"Infections, Allergies","Infections, Allergies","Topical treatments, Oral antibiotics","Topical treatments, Oral antibiotics","Poor hygiene, Allergies, Genetics","Poor hygiene, Allergies, Genetics","Environmental factors, Poor hygiene","Environmental factors, Poor hygiene",Irregular sleep,irregular sleep,High stress,high stress,Low,low,No family history,No family history,"Balanced, High-nutrient diet","Balanced, High-nutrient diet","Dust, Pollen","Dust, Pollen",All seasons,all seasons,All ages,all ages,Both genders,all genders,Requires hygiene practices,Requires hygiene practices,Avoids harsh chemicals,Avoids harsh chemicals,"Aloe vera, Tea tree oil","Aloe vera, Tea tree oil","Neem, Turmeric","Neem, Turmeric","Neem leaves (5-6), Water (as needed)","Neem leaves (5-6), Water (as needed)",Pitta,Pitta,Pitta-Prakriti,Pitta-Prakriti,Follow a gentle skincare routine; avoid harsh chemicals and spicy foods.,Follow a gentle skincare routine; avoid harsh chemicals and spicy foods.,"Pranayama, Hydration","Pranayama, Hydration","Topical treatments, Steroids","Topical treatments, Steroids","Regular cleaning, Avoid triggers","Regular cleaning, Avoid triggers",Varies depending on the disease,Varies depending on the disease,"Secondary infections, Scarring","Secondary infections, Scarring","Practice good skin care, Use mild soaps","Practice good skin care, Use mild soaps",skin diseases,"[""redness"", ""irritation"", ""itching"", ""lesions""]",4,0,1,0,[]
kp_0280,"Skin Infections (Bacterial, Fungal, Viral)","Skin Infections (Bacterial, Fungal, Viral)","त्वचा संक्रमण (बैक्टीरियल, फंगल, वायरल)","त्वचा संक्रमण (बैक्टीरियल, फंगल, वायरल)","त्वचा संसर्ग (बॅक्टेरिअल, फंगल, व्हायरल)","त्वचा संसर्ग (बॅक्टेरिअल, फंगल, व्हायरल)","Redness, swelling, itching, discharge","Redness, swelling, itching, discharge","Swabs, Blood tests, Skin biopsy","Swabs, Blood tests, Skin biopsy",Moderate to Severe,moderate to severe,1-2 weeks (depends on type),1-2 weeks (depends on type),"Infections, Poor hygiene","Infections, Poor hygiene","Antibiotics, Antifungals","Antibiotics, Antifungals","Poor hygiene, Weakened immune system","Poor hygiene, Weakened immune system","Poor hygiene, Exposure to pathogens","Poor hygiene, Exposure to pathogens",Irregular sleep,irregular sleep,High stress,high stress,Low,low,Family history of skin conditions,Family history of skin conditions,"Balanced, High-nutrient diet","Balanced, High-nutrient diet","Dust, Pollens","Dust, Pollens",All seasons,all seasons,All ages,all ages,Both genders,all genders,Requires hygiene practices,Requires hygiene practices,Avoids harsh chemicals,Avoids harsh chemicals,"Garlic, Tea tree oil","Garlic, Tea tree oil","Neem, Turmeric","Neem, Turmeric","Tea Tree Oil (3-4 drops), Turmeric (1/2 tsp), Water (as needed)","Tea Tree Oil (3-4 drops), Turmeric (1/ 2 tsp), Water (as needed)",Pitta,Pitta,Pitta-Prakriti,Pitta-Prakriti,Focus on hygiene; avoid sharing personal items; maintain a healthy diet.,Focus on hygiene; avoid sharing personal items; maintain a healthy diet.,None,,"Antibiotics, Antifungals, Antivirals","Antibiotics, Antifungals, Antivirals","Proper hygiene, Avoid contact with infected persons","Proper hygiene, Avoid contact with infected persons",Usually treatable with treatment,Usually treatable with treatment,"Abscess formation, Scarring","Abscess formation, Scarring","Maintain hygiene, Avoid scratching","Maintain hygiene, Avoid scratching",skin infections bacterial fungal viral,"[""redness"", ""swelling"", ""itching"", ""discharge""]",4,0,1,0,"[""yoga_and_physical_therapy""]"
kp_0281,Skin Rash,Skin Rash,त्वचा की चकत्तियां,त्वचा की चकत्तियां,त्वचेवरील पुरळ,त्वचेवरील पुरळ,"Red, inflamed, itchy patches on the skin","Red, inflamed, itchy patches on the skin","Physical exam, Allergy tests","Physical exam, Allergy tests",Moderate to Severe,moderate to severe,"Varies, from days to weeks","Varies, from days to weeks","Allergies, Infections","Allergies, Infections","Topical corticosteroids, Antihistamines","Topical corticosteroids, Antihistamines","Allergies, Irritants, Infections","Allergies, Irritants, Infections","Allergens, Irritants, Heat","Allergens, Irritants, Heat",Irregular sleep,irregular sleep,High stress,high stress,Low,low,Family history of rashes,Family history of rashes,"Low-fat, High-protein diet","Low-fat, High-protein diet","Dust, Pollen","Dust, Pollen",All seasons,all seasons,All ages,all ages,Both genders,all genders,Requires skin care,Requires skin care,Avoids harsh chemicals,Avoids harsh chemicals,"Aloe vera, Chamomile","Aloe vera, Chamomile","Aloe vera, Ashwagandha","Aloe vera, Ashwagandha","Aloe Vera (2 tsp), Neem leaves (5-6), Water (as needed)","Aloe Vera (2 tsp), Neem leaves (5-6), Water (as needed)",Pitta,Pitta,Pitta-Prakriti,Pitta-Prakriti,Avoid allergens; keep skin moisturized; include fiber-rich foods in the diet.,Avoid allergens; keep skin moisturized; include fiber-rich foods in the diet.,"Pranayama, Hydration","Pranayama, Hydration","Steroid creams, Antihistamines","Steroid creams, Antihistamines","Avoid allergens, Hydrate","Avoid allergens, Hydrate",Usually resolves with treatment,Usually resolves with treatment,"Secondary infection, Scarring","Secondary infection, Scarring","Use appropriate creams, Avoid irritants","Use appropriate creams, Avoid irritants",skin rash,"[""red"", ""inflamed"", ""itchy patches on the skin""]",3,0,1,0,[]
kp_0282,Sleep Apnea,Sleep Apnea,स्लीप एप्निया,स्लीप एप्निया,स्लीप एप्निया,स्लीप एप्निया,"Loud snoring, choking during sleep, daytime fatigue","Loud snoring, choking during sleep, daytime fatigue",Sleep study (Polysomnography),Sleep study (Polysomnography),Moderate to Severe,moderate to severe,Ongoing management,Ongoing management,"Obesity, Respiratory issues","Obesity, Respiratory issues","CPAP machine, Surgery","CPAP machine, Surgery","Obesity, Age, Smoking, Alcohol use","Obesity, Age, Smoking, Alcohol use","Obesity, Smoking, Alcohol use","Obesity, Smoking, Alcohol use",Irregular sleep,irregular sleep,High stress,high stress,Low,low,Family history of sleep disorders,Family history of sleep disorders,"Low-fat, High-protein diet","Low-fat, High-protein diet",None,,"Winter, Summer","winter, summer",Adult,adult,Both genders,all genders,Requires regular sleep schedule,Requires regular sleep schedule,Avoids alcohol,Avoids alcohol,None,,"Ashwagandha, Brahmi","Ashwagandha, Brahmi","Ashwagandha (5g), Shatavari (5g), Warm water (200ml)","Ashwagandha (5g), Shatavari (5g), Warm water (200ml)","Vata, Kapha","Vata, Kapha",Vata-Kapha,Vata-Kapha,Maintain a regular sleep schedule; practice deep breathing exercises.,Maintain a regular sleep schedule; practice deep breathing exercises.,"Breathing exercises, Pranayama","Breathing exercises, Pranayama","CPAP machine, Surgery, Medications","CPAP machine, Surgery, Medications","Weight management, Avoid alcohol","Weight management, Avoid alcohol",Manageable with treatment,Manageable with treatment,"Cardiovascular issues, Daytime fatigue","Cardiovascular issues, Daytime fatigue","Maintain weight, Avoid alcohol","Maintain weight, Avoid alcohol",sleep apnea,"[""loud snoring"", ""choking during sleep"", ""daytime fatigue""]",3,1,0,1,"[""allergies_food_env"", ""herbal_alternative_remedies""]"
kp_0283,Sleeping Sickness (Trypanosomiasis),Sleeping Sickness (Trypanosomiasis),स्लीपिंग सickness (ट्राईपॅनोसोमियासिस),स्लीपिंग सickness (ट्राईपॅनोसोमियासिस),स्लीपिंग सिस्टिम (ट्रायपॅनोसोमियासिस),स्लीपिंग सिस्टिम (ट्रायपॅनोसोमियासिस),"Fever, fatigue, headache, swollen lymph nodes","Fever, fatigue, headache, swollen lymph nodes","Blood tests, Lumbar puncture","Blood tests, Lumbar puncture",Severe,severe,2-3 weeks,2-3 weeks,"Parasitic infection, Insect bites","Parasitic infection, Insect bites",Antiparasitic drugs,Antiparasitic drugs,"Tsetse fly bite, Rural areas","Tsetse fly bite, Rural areas","Insect bites, Poor sanitation","Insect bites, Poor sanitation",Irregular sleep,irregular sleep,High stress,high stress,Low,low,No family history,No family history,"Hydrating, Low-sugar diet","Hydrating, Low-sugar diet",None,,Rainy season,rainy season,"Adult, Children","adult, children",Both genders,all genders,Avoids insect exposure,Avoids insect exposure,Avoids unsanitary areas,Avoids unsanitary areas,None,,None,,"Neem leaves (5-6), Turmeric (1/2 tsp), Warm water (200ml)","Neem leaves (5-6), Turmeric (1/ 2 tsp), Warm water (200ml)",Pitta,Pitta,Pitta-Prakriti,Pitta-Prakriti,Avoid mosquito bites; focus on immune-boosting foods.,Avoid mosquito bites; focus on immune-boosting foods.,None,,"Antitrypanosomal drugs (e.g., Melarsoprol)","Antitrypanosomal drugs (e.g., Melarsoprol)",Avoid tsetse fly exposure,Avoid tsetse fly exposure,Treatable with early diagnosis,Treatable with early diagnosis,"Neurological damage, Coma","Neurological damage, Coma",Seek immediate medical attention,Seek immediate medical attention,sleeping sickness trypanosomiasis,"[""fever"", ""fatigue"", ""headache"", ""swollen lymph nodes""]",4,0,1,0,"[""allergies_food_env"", ""herbal_alternative_remedies"", ""ayurvedic_herbs"", ""yoga_and_physical_therapy""]"
kp_0284,Sparganosis,Sparganosis,स्पार्गनोसिस,स्पार्गनोसिस,स्पार्गनोसिस,स्पार्गनोसिस,"Swelling, pain, ulcers, subcutaneous lumps","Swelling, pain, ulcers, subcutaneous lumps","Blood tests, Imaging (CT, MRI)","Blood tests, Imaging (CT, MRI)",Severe,severe,3-6 months,3-6 months,"Parasitic infection, Raw meat","Parasitic infection, Raw meat",Antiparasitic drugs,Antiparasitic drugs,"Ingestion of undercooked meat, Water contamination","Ingestion of undercooked meat, Water contamination","Consumption of raw meat, Fish","Consumption of raw meat, Fish",Irregular sleep,irregular sleep,High stress,high stress,Low,low,No family history,No family history,"Low-fat, High-protein diet","Low-fat, High-protein diet",None,,All seasons,all seasons,Adult,adult,Both genders,all genders,Avoids undercooked food,Avoids undercooked food,Avoids unclean water,Avoids unclean water,None,,None,,"Turmeric (1/2 tsp), Garlic (2 cloves), Warm water (200ml)","Turmeric (1/ 2 tsp), Garlic (2 cloves), Warm water (200ml)","Vata, Kapha","Vata, Kapha",Vata-Kapha,Vata-Kapha,Ensure good hygiene; avoid undercooked food; stay hydrated.,Ensure good hygiene; avoid undercooked food; stay hydrated.,None,,"Surgery, Antiparasitic drugs","Surgery, Antiparasitic drugs",Avoid consuming raw meat,Avoid consuming raw meat,Treatable with surgery and medication,Treatable with surgery and medication,"Organ damage, Paralysis","Organ damage, Paralysis","Avoid undercooked meat, take medications","Avoid undercooked meat, take medications",sparganosis,"[""swelling"", ""pain"", ""ulcers"", ""subcutaneous lumps""]",4,1,0,1,"[""allergies_food_env"", ""herbal_alternative_remedies"", ""ayurvedic_herbs"", ""yoga_and_physical_therapy""]"
kp_0285,Stroke,Stroke,स्ट्रोक,स्ट्रोक,स्ट्रोक,स्ट्रोक,"Sudden numbness, weakness, confusion, difficulty speaking","Sudden numbness, weakness, confusion, difficulty speaking","CT scan, MRI, Blood tests","CT scan, MRI, Blood tests",Severe,severe,Immediate treatment (acute phase),Immediate treatment (acute phase),"High blood pressure, Heart disease","High blood pressure, Heart disease","Blood thinners, Surgery","Blood thinners, Surgery","Hypertension, Smoking, Obesity, Age","Hypertension, Smoking, Obesity, Age","Hypertension, High cholesterol","Hypertension, High cholesterol",Irregular sleep,irregular sleep,High stress,high stress,Low,low,Family history of stroke,Family history of stroke,"Low-sodium, High-fiber diet","Low-sodium, High-fiber diet",None,,"Winter, Spring","winter, spring",Adult,adult,Both genders,all genders,Requires rehabilitation,Requires rehabilitation,Avoids stressors,Avoids stressors,None,,"Brahmi, Ashwagandha","Brahmi, Ashwagandha","Ashwagandha (5g), Brahmi (2g), Warm water (200ml)","Ashwagandha (5g), Brahmi (2g), Warm water (200ml)","Vata, Pitta","Vata, Pitta",Vata-Kapha,Vata-Kapha,Monitor blood pressure; focus on a balanced diet and regular exercise.,Monitor blood pressure; focus on a balanced diet and regular exercise.,"Physical therapy, Speech therapy","Physical therapy, Speech therapy","Clot-busting drugs, Surgery, Rehab","Clot-busting drugs, Surgery, Rehab",Maintain a healthy lifestyle,Maintain a healthy lifestyle,Recovery possible with treatment,Recovery possible with treatment,"Paralysis, Speech issues","Paralysis, Speech issues","Early medical intervention, Rehabilitation","Early medical intervention, Rehabilitation",stroke,"[""sudden numbness"", ""weakness"", ""confusion"", ""difficulty speaking""]",4,1,1,0,"[""allergies_food_env"", ""herbal_alternative_remedies""]"
kp_0286,Strongyloidiasis,Strongyloidiasis,स्ट्रॉन्गाइलोडियासिस,स्ट्रॉन्गाइलोडियासिस,स्ट्रॉन्गाइलोडियासिस,स्ट्रॉन्गाइलोडियासिस,"Abdominal pain, diarrhea, skin rashes, cough","Abdominal pain, diarrhea, skin rashes, cough","Stool test, Blood tests","Stool test, Blood tests",Severe,severe,1-2 weeks,1-2 weeks,"Parasitic infection, Poor sanitation","Parasitic infection, Poor sanitation",Antiparasitic drugs,Antiparasitic drugs,"Contaminated soil, Poor hygiene","Contaminated soil, Poor hygiene","Poor sanitation, Contaminated water","Poor sanitation, Contaminated water",Irregular sleep,irregular sleep,High stress,high stress,Low,low,No family history,No family history,"Hydrating, Low-sugar diet","Hydrating, Low-sugar diet",None,,Rainy season,rainy season,"Adult, Children","adult, children",Both genders,all genders,Avoids contaminated water,Avoids contaminated water,Avoids unsanitary areas,Avoids unsanitary areas,None,,None,,"Neem leaves (5-6), Garlic (2 cloves), Water (200ml)","Neem leaves (5-6), Garlic (2 cloves), Water (200ml)","Vata, Pitta","Vata, Pitta",Vata-Kapha,Vata-Kapha,Avoid contaminated water; increase fiber intake to support digestion.,Avoid contaminated water; increase fiber intake to support digestion.,None,,Antiparasitic drugs (Ivermectin),Antiparasitic drugs (Ivermectin),Avoid exposure to contaminated soil,Avoid exposure to contaminated soil,Treatable with antiparasitics,Treatable with antiparasitics,"Malnutrition, Organ damage","Malnutrition, Organ damage","Use proper sanitation, take prescribed drugs","Use proper sanitation, take prescribed drugs",strongyloidiasis,"[""abdominal pain"", ""diarrhea"", ""skin rashes"", ""cough""]",4,1,1,0,"[""allergies_food_env"", ""herbal_alternative_remedies"", ""ayurvedic_herbs"", ""yoga_and_physical_therapy""]"
kp_0287,Talaromycosis,Talaromycosis,टालारोमायकोसिस,टालारोमायकोसिस,टालारोमायकोसिस,टालारोमायकोसिस,"Fever, chest pain, difficulty breathing, skin lesions","Fever, chest pain, difficulty breathing, skin lesions","Blood tests, Fungal cultures","Blood tests, Fungal cultures",Moderate to Severe,moderate to severe,2-4 weeks,2-4 weeks,"Fungal infection, Immunocompromised","Fungal infection, Immunocompromised",Antifungal drugs,Antifungal drugs,"Immunocompromised state, Exposure to contaminated soil","Immunocompromised state, Exposure to contaminated soil","Hot, humid climate, Immunocompromised","Hot, humid climate, Immunocompromised",Irregular sleep,irregular sleep,High stress,high stress,Low,low,No family history,No family history,"Balanced, High-nutrient diet","Balanced, High-nutrient diet",None,,"Summer, Monsoon","summer, monsoon","Adult, Elderly","adult, elderly",Both genders,all genders,Avoids fungal exposure,Avoids fungal exposure,Uses mild skincare,Uses mild skincare,None,,None,,"Turmeric (1/2 tsp), Garlic (2 cloves), Warm water (200ml)","Turmeric (1/ 2 tsp), Garlic (2 cloves), Warm water (200ml)","Vata, Kapha","Vata, Kapha",Vata-Kapha,Vata-Kapha,"Focus on immunity; avoid damp, moldy environments.","Focus on immunity; avoid damp, moldy environments.",None,,"Antifungal drugs (e.g., Amphotericin B)","Antifungal drugs (e.g., Amphotericin B)",Use protective clothing when in contact with soil,Use protective clothing when in contact with soil,Treatable with antifungals,Treatable with antifungals,"Respiratory failure, Organ damage","Respiratory failure, Organ damage","Seek medical attention, avoid exposure","Seek medical attention, avoid exposure",talaromycosis,"[""fever"", ""chest pain"", ""difficulty breathing"", ""skin lesions""]",4,1,0,1,"[""allergies_food_env"", ""herbal_alternative_remedies"", ""ayurvedic_herbs"", ""yoga_and_physical_therapy""]"
kp_0288,Tay-Sachs Disease,Tay-Sachs Disease,टे-सैक्स रोग,टे-सैक्स रोग,टे-सैक्स रोग,टे-सैक्स रोग,"Progressive loss of motor skills, seizures, blindness","Progressive loss of motor skills, seizures, blindness","Genetic testing, Enzyme activity test","Genetic testing, Enzyme activity test",Severe,severe,Lifelong care,Lifelong care,"Genetic, Nervous system disorder","Genetic, Nervous system disorder","Symptom management, Supportive care","Symptom management, Supportive care",Genetic mutation (Autosomal recessive),Genetic mutation (Autosomal recessive),"Genetic, Early onset","Genetic, Early onset",Irregular sleep,irregular sleep,High stress,high stress,Low,low,Family history of genetic diseases,Family history of genetic diseases,"Low-fat, High-protein diet","Low-fat, High-protein diet",None,,All seasons,all seasons,Children,children,Both genders,all genders,Requires special care,Requires special care,Avoids stress,Avoids stress,None,,None,,"Brahmi (2g), Ashwagandha (5g), Warm water (200ml)","Brahmi (2g), Ashwagandha (5g), Warm water (200ml)","Vata, Pitta","Vata, Pitta",Vata-Prakriti,Vata-Prakriti,"Support cognitive and motor function; provide a balanced, nutritious diet.","Support cognitive and motor function; provide a balanced, nutritious diet.",None,,"Supportive care, Genetic counseling","Supportive care, Genetic counseling",Genetic counseling,Genetic counseling,"Fatal, typically by age 4","Fatal, typically by age 4",Neurological deterioration,Neurological deterioration,"Early genetic screening, supportive care","Early genetic screening, supportive care",tay sachs disease,"[""progressive loss of motor skills"", ""seizures"", ""blindness""]",3,1,1,0,"[""allergies_food_env"", ""herbal_alternative_remedies"", ""ayurvedic_herbs"", ""yoga_and_physical_therapy""]"
kp_0289,Tendinitis,Tendinitis,टेंडिनाइटिस,टेंडिनाइटिस,टेंडिनायटिस,टेंडिनायटिस,"Pain, swelling, and stiffness in tendons","Pain, swelling, and stiffness in tendons","Physical Exam, MRI, Ultrasound","Physical Exam, MRI, Ultrasound",Moderate to Severe,moderate to severe,1-6 weeks,1-6 weeks,"Overuse, Repetitive movement","Overuse, Repetitive movement","Anti-inflammatory drugs, Rest","Anti-inflammatory drugs, Rest","Repetitive Motion, Age, Overuse","Repetitive Motion, Age, Overuse","Repetitive strain, Physical activity","Repetitive strain, Physical activity",Irregular sleep,irregular sleep,High stress,high stress,Moderate to High,moderate to high,No family history,No family history,"Low-fat, High-protein diet","Low-fat, High-protein diet",None,,All seasons,all seasons,"Adult, Elderly","adult, elderly",Both genders,all genders,Requires physical therapy,Requires physical therapy,Avoids repetitive strain,Avoids repetitive strain,"Herbal Remedies, Ice, Massage","Herbal Remedies, Ice, Massage",None specific,None specific,"Ginger (2g), Turmeric (1/2 tsp), Warm water (200ml)","Ginger (2g), Turmeric (1/ 2 tsp), Warm water (200ml)","Vata, Pitta","Vata, Pitta",Vata-Kapha,Vata-Kapha,Focus on joint health; include anti-inflammatory foods like fish and turmeric.,Focus on joint health; include anti-inflammatory foods like fish and turmeric.,"Stretching, Strengthening Exercises","Stretching, Strengthening Exercises",Anti-inflammatory Medications,Anti-inflammatory Medications,"Avoid Overuse, Stretching, Warm-Up","Avoid Overuse, Stretching, Warm-Up",Can Be Managed with Treatment,Can Be Managed with Treatment,"Chronic Pain, Limited Mobility","Chronic Pain, Limited Mobility","Rest, Ice, Avoid Repetitive Motion","Rest, Ice, Avoid Repetitive Motion",tendinitis,"[""pain"", ""swelling"", ""and stiffness in tendons""]",3,1,1,0,"[""allergies_food_env""]"
kp_0290,Tetanus,Tetanus,टेटनस,टेटनस,टेटनस,टेटनस,"Muscle stiffness, spasms, difficulty swallowing","Muscle stiffness, spasms, difficulty swallowing","Physical Exam, Blood Tests","Physical Exam, Blood Tests",Severe,severe,1-2 weeks,1-2 weeks,"Injury, Poor hygiene","Injury, Poor hygiene","Tetanus vaccine, Antibiotics","Tetanus vaccine, Antibiotics","Wounds, Contaminated Objects","Wounds, Contaminated Objects","Poor hygiene, Puncture wounds","Poor hygiene, Puncture wounds",Irregular sleep,irregular sleep,High stress,high stress,Low,low,No family history,No family history,"Balanced, High-protein diet","Balanced, High-protein diet",None,,All seasons,all seasons,All ages,all ages,Both genders,all genders,Requires wound care,Requires wound care,Avoids exposure to dust,Avoids exposure to dust,None specific,None specific,None specific,None specific,"Garlic (2 cloves), Neem leaves (5-6), Warm water (200ml)","Garlic (2 cloves), Neem leaves (5-6), Warm water (200ml)","Vata, Kapha","Vata, Kapha",Vata-Kapha,Vata-Kapha,Maintain a clean environment; avoid injuries; focus on immune health.,Maintain a clean environment; avoid injuries; focus on immune health.,None specific,None specific,"Tetanus Antitoxin, Antibiotics","Tetanus Antitoxin, Antibiotics","Vaccination, Clean Wounds","Vaccination, Clean Wounds",Can Be Prevented with Vaccination,Can Be Prevented with Vaccination,"Muscle Spasms, Respiratory Issues","Muscle Spasms, Respiratory Issues","Vaccination, Clean Wounds","Vaccination, Clean Wounds",tetanus,"[""muscle stiffness"", ""spasms"", ""difficulty swallowing""]",3,1,0,1,"[""allergies_food_env""]"
kp_0291,Thalassemia,Thalassemia,थैलेसिमिया,थैलेसिमिया,थॅलेसिमिया,थॅलेसिमिया,"Fatigue, pale skin, enlarged spleen, slow growth","Fatigue, pale skin, enlarged spleen, slow growth","Blood Tests, Hemoglobin Electrophoresis","Blood Tests, Hemoglobin Electrophoresis",Severe,severe,Lifelong,Lifelong,"Genetic, Blood disorder","Genetic, Blood disorder","Blood transfusions, Iron chelation","Blood transfusions, Iron chelation","Genetic Mutations, Family History","Genetic Mutations, Family History","Genetic, Anemia","Genetic, Anemia",Irregular sleep,irregular sleep,Moderate stress,moderate stress,Low,low,Family history of thalassemia,Family history of thalassemia,"Low iron, High-protein diet","Low iron, High-protein diet",None,,All seasons,all seasons,"Children, Adults","children, adults",Both genders,all genders,Requires blood transfusions,Requires blood transfusions,Avoids stress,Avoids stress,None specific,None specific,None specific,None specific,"Fenugreek (3g), Triphala (1 tsp), Warm water (200ml)","Fenugreek (3g), Triphala (1 tsp), Warm water (200ml)","Vata, Pitta","Vata, Pitta",Vata-Kapha,Vata-Kapha,"Maintain iron levels; focus on a nutrient-rich diet, including leafy greens.","Maintain iron levels; focus on a nutrient-rich diet, including leafy greens.",None specific,None specific,"Blood Transfusion, Iron Chelation","Blood Transfusion, Iron Chelation","Genetic Counseling, Regular Monitoring","Genetic Counseling, Regular Monitoring",Can Be Managed with Treatment,Can Be Managed with Treatment,"Organ Damage, Iron Overload","Organ Damage, Iron Overload","Regular Monitoring, Blood Transfusions","Regular Monitoring, Blood Transfusions",thalassemia,"[""fatigue"", ""pale skin"", ""enlarged spleen"", ""slow growth""]",4,1,1,0,"[""allergies_food_env""]"
kp_0292,Toxocariasis,Toxocariasis,टोक्सोकारियासिस,टोक्सोकारियासिस,टोक्सोकारियासिस,टोक्सोकारियासिस,"Fever, abdominal pain, coughing, rash","Fever, abdominal pain, coughing, rash","Blood Tests, Imaging","Blood Tests, Imaging",Moderate to Severe,moderate to severe,1-6 months,1-6 months,"Parasitic infection, Pet contact","Parasitic infection, Pet contact",Antiparasitic drugs,Antiparasitic drugs,Contact with Infected Animals,Contact with Infected Animals,"Pet contact, Poor hygiene","Pet contact, Poor hygiene",Irregular sleep,irregular sleep,High stress,high stress,Low,low,No family history,No family history,"Balanced, High-fiber diet","Balanced, High-fiber diet",Pet allergens,Pet allergens,All seasons,all seasons,Children,children,Both genders,all genders,Avoids contact with pets,Avoids contact with pets,Avoids unclean areas,Avoids unclean areas,None specific,None specific,None specific,None specific,"Neem leaves (5-6), Turmeric (1/2 tsp), Warm water (200ml)","Neem leaves (5-6), Turmeric (1/ 2 tsp), Warm water (200ml)",Pitta,Pitta,Pitta-Prakriti,Pitta-Prakriti,Avoid exposure to contaminated soil; focus on digestive health.,Avoid exposure to contaminated soil; focus on digestive health.,None specific,None specific,Anthelmintic Medications,Anthelmintic Medications,"Good Hygiene, Avoid Animal Feces","Good Hygiene, Avoid Animal Feces",Can Be Managed with Medication,Can Be Managed with Medication,"Organ Damage, Eye Issues","Organ Damage, Eye Issues","Avoid Animal Feces, Good Hygiene","Avoid Animal Feces, Good Hygiene",toxocariasis,"[""fever"", ""abdominal pain"", ""coughing"", ""rash""]",4,0,1,0,[]
kp_0293,Toxoplasmosis,Toxoplasmosis,टोक्सोप्लास्मोसिस,टोक्सोप्लास्मोसिस,टोक्सोप्लास्मोसिस,टोक्सोप्लास्मोसिस,"Flu-like symptoms, muscle pain, rash","Flu-like symptoms, muscle pain, rash","Blood Tests, Serology Tests","Blood Tests, Serology Tests",Severe,severe,1-2 months,1-2 months,"Parasitic infection, Cat contact","Parasitic infection, Cat contact",Antiparasitic drugs,Antiparasitic drugs,"Contact with Infected Animals, Raw Meat","Contact with Infected Animals, Raw Meat","Cat contact, Undercooked meat","Cat contact, Undercooked meat",Irregular sleep,irregular sleep,High stress,high stress,Low,low,Family history of infections,Family history of infections,"Low-fat, High-protein diet","Low-fat, High-protein diet",Cat allergens,Cat allergens,All seasons,all seasons,"Adults, Pregnant women","adults, pregnant women",Both genders,all genders,Avoids undercooked meat,Avoids undercooked meat,Avoids cat litter,Avoids cat litter,None specific,None specific,None specific,None specific,"Garlic (2 cloves), Turmeric (1/2 tsp), Warm water (200ml)","Garlic (2 cloves), Turmeric (1/ 2 tsp), Warm water (200ml)","Vata, Pitta","Vata, Pitta",Vata-Kapha,Vata-Kapha,Focus on immune-boosting foods; avoid raw meats and contaminated water.,Focus on immune-boosting foods; avoid raw meats and contaminated water.,None specific,None specific,Antiprotozoal Medications,Antiprotozoal Medications,"Avoid Raw Meat, Cook Meat Well","Avoid Raw Meat, Cook Meat Well",Can Be Managed with Medication,Can Be Managed with Medication,"Neurological Issues, Eye Damage","Neurological Issues, Eye Damage","Avoid Raw Meat, Good Hygiene","Avoid Raw Meat, Good Hygiene",toxoplasmosis,"[""flu-like symptoms"", ""muscle pain"", ""rash""]",3,1,1,0,[]
kp_0294,Trachoma,Trachoma,ट्राकोमा,ट्राकोमा,ट्राकोमा,ट्राकोमा,"Eye irritation, swelling, blurred vision","Eye irritation, swelling, blurred vision","Physical Exam, Eye Swab","Physical Exam, Eye Swab",Moderate to Severe,moderate to severe,1-2 weeks,1-2 weeks,"Bacterial infection, Poor hygiene","Bacterial infection, Poor hygiene","Antibiotics, Surgery (advanced cases)","Antibiotics, Surgery (advanced cases)","Poor Sanitation, Lack of Hygiene","Poor Sanitation, Lack of Hygiene","Poor sanitation, Dusty environment","Poor sanitation, Dusty environment",Irregular sleep,irregular sleep,High stress,high stress,Low,low,Family history of eye conditions,Family history of eye conditions,"Balanced, High-fiber diet","Balanced, High-fiber diet","Dust, Pollen","Dust, Pollen",All seasons,all seasons,All ages,all ages,Both genders,all genders,Requires hygiene practices,Requires hygiene practices,Avoids eye strain,Avoids eye strain,None specific,None specific,None specific,None specific,"Aloe Vera (2 tsp), Neem leaves (5-6), Water (as needed)","Aloe Vera (2 tsp), Neem leaves (5-6), Water (as needed)",Pitta,Pitta,Pitta-Prakriti,Pitta-Prakriti,Practice eye hygiene; avoid sharing towels; use protective eyewear.,Practice eye hygiene; avoid sharing towels; use protective eyewear.,None specific,None specific,"Antibiotics, Surgery","Antibiotics, Surgery","Good Hygiene, Safe Water","Good Hygiene, Safe Water",Can Be Prevented with Hygiene,Can Be Prevented with Hygiene,"Blindness, Eyelid Deformities","Blindness, Eyelid Deformities","Good Hygiene, Regular Eye Checks","Good Hygiene, Regular Eye Checks",trachoma,"[""eye irritation"", ""swelling"", ""blurred vision""]",3,0,1,0,[]
kp_0295,Trichinellosis,Trichinellosis,ट्राइकिनेलोसिस,ट्राइकिनेलोसिस,ट्राइकिनेलोसिस,ट्राइकिनेलोसिस,"Muscle pain, fever, swelling, headache","Muscle pain, fever, swelling, headache","Blood Tests, Muscle Biopsy","Blood Tests, Muscle Biopsy",Severe,severe,2-4 weeks,2-4 weeks,"Parasitic infection, Undercooked meat","Parasitic infection, Undercooked meat",Antiparasitic drugs,Antiparasitic drugs,Consumption of Undercooked Meat,Consumption of Undercooked Meat,Undercooked pork or wild meat,Undercooked pork or wild meat,Irregular sleep,irregular sleep,High stress,high stress,Low,low,No family history,No family history,"Low-fat, High-protein diet","Low-fat, High-protein diet",None,,"Winter, Summer","winter, summer",Adults,adults,Both genders,all genders,Avoids undercooked meat,Avoids undercooked meat,Avoids unsanitary areas,Avoids unsanitary areas,None specific,None specific,None specific,None specific,"Turmeric (1/2 tsp), Garlic (2 cloves), Warm water (200ml)","Turmeric (1/ 2 tsp), Garlic (2 cloves), Warm water (200ml)","Vata, Kapha","Vata, Kapha",Vata-Kapha,Vata-Kapha,Avoid undercooked pork; maintain good digestive health.,Avoid undercooked pork; maintain good digestive health.,None specific,None specific,Anthelmintic Medications,Anthelmintic Medications,Cook Meat Thoroughly,Cook Meat Thoroughly,Can Be Managed with Medication,Can Be Managed with Medication,"Muscle Pain, Breathing Issues","Muscle Pain, Breathing Issues","Cook Meat Thoroughly, Good Hygiene","Cook Meat Thoroughly, Good Hygiene",trichinellosis,"[""muscle pain"", ""fever"", ""swelling"", ""headache""]",4,1,0,1,"[""allergies_food_env""]"
kp_0296,Trichuriasis,Trichuriasis,ट्रिचुरियासिस,ट्रिचुरियासिस,ट्रिचुरियासिस,ट्रिचुरियासिस,"Abdominal pain, diarrhea, blood in stool","Abdominal pain, diarrhea, blood in stool","Stool Tests, Blood Tests","Stool Tests, Blood Tests",Moderate to Severe,moderate to severe,1-2 weeks,1-2 weeks,"Parasitic infection, Poor sanitation","Parasitic infection, Poor sanitation",Antiparasitic drugs,Antiparasitic drugs,Contact with Contaminated Soil,Contact with Contaminated Soil,"Poor sanitation, Contaminated water","Poor sanitation, Contaminated water",Irregular sleep,irregular sleep,High stress,high stress,Low,low,No family history,No family history,"Hydrating, Low-sugar diet","Hydrating, Low-sugar diet",None,,Rainy season,rainy season,Children,children,Both genders,all genders,Avoids contaminated water,Avoids contaminated water,Avoids unsanitary areas,Avoids unsanitary areas,None specific,None specific,None specific,None specific,"Neem leaves (5-6), Garlic (2 cloves), Warm water (200ml)","Neem leaves (5-6), Garlic (2 cloves), Warm water (200ml)","Vata, Pitta","Vata, Pitta",Vata-Kapha,Vata-Kapha,Avoid contaminated water and food; support digestive health with fiber.,Avoid contaminated water and food; support digestive health with fiber.,None specific,None specific,Anthelmintic Medications,Anthelmintic Medications,"Good Hygiene, Sanitation","Good Hygiene, Sanitation",Can Be Managed with Medication,Can Be Managed with Medication,"Abdominal Pain, Diarrhea","Abdominal Pain, Diarrhea","Good Hygiene, Safe Water","Good Hygiene, Safe Water",trichuriasis,"[""abdominal pain"", ""diarrhea"", ""blood in stool""]",3,1,1,0,"[""allergies_food_env""]"
kp_0297,Tuberculosis,Tuberculosis,तपेदिक,तपेदिक,क्षय रोग,क्षय रोग,"Persistent cough, chest pain, fatigue, night sweats","Persistent cough, chest pain, fatigue, night sweats","Chest X-ray, Sputum Test, Blood Tests","Chest X-ray, Sputum Test, Blood Tests",Severe,severe,6-12 months,6-12 months,"Respiratory infection, Poor hygiene","Respiratory infection, Poor hygiene",Antibiotics,Antibiotics,"Close Contact, Poor Sanitation","Close Contact, Poor Sanitation","Poor hygiene, Close contact","Poor hygiene, Close contact",Irregular sleep,irregular sleep,High stress,high stress,Low,low,Family history of TB,Family history of TB,"Low-fat, High-protein diet","Low-fat, High-protein diet","Dust, Air pollutants","Dust, Air pollutants",All seasons,all seasons,"Adults, Elderly","adults, elderly",Both genders,all genders,Requires medication regimen,Requires medication regimen,Avoids crowded areas,Avoids crowded areas,None specific,None specific,None specific,None specific,"Neem leaves (5-6), Turmeric (1/2 tsp), Warm water (200ml)","Neem leaves (5-6), Turmeric (1/ 2 tsp), Warm water (200ml)",Pitta,Pitta,Pitta-Prakriti,Pitta-Prakriti,Follow a TB treatment plan; avoid smoking and focus on lung health.,Follow a TB treatment plan; avoid smoking and focus on lung health.,Breathing Exercises,Breathing Exercises,Antibiotics,Antibiotics,"Good Hygiene, Vaccination","Good Hygiene, Vaccination",Can Be Managed with Treatment,Can Be Managed with Treatment,"Lung Damage, Drug Resistance","Lung Damage, Drug Resistance","Regular Monitoring, Complete Course","Regular Monitoring, Complete Course",tuberculosis,"[""persistent cough"", ""chest pain"", ""fatigue"", ""night sweats""]",4,0,1,0,[]
kp_0298,Tularemia,Tularemia,टुलारेमिया,टुलारेमिया,टुलारेमिया,टुलारेमिया,"Fever, fatigue, swollen lymph nodes, cough","Fever, fatigue, swollen lymph nodes, cough","Blood Tests, PCR Test","Blood Tests, PCR Test",Severe,severe,1-2 weeks,1-2 weeks,"Animal contact, Insect bites","Animal contact, Insect bites",Antibiotics,Antibiotics,Contact with Infected Animals,Contact with Infected Animals,"Animal contact, Insect bites","Animal contact, Insect bites",Irregular sleep,irregular sleep,High stress,high stress,Low,low,No family history,No family history,"Balanced, High-protein diet","Balanced, High-protein diet",None,,"Spring, Summer","spring, summer","Adults, Children","adults, children",Both genders,all genders,Avoids insect exposure,Avoids insect exposure,Avoids animal contact,Avoids animal contact,None specific,None specific,None specific,None specific,"Ashwagandha (5g), Neem leaves (5-6), Warm water (200ml)","Ashwagandha (5g), Neem leaves (5-6), Warm water (200ml)","Vata, Pitta","Vata, Pitta",Vata-Kapha,Vata-Kapha,Focus on boosting immunity; avoid insect bites and infected animals.,Focus on boosting immunity; avoid insect bites and infected animals.,None specific,None specific,Antibiotics,Antibiotics,"Avoid Animal Contact, Good Hygiene","Avoid Animal Contact, Good Hygiene",Can Be Managed with Medication,Can Be Managed with Medication,"Organ Damage, Fever","Organ Damage, Fever","Avoid Animal Contact, Good Hygiene","Avoid Animal Contact, Good Hygiene",tularemia,"[""fever"", ""fatigue"", ""swollen lymph nodes"", ""cough""]",4,1,1,0,"[""allergies_food_env""]"
kp_0299,Tungiasis,Tungiasis,टंगियासिस,टंगियासिस,टंगियासिस,टंगियासिस,"Intense itching, swelling, presence of sand fleas","Intense itching, swelling, presence of sand fleas","Physical Exam, Skin Biopsy","Physical Exam, Skin Biopsy",Moderate to Severe,moderate to severe,1-2 weeks,1-2 weeks,"Parasitic infection, Sand flea","Parasitic infection, Sand flea",Antiparasitic drugs,Antiparasitic drugs,Walking Barefoot in Contaminated Areas,Walking Barefoot in Contaminated Areas,Sand flea exposure,Sand flea exposure,Irregular sleep,irregular sleep,High stress,high stress,Low,low,No family history,No family history,"Low-fat, High-protein diet","Low-fat, High-protein diet",None,,All seasons,all seasons,All ages,all ages,Both genders,all genders,Avoids sand flea exposure,Avoids sand flea exposure,Avoids unsanitary areas,Avoids unsanitary areas,None specific,None specific,None specific,None specific,"Turmeric (1/2 tsp), Neem leaves (5-6), Water (as needed)","Turmeric (1/ 2 tsp), Neem leaves (5-6), Water (as needed)",Pitta,Pitta,Pitta-Prakriti,Pitta-Prakriti,Avoid walking barefoot in sandy areas; focus on skin health.,Avoid walking barefoot in sandy areas; focus on skin health.,None specific,None specific,"Removal of Parasite, Topical Medications","Removal of Parasite, Topical Medications",Avoid Walking Barefoot in Contaminated Areas,Avoid Walking Barefoot in Contaminated Areas,Can Be Managed with Treatment,Can Be Managed with Treatment,"Secondary Infections, Skin Damage","Secondary Infections, Skin Damage",Avoid Walking Barefoot in Contaminated Areas,Avoid Walking Barefoot in Contaminated Areas,tungiasis,"[""intense itching"", ""swelling"", ""presence of sand fleas""]",3,0,1,0,"[""allergies_food_env""]"
kp_0300,Type 1 Diabetes,Type 1 Diabetes,टाइप 1 डायबिटीज,टाइप 1 डायबिटीज,टाइप 1 डायबिटीज,टाइप 1 डायबिटीज,"Increased thirst, frequent urination, weight loss","Increased thirst, frequent urination, weight loss","Blood Tests, Urine Tests","Blood Tests, Urine Tests",Severe,severe,Lifelong,Lifelong,"Genetic, Insulin deficiency","Genetic, Insulin deficiency","Insulin therapy, Diabetes meds","Insulin therapy, Diabetes meds","Genetics, Autoimmune Issues","Genetics, Autoimmune Issues","Poor diet, Lack of exercise","Poor diet, Lack of exercise",Irregular sleep,irregular sleep,High stress,high stress,Low,low,Family history of diabetes,Family history of diabetes,"Low-carb, High-protein diet","Low-carb, High-protein diet",None,,All seasons,all seasons,"Children, Adults","children, adults",Both genders,all genders,Requires monitoring glucose levels,Requires monitoring glucose levels,Avoids sugary foods,Avoids sugary foods,"Herbal Remedies, Diet Changes","Herbal Remedies, Diet Changes","Bitter Melon, Gymnema Sylvestre","Bitter Melon, Gymnema Sylvestre","Fenugreek (3g), Cinnamon (1/2 tsp), Warm water (200ml)","Fenugreek (3g), Cinnamon (1/ 2 tsp), Warm water (200ml)","Kapha, Pitta","Pitta, Kapha",Kapha-Pitta,Kapha-Pitta,"Focus on a low-carb, high-fiber diet; maintain regular physical activity.","Focus on a low-carb, high-fiber diet; maintain regular physical activity.",Regular Exercise,Regular Exercise,"Insulin Therapy, Blood Sugar Monitoring","Insulin Therapy, Blood Sugar Monitoring","Healthy Diet, Regular Exercise","Healthy Diet, Regular Exercise",Can Be Managed with Insulin Therapy,Can Be Managed with Insulin Therapy,"Heart Disease, Nerve Damage","Heart Disease, Nerve Damage","Regular Monitoring, Insulin Therapy","Regular Monitoring, Insulin Therapy",type 1 diabetes,"[""increased thirst"", ""frequent urination"", ""weight loss""]",3,0,1,1,"[""allergies_food_env""]"
kp_0301,Typhus,Typhus,टायफस,टायफस,टायफस,टायफस,"Fever, rash, headache, muscle aches","Fever, rash, headache, muscle aches","Blood Tests, Serology Tests","Blood Tests, Serology Tests",Severe,severe,1-2 weeks,1-2 weeks,"Bacterial infection, Lice or flea bites","Bacterial infection, Lice or flea bites",Antibiotics,Antibiotics,Contact with Infected Fleas,Contact with Infected Fleas,"Poor hygiene, Insect exposure","Poor hygiene, Insect exposure",Irregular sleep,irregular sleep,High stress,high stress,Low,low,No family history,No family history,"Balanced, High-fiber diet","Balanced, High-fiber diet",Lice allergens,Lice allergens,Rainy season,rainy season,All ages,all ages,Both genders,all genders,Avoids insect bites,Avoids insect bites,Avoids unsanitary areas,Avoids unsanitary areas,None specific,None specific,None specific,None specific,"Neem leaves (5-6), Garlic (2 cloves), Warm water (200ml)","Neem leaves (5-6), Garlic (2 cloves), Warm water (200ml)",Pitta,Pitta,Pitta-Prakriti,Pitta-Prakriti,Stay hydrated; maintain good hygiene and avoid contaminated environments.,Stay hydrated; maintain good hygiene and avoid contaminated environments.,None specific,None specific,Antibiotics,Antibiotics,"Avoid Flea Bites, Good Hygiene","Avoid Flea Bites, Good Hygiene",Can Be Managed with Medication,Can Be Managed with Medication,"Organ Damage, Sepsis","Organ Damage, Sepsis","Avoid Flea Bites, Good Hygiene","Avoid Flea Bites, Good Hygiene",typhus,"[""fever"", ""rash"", ""headache"", ""muscle aches""]",4,0,1,0,[]
kp_0302,Ulcerative Colitis,Ulcerative Colitis,अल्सरेटिव कोलाइटिस,अल्सरेटिव कोलाइटिस,अल्सरेटिव कोलाइटिस,अल्सरेटिव कोलाइटिस,"Abdominal pain, diarrhea, blood in stool","Abdominal pain, diarrhea, blood in stool","Colonoscopy, Blood Tests","Colonoscopy, Blood Tests",Severe,severe,Lifelong,Lifelong,"Autoimmune, Digestive issues","Autoimmune, Digestive issues","Anti-inflammatory drugs, Immunosuppressants","Anti-inflammatory drugs, Immunosuppressants","Genetics, Infections","Genetics, Infections","Poor diet, Stress, Genetics","Poor diet, Stress, Genetics",Irregular sleep,irregular sleep,High stress,high stress,Moderate to low,low to moderate,Family history of UC,Family history of UC,"Low-fat, High-protein diet","Low-fat, High-protein diet",Dairy allergens,Dairy allergens,All seasons,all seasons,Adults,adults,Both genders,all genders,Requires stress management,Requires stress management,Avoids spicy foods,Avoids spicy foods,None specific,None specific,None specific,None specific,"Triphala (1 tsp), Ginger (2g), Warm water (200ml)","Triphala (1 tsp), Ginger (2g), Warm water (200ml)","Vata, Pitta","Vata, Pitta",Vata-Kapha,Vata-Kapha,Focus on gut health; avoid spicy foods and processed sugars.,Focus on gut health; avoid spicy foods and processed sugars.,None specific,None specific,"Anti-inflammatory Medications, Surgery","Anti-inflammatory Medications, Surgery","Healthy Diet, Stress Management","Healthy Diet, Stress Management",Can Be Managed with Medication,Can Be Managed with Medication,"Colon Cancer, Bowel Perforation","Colon Cancer, Bowel Perforation","Regular Monitoring, Healthy Diet","Regular Monitoring, Healthy Diet",ulcerative colitis,"[""abdominal pain"", ""diarrhea"", ""blood in stool""]",3,1,1,0,[]
kp_0303,Urinary Tract Infections (UTIs),Urinary Tract Infections (UTIs),मूत्र मार्ग संक्रमण,मूत्र मार्ग संक्रमण,मूत्र मार्ग संसर्ग,मूत्र मार्ग संसर्ग,"Painful urination, frequent urge to urinate, cloudy urine","Painful urination, frequent urge to urinate, cloudy urine","Urine Test, Urine Culture","Urine Test, Urine Culture",Moderate to Severe,moderate to severe,1-2 weeks,1-2 weeks,"Bacterial infection, Poor hygiene","Bacterial infection, Poor hygiene",Antibiotics,Antibiotics,"Female Anatomy, Sexual Activity","Female Anatomy, Sexual Activity","Poor hygiene, Dehydration","Poor hygiene, Dehydration",Irregular sleep,irregular sleep,High stress,high stress,Low,low,No family history,No family history,"Hydrating, Low-sugar diet","Hydrating, Low-sugar diet",None,,All seasons,all seasons,"Adults, Elderly","adults, elderly",Both genders,all genders,Avoids holding urine,Avoids holding urine,Avoids caffeinated drinks,Avoids caffeinated drinks,"Herbal Remedies, Cranberry Juice","Herbal Remedies, Cranberry Juice",None specific,None specific,"Cranberry juice (200ml), D-mannose (2g)","Cranberry juice (200ml), D-mannose (2g)",Pitta,Pitta,Vata-Kapha,Vata-Kapha,"Stay hydrated, avoid acidic foods, maintain proper hygiene.","Stay hydrated, avoid acidic foods, maintain proper hygiene.",None specific,None specific,Antibiotics,Antibiotics,"Good Hygiene, Urination after Sex","Good Hygiene, Urination after Sex",Can Be Managed with Medication,Can Be Managed with Medication,"Kidney Damage, Recurrent Infections","Kidney Damage, Recurrent Infections","Regular Hygiene, Proper Hydration","Regular Hygiene, Proper Hydration",urinary tract infections utis,"[""painful urination"", ""frequent urge to urinate"", ""cloudy urine""]",3,0,1,0,"[""allergies_food_env""]"
kp_0304,Vitiligo,Vitiligo,विटिलिगो,विटिलिगो,विटिलिगो,विटिलिगो,"Loss of skin pigment, white patches on skin","Loss of skin pigment, white patches on skin","Physical Exam, Skin Biopsy","Physical Exam, Skin Biopsy",Mild to Severe,mild to severe,Lifelong,Lifelong,"Autoimmune, Genetic","Autoimmune, Genetic","Topical corticosteroids, UV therapy","Topical corticosteroids, UV therapy","Genetics, Autoimmune Issues","Genetics, Autoimmune Issues","Sun exposure, Stress","Sun exposure, Stress",Irregular sleep,irregular sleep,High stress,high stress,Low,low,Family history of autoimmune conditions,Family history of autoimmune conditions,"Balanced, High-protein diet","Balanced, High-protein diet",None,,All seasons,all seasons,All ages,all ages,Both genders,all genders,Requires sun protection,Requires sun protection,Avoids skin irritation,Avoids skin irritation,"Herbal Remedies, Sun Exposure","Herbal Remedies, Sun Exposure",None specific,None specific,"Grape seed extract (2g), Turmeric (1/2 tsp)","Grape seed extract (2g), Turmeric (1/ 2 tsp)",Pitta,Pitta,Pitta-Kapha,Pitta-Kapha,"Protect skin from sun exposure, consume anti-inflammatory foods.","Protect skin from sun exposure, consume anti-inflammatory foods.",None specific,None specific,"Topical Steroids, Phototherapy","Topical Steroids, Phototherapy","Sun Protection, Avoid Stress","Sun Protection, Avoid Stress",Can Be Managed with Treatment,Can Be Managed with Treatment,"Skin Sensitivity, Psychological Issues","Skin Sensitivity, Psychological Issues","Sun Protection, Stress Management","Sun Protection, Stress Management",vitiligo,"[""loss of skin pigment"", ""white patches on skin""]",2,0,1,0,"[""allergies_food_env""]"
kp_0305,West Nile Virus,West Nile Virus,वेस्ट नाइल वायरस,वेस्ट नाइल वायरस,वेस्ट नाइल वायरस,वेस्ट नाइल वायरस,"Fever, headache, body aches, rash","Fever, headache, body aches, rash","Blood Tests, CSF Analysis","Blood Tests, CSF Analysis",Moderate to Severe,moderate to severe,1-2 weeks,1-2 weeks,Mosquito-borne virus,Mosquito-borne virus,Antiviral drugs (if needed),Antiviral drugs (if needed),Mosquito Bites,Mosquito Bites,"Mosquito exposure, Warm climates","Mosquito exposure, Warm climates",Irregular sleep,irregular sleep,High stress,high stress,Low,low,No family history,No family history,"Balanced, Hydrating diet","Balanced, Hydrating diet",None,,"Summer, Monsoon","summer, monsoon",All ages,all ages,Both genders,all genders,Avoids mosquito bites,Avoids mosquito bites,Avoids standing water,Avoids standing water,None specific,None specific,None specific,None specific,"Turmeric (1/2 tsp), Ginger (2g), Warm water (200ml)","Turmeric (1/ 2 tsp), Ginger (2g), Warm water (200ml)",Pitta,Pitta,Vata-Kapha,Vata-Kapha,"Avoid mosquito exposure, boost immunity with vitamin C and antioxidants.","Avoid mosquito exposure, boost immunity with vitamin C and antioxidants.",None specific,None specific,"Supportive Care, Antiviral Medications","Supportive Care, Antiviral Medications","Avoid Mosquito Bites, Use Repellent","Avoid Mosquito Bites, Use Repellent",Can Be Managed with Medication,Can Be Managed with Medication,"Neurological Damage, Death","Neurological Damage, Death","Avoid Mosquito Bites, Use Repellent","Avoid Mosquito Bites, Use Repellent",west nile virus,"[""fever"", ""headache"", ""body aches"", ""rash""]",4,0,1,0,"[""allergies_food_env""]"
kp_0306,Wilson's Disease,Wilson's Disease,विल्सन रोग,विल्सन रोग,विल्सन रोग,विल्सन रोग,"Fatigue, tremors, jaundice, psychiatric symptoms","Fatigue, tremors, jaundice, psychiatric symptoms","Blood Tests, Liver Biopsy, Genetic Testing","Blood Tests, Liver Biopsy, Genetic Testing",Severe,severe,Lifelong,Lifelong,"Genetic, Copper accumulation","Genetic, Copper accumulation",Copper chelation therapy,Copper chelation therapy,"Genetic Mutations, Family History","Genetic Mutations, Family History","Genetic, Liver dysfunction","Genetic, Liver dysfunction",Irregular sleep,irregular sleep,High stress,high stress,Low,low,Family history of Wilson's disease,Family history of Wilson's disease,Low-copper diet,Low-copper diet,None,,All seasons,all seasons,"Adults, Children","adults, children",Both genders,all genders,Requires copper monitoring,Requires copper monitoring,Avoids copper-rich foods,Avoids copper-rich foods,None specific,None specific,None specific,None specific,"Dandelion root (1 tsp), Turmeric (1/2 tsp), Warm water (200ml)","Dandelion root (1 tsp), Turmeric (1/ 2 tsp), Warm water (200ml)",Pitta,Pitta,Pitta-Vata,Pitta-Vata,"Avoid copper-rich foods (e.g., shellfish), follow a liver-supporting diet.","Avoid copper-rich foods (e.g., shellfish), follow a liver-supporting diet.",None specific,None specific,"Chelating Agents, Liver Transplant","Chelating Agents, Liver Transplant","Genetic Counseling, Early Diagnosis","Genetic Counseling, Early Diagnosis",Can Be Managed with Treatment,Can Be Managed with Treatment,"Liver Failure, Neurological Damage","Liver Failure, Neurological Damage","Early Diagnosis, Regular Monitoring","Early Diagnosis, Regular Monitoring",wilson s disease,"[""fatigue"", ""tremors"", ""jaundice"", ""psychiatric symptoms""]",4,0,1,0,"[""allergies_food_env""]"
kp_0307,Yaws,Yaws,यॉज,यॉज,यॉज,यॉज,"Skin ulcers, bone pain, fever, swelling","Skin ulcers, bone pain, fever, swelling","Physical Exam, Skin Tests","Physical Exam, Skin Tests",Moderate to Severe,moderate to severe,1-2 weeks,1-2 weeks,"Bacterial infection, Skin contact","Bacterial infection, Skin contact",Antibiotics (penicillin),Antibiotics (penicillin),"Poor Sanitation, Lack of Hygiene","Poor Sanitation, Lack of Hygiene","Poor hygiene, Tropical areas","Poor hygiene, Tropical areas",Irregular sleep,irregular sleep,High stress,high stress,Low,low,No family history,No family history,"Balanced, High-protein diet","Balanced, High-protein diet",None,,Tropical season,tropical season,Children,children,Both genders,all genders,Avoids skin contact,Avoids skin contact,Avoids contaminated water,Avoids contaminated water,None specific,None specific,None specific,None specific,"Neem leaves (5-6), Turmeric (1/2 tsp), Water (as needed)","Neem leaves (5-6), Turmeric (1/ 2 tsp), Water (as needed)",Pitta,Pitta,Pitta-Kapha,Pitta-Kapha,"Maintain hygiene, use anti-inflammatory foods and avoid scratching.","Maintain hygiene, use anti-inflammatory foods and avoid scratching.",None specific,None specific,Antibiotics,Antibiotics,"Good Hygiene, Safe Water","Good Hygiene, Safe Water",Can Be Managed with Medication,Can Be Managed with Medication,"Skin Lesions, Bone Deformities","Skin Lesions, Bone Deformities","Good Hygiene, Regular Monitoring","Good Hygiene, Regular Monitoring",yaws,"[""skin ulcers"", ""bone pain"", ""fever"", ""swelling""]",4,0,1,0,"[""allergies_food_env""]"
kp_0308,Yellow Fever,Yellow Fever,पीला बुखार,पीला बुखार,पिवळा ताप,पिवळा ताप,"Fever, chills, headache, nausea, jaundice","Fever, chills, headache, nausea, jaundice","Blood Tests, Serology Tests","Blood Tests, Serology Tests",Severe,severe,2-4 weeks,2-4 weeks,"Viral infection, Mosquito bites","Viral infection, Mosquito bites","Antiviral drugs, Supportive care","Antiviral drugs, Supportive care",Mosquito Bites,Mosquito Bites,"Mosquito exposure, Warm climates","Mosquito exposure, Warm climates",Irregular sleep,irregular sleep,High stress,high stress,Low,low,Family history of yellow fever,Family history of yellow fever,"Low-fat, High-protein diet","Low-fat, High-protein diet",Mosquito allergens,Mosquito allergens,"Summer, Rainy season","summer, rainy season",All ages,all ages,Both genders,all genders,Requires mosquito protection,Requires mosquito protection,Avoids unprotected outdoor activity,Avoids unprotected outdoor activity,None specific,None specific,None specific,None specific,"Papaya leaf extract (2 tsp), Neem leaves (5-6), Water (200ml)","Papaya leaf extract (2 tsp), Neem leaves (5-6), Water (200ml)",Pitta,Pitta,Pitta-Kapha,Pitta-Kapha,"Avoid mosquito bites, stay hydrated, and rest to support recovery.","Avoid mosquito bites, stay hydrated, and rest to support recovery.",None specific,None specific,"Vaccination, Supportive Care","Vaccination, Supportive Care","Vaccination, Avoid Mosquito Bites","Vaccination, Avoid Mosquito Bites",Can Be Prevented with Vaccination,Can Be Prevented with Vaccination,"Organ Damage, Bleeding","Organ Damage, Bleeding","Vaccination, Avoid Mosquito Bites","Vaccination, Avoid Mosquito Bites",yellow fever,"[""fever"", ""chills"", ""headache"", ""nausea"", ""jaundice""]",5,0,1,0,[]
kp_0309,Zika Virus,Zika Virus,जीका वायरस,जीका वायरस,जीका वायरस,जीका वायरस,"Fever, rash, joint pain, conjunctivitis","Fever, rash, joint pain, conjunctivitis","Blood Tests, Urine Tests","Blood Tests, Urine Tests",Mild to Moderate,mild to moderate,1-2 weeks,1-2 weeks,Mosquito-borne virus,Mosquito-borne virus,"Supportive care, Antiviral drugs","Supportive care, Antiviral drugs",Mosquito Bites,Mosquito Bites,"Mosquito exposure, Tropical regions","Mosquito exposure, Tropical regions",Irregular sleep,irregular sleep,High stress,high stress,Low,low,No family history,No family history,"Hydrating, Low-sugar diet","Hydrating, Low-sugar diet",Mosquito allergens,Mosquito allergens,Rainy season,rainy season,"Adults, Pregnant women","adults, pregnant women",Both genders,all genders,Avoids mosquito bites,Avoids mosquito bites,Avoids traveling to endemic areas,Avoids traveling to endemic areas,None specific,None specific,None specific,None specific,"Papaya leaf juice (50ml), Ginger (2g), Warm water (200ml)","Papaya leaf juice (50ml), Ginger (2g), Warm water (200ml)",Pitta,Pitta,Vata-Kapha,Vata-Kapha,"Avoid mosquito bites, stay indoors during peak mosquito activity.","Avoid mosquito bites, stay indoors during peak mosquito activity.",None specific,None specific,"Supportive Care, Antiviral Medications","Supportive Care, Antiviral Medications","Avoid Mosquito Bites, Use Repellent","Avoid Mosquito Bites, Use Repellent",Can Be Managed with Medication,Can Be Managed with Medication,"Birth Defects, Neurological Issues","Birth Defects, Neurological Issues","Avoid Mosquito Bites, Use Repellent","Avoid Mosquito Bites, Use Repellent",zika virus,"[""fever"", ""rash"", ""joint pain"", ""conjunctivitis""]",4,0,1,0,[]
kp_0310,Zoonotic Malaria,Zoonotic Malaria,जोनोटिक मलेरिया,जोनोटिक मलेरिया,जोनोटिक मलेरिया,जोनोटिक मलेरिया,"Fever, chills, body aches, headache","Fever, chills, body aches, headache","Blood Smear, PCR Test","Blood Smear, PCR Test",Moderate to Severe,moderate to severe,1-2 weeks,1-2 weeks,Malaria caused by zoonotic transmission,Malaria caused by zoonotic transmission,Antimalarial drugs,Antimalarial drugs,Mosquito Bites,Mosquito Bites,"Poor sanitation, Mosquito exposure","Poor sanitation, Mosquito exposure",Irregular sleep,irregular sleep,High stress,high stress,Low,low,Family history of malaria,Family history of malaria,"High-protein, Low-carb diet","High-protein, Low-carb diet",Mosquito allergens,Mosquito allergens,Monsoon season,monsoon season,All ages,all ages,Both genders,all genders,Avoids mosquito-infested areas,Avoids mosquito-infested areas,Avoids stagnant water,Avoids stagnant water,None specific,None specific,None specific,None specific,"Neem leaves (5-6), Turmeric (1/2 tsp), Warm water (200ml)","Neem leaves (5-6), Turmeric (1/ 2 tsp), Warm water (200ml)",Pitta,Pitta,Kapha-Pitta,Kapha-Pitta,"Prevent mosquito bites, maintain a clean environment, boost immunity.","Prevent mosquito bites, maintain a clean environment, boost immunity.",None specific,None specific,Antimalarial Medications,Antimalarial Medications,"Use Mosquito Nets, Antimalarial Drugs","Use Mosquito Nets, Antimalarial Drugs",Can Be Managed with Medication,Can Be Managed with Medication,"Organ Damage, Anemia","Organ Damage, Anemia","Use Mosquito Nets, Antimalarial Drugs","Use Mosquito Nets, Antimalarial Drugs",zoonotic malaria,"[""fever"", ""chills"", ""body aches"", ""headache""]",4,0,1,0,[]
kp_0311,Thyroid Disorders,Thyroid Disorders,थायरॉयड विकार,थायरॉयड विकार,थायरॉयड विकार,थायरॉयड विकार,"Fatigue, weight changes, mood swings, hair loss","Fatigue, weight changes, mood swings, hair loss","Blood tests (TSH, T3, T4), Ultrasound","Blood tests (TSH, T3, T4), Ultrasound",Mild to Severe,mild to severe,Lifelong management,Lifelong management,"Hormonal imbalance, Autoimmune","Hormonal imbalance, Autoimmune",Thyroid hormone replacement,Thyroid hormone replacement,"Genetics, Iodine deficiency, Autoimmune disorders","Genetics, Iodine deficiency, Autoimmune disorders","Poor diet, Stress, Genetics","Poor diet, Stress, Genetics",Irregular sleep,irregular sleep,High stress,high stress,Low,low,Family history of thyroid disease,Family history of thyroid disease,"Balanced, Iodine-rich diet","Balanced, Iodine-rich diet",None,,All seasons,all seasons,Adults,adults,Both genders,all genders,Requires thyroid monitoring,Requires thyroid monitoring,Avoids iodine deficiency,Avoids iodine deficiency,"Ashwagandha, Guggul","Ashwagandha, Guggul","Ashwagandha, Shatavari","Ashwagandha, Shatavari","Ashwagandha (5g), Turmeric (1/2 tsp), Warm water (200ml)","Ashwagandha (5g), Turmeric (1/ 2 tsp), Warm water (200ml)","Vata, Pitta","Vata, Pitta",Vata-Pitta,Vata-Pitta,"Maintain a balanced diet with iodine-rich foods, practice stress-relieving activities.","Maintain a balanced diet with iodine-rich foods, practice stress-relieving activities.","Pranayama, Gentle stretching","Pranayama, Gentle stretching","Hormone replacement, Antithyroid drugs","Hormone replacement, Antithyroid drugs","Regular check-ups, Iodine-rich diet","Regular check-ups, Iodine-rich diet",Manageable with treatment,Manageable with treatment,"Heart issues, Bone loss","Heart issues, Bone loss","Follow prescribed medication, monitor symptoms","Follow prescribed medication, monitor symptoms",thyroid disorders,"[""fatigue"", ""weight changes"", ""mood swings"", ""hair loss""]",4,1,1,0,"[""allergies_food_env""]"
kp_0312,Alzheimer's Disease,Alzheimer's Disease,अल्जाइमर रोग,अल्जाइमर रोग,अल्जाइमर रोग,अल्जाइमर रोग,"Memory loss, confusion, difficulty completing tasks","Memory loss, confusion, difficulty completing tasks","Cognitive tests, Brain imaging (MRI, PET scan)","Cognitive tests, Brain imaging (MRI, PET scan)",Severe,severe,Lifelong care,Lifelong care,"Genetic, Cognitive decline","Genetic, Cognitive decline","Cognitive enhancers, Medications","Cognitive enhancers, Medications","Age, Genetics, Family history","Age, Genetics, Family history","Poor brain health, Genetics","Poor brain health, Genetics",Poor sleep,poor sleep,High stress,high stress,Low,low,Family history of Alzheimer's,Family history of Alzheimer's,"Low-fat, High-protein diet","Low-fat, High-protein diet",None,,All seasons,all seasons,Elderly,elderly,Both genders,all genders,Requires cognitive therapy,Requires cognitive therapy,Avoids mental stress,Avoids mental stress,"Ginkgo Biloba, Turmeric","Ginkgo Biloba, Turmeric","Brahmi, Ashwagandha","Brahmi, Ashwagandha","Brahmi (2g), Ginseng (2g), Warm water (200ml)","Brahmi (2g), Ginseng (2g), Warm water (200ml)",Vata,Vata,Vata-Pitta,Vata-Pitta,Support cognitive function with omega-3-rich foods and antioxidants.,Support cognitive function with omega-3-rich foods and antioxidants.,"Memory exercises, Meditation","Memory exercises, Meditation","Medications (Donepezil, Memantine)","Medications (Donepezil, Memantine)","Mental stimulation, Physical activity","Mental stimulation, Physical activity","Progressive, chronic","Progressive, chronic","Memory loss, Behavioral changes","Memory loss, Behavioral changes","Cognitive training, family support","Cognitive training, family support",alzheimer s disease,"[""memory loss"", ""confusion"", ""difficulty completing tasks""]",3,1,0,0,"[""allergies_food_env""]"
kp_0313,Amyotrophic Lateral Sclerosis (ALS),Amyotrophic Lateral Sclerosis (ALS),एएमएल (एमायोट्रॉफिक लेटरल स्क्लेरोसिस),एएमएल (एमायोट्रॉफिक लेटरल स्क्लेरोसिस),एएलएस,एएलएस,"Muscle weakness, difficulty speaking, swallowing issues","Muscle weakness, difficulty speaking, swallowing issues","EMG, MRI, Genetic testing","EMG, MRI, Genetic testing",Severe,severe,Lifelong care,Lifelong care,"Genetic, Neurodegenerative disease","Genetic, Neurodegenerative disease","Riluzole, Supportive care","Riluzole, Supportive care","Genetics, Smoking, Age > 40","Genetics, Smoking, Age > 40","Occupational exposure, Genetics","Occupational exposure, Genetics",Irregular sleep,irregular sleep,High stress,high stress,Low,low,Family history of ALS,Family history of ALS,"Balanced, High-protein diet","Balanced, High-protein diet",None,,All seasons,all seasons,Adults,adults,Both genders,all genders,Requires physical therapy,Requires physical therapy,Avoids extreme fatigue,Avoids extreme fatigue,None,,None,,"Ashwagandha (5g), Turmeric (1/2 tsp), Warm water (200ml)","Ashwagandha (5g), Turmeric (1/ 2 tsp), Warm water (200ml)","Vata, Pitta","Vata, Pitta",Vata-Kapha,Vata-Kapha,Include muscle-supporting foods and anti-inflammatory herbs.,Include muscle-supporting foods and anti-inflammatory herbs.,"Physical therapy, Breathing exercises","Physical therapy, Breathing exercises","Riluzole, Physical therapy, Respiratory support","Riluzole, Physical therapy, Respiratory support","Avoid smoking, Early diagnosis","Avoid smoking, Early diagnosis","Progressive, fatal within 3-5 years","Progressive, fatal within 3-5 years","Respiratory failure, Paralysis","Respiratory failure, Paralysis","Speech therapy, assistive devices","Speech therapy, assistive devices",amyotrophic lateral sclerosis als,"[""muscle weakness"", ""difficulty speaking"", ""swallowing issues""]",3,1,1,0,"[""allergies_food_env"", ""herbal_alternative_remedies"", ""ayurvedic_herbs""]"
kp_0314,Atherosclerosis,Atherosclerosis,एथेरोस्क्लेरोसिस,एथेरोस्क्लेरोसिस,एथेरोस्क्लेरोसिस,एथेरोस्क्लेरोसिस,"Chest pain, shortness of breath, dizziness, fatigue","Chest pain, shortness of breath, dizziness, fatigue","Blood tests (lipid profile), Angiography","Blood tests (lipid profile), Angiography",Severe,severe,Lifetime management,Lifetime management,"High cholesterol, Obesity","High cholesterol, Obesity","Statins, Antihypertensives","Statins, Antihypertensives","High cholesterol, Obesity, Smoking","High cholesterol, Obesity, Smoking","Poor diet, Lack of exercise, Smoking","Poor diet, Lack of exercise, Smoking",Irregular sleep,irregular sleep,High stress,high stress,Low,low,Family history of heart disease,Family history of heart disease,"Low-fat, High-fiber diet","Low-fat, High-fiber diet",None,,All seasons,all seasons,Adults,adults,Both genders,all genders,Requires lifestyle change,Requires lifestyle change,Avoids high-fat foods,Avoids high-fat foods,"Garlic, Turmeric, Ginger","Garlic, Turmeric, Ginger","Arjuna, Guggul","Arjuna, Guggul","Garlic (2 cloves), Turmeric (1/2 tsp), Warm water (200ml)","Garlic (2 cloves), Turmeric (1/ 2 tsp), Warm water (200ml)",Pitta,Pitta,Vata-Kapha,Vata-Kapha,Focus on heart-healthy foods like olive oil and leafy greens.,Focus on heart-healthy foods like olive oil and leafy greens.,"Surya Namaskar, Pranayama","Surya Namaskar, Pranayama","Statins, Antihypertensive drugs","Statins, Antihypertensive drugs","Diet, Exercise, Avoid smoking","Diet, Exercise, Avoid smoking","Chronic, manageable with treatment","Chronic, manageable with treatment","Heart attack, Stroke","Heart attack, Stroke","Maintain a heart-healthy diet, exercise regularly","Maintain a heart-healthy diet, exercise regularly",atherosclerosis,"[""chest pain"", ""shortness of breath"", ""dizziness"", ""fatigue""]",4,0,1,0,"[""allergies_food_env""]"
kp_0315,"Autoimmune Diseases (e.g., Lupus)","Autoimmune Diseases (e.g., Lupus)",ऑटोइम्यून रोग (लुपस जैसे),ऑटोइम्यून रोग (लुपस जैसे),ऑटोइम्यून रोग (लुपस जैसे),ऑटोइम्यून रोग (लुपस जैसे),"Fatigue, joint pain, skin rashes, kidney issues","Fatigue, joint pain, skin rashes, kidney issues","Blood tests (ANA, Anti-dsDNA), Biopsy","Blood tests (ANA, Anti-dsDNA), Biopsy",Severe,severe,Variable,Variable,"Genetic, Immune system disorder","Genetic, Immune system disorder","Immunosuppressants, Steroids","Immunosuppressants, Steroids","Genetics, Infections, Hormonal changes","Genetics, Infections, Hormonal changes","Environmental triggers, Stress","Environmental triggers, Stress",Irregular sleep,irregular sleep,High stress,high stress,Low,low,Family history of autoimmune disease,Family history of autoimmune disease,"Balanced, Anti-inflammatory diet","Balanced, Anti-inflammatory diet",None,,All seasons,all seasons,Adults,adults,Both genders,all genders,Requires immune monitoring,Requires immune monitoring,Avoids stress triggers,Avoids stress triggers,"Turmeric, Ginger, Ashwagandha","Turmeric, Ginger, Ashwagandha","Ashwagandha, Gudmar","Ashwagandha, Gudmar","Turmeric (1/2 tsp), Ginger (2g), Warm water (200ml)","Turmeric (1/ 2 tsp), Ginger (2g), Warm water (200ml)","Vata, Pitta","Vata, Pitta",Pitta-Kapha,Pitta-Kapha,"Avoid inflammatory foods, focus on anti-inflammatory and immune-supporting foods.","Avoid inflammatory foods, focus on anti-inflammatory and immune-supporting foods.",Yoga for flexibility and strength,Yoga for flexibility and strength,"Immunosuppressants, Steroids","Immunosuppressants, Steroids","Stress management, Avoid triggers","Stress management, Avoid triggers","Chronic, flare-ups likely","Chronic, flare-ups likely","Organ damage, Infections","Organ damage, Infections","Follow prescribed medication, monitor flare-ups","Follow prescribed medication, monitor flare-ups",autoimmune diseases e g lupus,"[""fatigue"", ""joint pain"", ""skin rashes"", ""kidney issues""]",4,1,1,0,"[""allergies_food_env""]"
kp_0316,"Cancer (Breast Cancer, Lung Cancer, Prostate Cancer, etc.)","Cancer (Breast Cancer, Lung Cancer, Prostate Cancer, etc.)","कैंसर (स्तन, फेफड़ा, प्रोस्टेट, आदि)","कैंसर (स्तन, फेफड़ा, प्रोस्टेट, आदि)","कर्करोग (स्तन, फेफड़ा, प्रोस्टेट, इत्यादि)","कर्करोग (स्तन, फेफड़ा, प्रोस्टेट, इत्यादि)","Pain, weight loss, fatigue, lumps or abnormal growths","Pain, weight loss, fatigue, lumps or abnormal growths","Biopsy, Imaging (X-ray, MRI, PET scan)","Biopsy, Imaging (X-ray, MRI, PET scan)",Severe,severe,Depends on cancer type,Depends on cancer type,"Genetic, Carcinogenic exposure","Genetic, Carcinogenic exposure","Chemotherapy, Radiation","Chemotherapy, Radiation","Smoking, Family history, Age, Obesity","Smoking, Family history, Age, Obesity","Smoking, Alcohol, Poor diet","Smoking, Alcohol, Poor diet",Irregular sleep,irregular sleep,High stress,high stress,Low,low,Family history of cancer,Family history of cancer,"Low-fat, Antioxidant-rich diet","Low-fat, Antioxidant-rich diet",Carcinogen exposure,Carcinogen exposure,All seasons,all seasons,Adults,adults,Both genders,all genders,Requires cancer screening,Requires cancer screening,Avoids carcinogens,Avoids carcinogens,"Aloe vera, Turmeric, Green tea","Aloe vera, Turmeric, Green tea","Ashwagandha, Turmeric","Ashwagandha, Turmeric","Neem leaves (5-6), Turmeric (1/2 tsp), Warm water (200ml)","Neem leaves (5-6), Turmeric (1/ 2 tsp), Warm water (200ml)",Pitta,Pitta,Pitta-Kapha,Pitta-Kapha,"Eat a nutrient-dense diet, manage stress, avoid alcohol and smoking.","Eat a nutrient-dense diet, manage stress, avoid alcohol and smoking.","Yoga for strength, Breathing exercises","Yoga for strength, Breathing exercises","Chemotherapy, Radiation, Surgery","Chemotherapy, Radiation, Surgery","Healthy diet, Avoid smoking, Regular screenings","Healthy diet, Avoid smoking, Regular screenings","Depends on stage, treatable if caught early","Depends on stage, treatable if caught early","Metastasis, Organ failure","Metastasis, Organ failure","Regular check-ups, healthy lifestyle","Regular check-ups, healthy lifestyle",cancer breast cancer lung cancer prostate cancer etc,"[""pain"", ""weight loss"", ""fatigue"", ""lumps or abnormal growths""]",4,0,1,0,[]
kp_0317,Cardiomyopathy,Cardiomyopathy,कार्डियोमायोपैथी,कार्डियोमायोपैथी,कार्डियोमायोपैथी,कार्डियोमायोपैथी,"Fatigue, shortness of breath, swelling of the legs and feet","Fatigue, shortness of breath, swelling of the legs and feet","Echocardiogram, ECG, Blood tests","Echocardiogram, ECG, Blood tests",Severe,severe,Lifetime management,Lifetime management,Heart muscle dysfunction,Heart muscle dysfunction,"Beta-blockers, ACE inhibitors","Beta-blockers, ACE inhibitors","Hypertension, Genetics, Alcohol abuse","Hypertension, Genetics, Alcohol abuse","High blood pressure, Obesity, Genetics","High blood pressure, Obesity, Genetics",Irregular sleep,irregular sleep,High stress,high stress,Low,low,Family history of heart disease,Family history of heart disease,"Low-sodium, High-protein diet","Low-sodium, High-protein diet",None,,All seasons,all seasons,Adults,adults,Both genders,all genders,Requires heart monitoring,Requires heart monitoring,Avoids high-sodium foods,Avoids high-sodium foods,"Hawthorn, Coenzyme Q10","Hawthorn, Coenzyme Q10","Arjuna, Ashwagandha","Arjuna, Ashwagandha","Ashwagandha (5g), Garlic (2 cloves), Warm water (200ml)","Ashwagandha (5g), Garlic (2 cloves), Warm water (200ml)","Vata, Pitta","Vata, Pitta",Vata-Kapha,Vata-Kapha,"Follow a low-sodium, heart-healthy diet; manage stress through meditation.","Follow a low-sodium, heart-healthy diet; manage stress through meditation.","Pranayama, Cardiovascular exercise","Pranayama, Cardiovascular exercise","Medications (ACE inhibitors, Beta-blockers)","Medications (ACE inhibitors, Beta-blockers)","Regular check-ups, Avoid alcohol","Regular check-ups, Avoid alcohol","Chronic, can lead to heart failure","Chronic, can lead to heart failure","Arrhythmias, Heart failure","Arrhythmias, Heart failure","Limit alcohol, monitor heart function","Limit alcohol, monitor heart function",cardiomyopathy,"[""fatigue"", ""shortness of breath"", ""swelling of the legs and feet""]",3,1,1,0,"[""allergies_food_env""]"
kp_0318,Chronic Fatigue Syndrome,Chronic Fatigue Syndrome,क्रॉनिक थकान सिंड्रोम,क्रॉनिक थकान सिंड्रोम,क्रॉनिक थकान सिंड्रोम,क्रॉनिक थकान सिंड्रोम,"Fatigue, sleep disturbances, muscle pain, headache","Fatigue, sleep disturbances, muscle pain, headache","Blood tests, Sleep studies, Cognitive tests","Blood tests, Sleep studies, Cognitive tests",Severe,severe,Long-term management,Long-term management,"Viral infections, Stress","Viral infections, Stress","Antidepressants, Pain relief","Antidepressants, Pain relief","Stress, Viral infections, Sleep deprivation","Stress, Viral infections, Sleep deprivation","Stress, Viral infections","Stress, Viral infections",Irregular sleep,irregular sleep,High stress,high stress,Low,low,Family history of CFS,Family history of CFS,"Balanced, Nutrient-dense diet","Balanced, Nutrient-dense diet",None,,All seasons,all seasons,Adults,adults,Both genders,all genders,Requires sleep management,Requires sleep management,Avoids overexertion,Avoids overexertion,"Ginseng, Rhodiola, Ashwagandha","Ginseng, Rhodiola, Ashwagandha","Ashwagandha, Brahmi","Ashwagandha, Brahmi","Ashwagandha (5g), Ginger (2g), Warm water (200ml)","Ashwagandha (5g), Ginger (2g), Warm water (200ml)",Vata,Vata,Vata-Kapha,Vata-Kapha,"Focus on energy-boosting foods, establish a regular sleep routine.","Focus on energy-boosting foods, establish a regular sleep routine.","Restorative yoga, Breathing exercises","Restorative yoga, Breathing exercises","Sleep management, Antidepressants","Sleep management, Antidepressants","Stress management, Sleep hygiene","Stress management, Sleep hygiene",Manageable with lifestyle changes,Manageable with lifestyle changes,"Depression, Reduced quality of life","Depression, Reduced quality of life","Regular rest, Avoid overexertion","Regular rest, Avoid overexertion",chronic fatigue syndrome,"[""fatigue"", ""sleep disturbances"", ""muscle pain"", ""headache""]",4,1,0,0,"[""allergies_food_env""]"
kp_0319,Cystic Fibrosis,Cystic Fibrosis,सिस्टिक फाइब्रोसिस,सिस्टिक फाइब्रोसिस,सिस्टिक फाइब्रोसिस,सिस्टिक फाइब्रोसिस,"Persistent cough, lung infections, difficulty breathing","Persistent cough, lung infections, difficulty breathing","Sweat test, Genetic testing, Chest X-ray","Sweat test, Genetic testing, Chest X-ray",Severe,severe,Lifetime management,Lifetime management,"Genetic, Respiratory disorder","Genetic, Respiratory disorder","Mucolytics, Antibacterial meds","Mucolytics, Antibacterial meds","Genetics, Family history","Genetics, Family history","Poor respiratory health, Genetics","Poor respiratory health, Genetics",Irregular sleep,irregular sleep,High stress,high stress,Low,low,Family history of cystic fibrosis,Family history of cystic fibrosis,"High-protein, Salt-rich diet","High-protein, Salt-rich diet",Respiratory allergens,Respiratory allergens,All seasons,all seasons,"Children, Adults","children, adults",Both genders,all genders,Requires respiratory care,Requires respiratory care,Avoids respiratory infections,Avoids respiratory infections,None,,None,,"Fenugreek (3g), Turmeric (1/2 tsp), Warm water (200ml)","Fenugreek (3g), Turmeric (1/ 2 tsp), Warm water (200ml)",Kapha,Kapha,Kapha-Pitta,Kapha-Pitta,"Focus on hydration, avoid dairy and mucus-forming foods.","Focus on hydration, avoid dairy and mucus-forming foods.","Breathing exercises, Physical therapy","Breathing exercises, Physical therapy","Chest physiotherapy, Enzyme replacement","Chest physiotherapy, Enzyme replacement","Avoid infections, Chest physiotherapy","Avoid infections, Chest physiotherapy","Chronic, requires ongoing care","Chronic, requires ongoing care","Lung infections, Digestive problems","Lung infections, Digestive problems","Regular physiotherapy, lung function support","Regular physiotherapy, lung function support",cystic fibrosis,"[""persistent cough"", ""lung infections"", ""difficulty breathing""]",3,0,0,1,"[""herbal_alternative_remedies"", ""ayurvedic_herbs""]"
kp_0320,Diabetes Mellitus,Diabetes Mellitus,मधुमेह,मधुमेह,मधुमेह,मधुमेह,"Excessive thirst, frequent urination, blurred vision","Excessive thirst, frequent urination, blurred vision","Blood sugar test, HbA1c test","Blood sugar test, HbA1c test",Moderate to Severe,moderate to severe,Lifetime management,Lifetime management,"Genetic, Obesity, Poor diet","Genetic, Obesity, Poor diet","Insulin, Oral hypoglycemics","Insulin, Oral hypoglycemics","Obesity, Genetics, Age > 40","Obesity, Genetics, Age > 40","Poor diet, Sedentary lifestyle","Poor diet, Sedentary lifestyle",Irregular sleep,irregular sleep,High stress,high stress,Low,low,Family history of diabetes,Family history of diabetes,"Low-carb, Low-sugar diet","Low-carb, Low-sugar diet",None,,All seasons,all seasons,Adults,adults,Both genders,all genders,Requires blood sugar monitoring,Requires blood sugar monitoring,Avoids sugary foods,Avoids sugary foods,"Cinnamon, Bitter melon, Gymnema","Cinnamon, Bitter melon, Gymnema","Jamun, Gudmar","Jamun, Gudmar","Bitter melon (1 tsp), Fenugreek (3g), Warm water (200ml)","Bitter melon (1 tsp), Fenugreek (3g), Warm water (200ml)","Vata, Kapha","Vata, Kapha",Kapha-Pitta,Kapha-Pitta,"Follow a low-glycemic, high-fiber diet, exercise regularly.","Follow a low-glycemic, high-fiber diet, exercise regularly.","Surya Namaskar, Pranayama","Surya Namaskar, Pranayama","Insulin, Oral medications","Insulin, Oral medications","Healthy diet, Exercise, Regular check-ups","Healthy diet, Exercise, Regular check-ups","Chronic, manageable","Chronic, manageable","Retinopathy, Kidney disease, Neuropathy","Retinopathy, Kidney disease, Neuropathy","Regular blood sugar monitoring, healthy lifestyle","Regular blood sugar monitoring, healthy lifestyle",diabetes mellitus,"[""excessive thirst"", ""frequent urination"", ""blurred vision""]",3,1,0,1,"[""allergies_food_env""]"
kp_0321,Epilepsy,Epilepsy,मिर्गी,मिर्गी,मिर्गी,मिर्गी,"Seizures, confusion, loss of consciousness","Seizures, confusion, loss of consciousness","EEG, MRI, Blood tests","EEG, MRI, Blood tests",Severe,severe,Lifetime management,Lifetime management,"Genetic, Brain injury, Infections","Genetic, Brain injury, Infections",Anticonvulsants,Anticonvulsants,"Genetics, Brain injury, Infection","Genetics, Brain injury, Infection","Stress, Lack of sleep","Stress, Lack of sleep",Irregular sleep,irregular sleep,High stress,high stress,Low,low,Family history of epilepsy,Family history of epilepsy,"Balanced, High-protein diet","Balanced, High-protein diet",None,,All seasons,all seasons,"Children, Adults","children, adults",Both genders,all genders,Requires regular monitoring,Requires regular monitoring,Avoids triggers,Avoids triggers,None,,"Brahmi, Ashwagandha","Brahmi, Ashwagandha","Brahmi (2g), Turmeric (1/2 tsp), Warm water (200ml)","Brahmi (2g), Turmeric (1/ 2 tsp), Warm water (200ml)","Vata, Pitta","Vata, Pitta",Vata-Kapha,Vata-Kapha,"Avoid triggers, practice meditation and yoga to manage stress.","Avoid triggers, practice meditation and yoga to manage stress.","Yoga for relaxation, Balance exercises","Yoga for relaxation, Balance exercises","Antiepileptic drugs, Surgery","Antiepileptic drugs, Surgery","Medication adherence, Avoid triggers","Medication adherence, Avoid triggers","Chronic, manageable with treatment","Chronic, manageable with treatment","Injuries from seizures, Cognitive issues","Injuries from seizures, Cognitive issues","Follow prescribed medication, avoid triggers","Follow prescribed medication, avoid triggers",epilepsy,"[""seizures"", ""confusion"", ""loss of consciousness""]",3,1,1,0,"[""allergies_food_env"", ""herbal_alternative_remedies""]"
kp_0322,Fibromyalgia,Fibromyalgia,फिब्रोमायल्गिया,फिब्रोमायल्गिया,फिब्रोमायल्गिया,फिब्रोमायल्गिया,"Chronic pain, fatigue, sleep disturbances, headaches","Chronic pain, fatigue, sleep disturbances, headaches","Tender point exam, Blood tests","Tender point exam, Blood tests",Severe,severe,Long-term management,Long-term management,"Autoimmune, Stress, Sleep disorder","Autoimmune, Stress, Sleep disorder","Pain relievers, Antidepressants","Pain relievers, Antidepressants","Stress, Genetics, Infections","Stress, Genetics, Infections","Chronic stress, Poor sleep","Chronic stress, Poor sleep",Irregular sleep,irregular sleep,High stress,high stress,Low,low,Family history of fibromyalgia,Family history of fibromyalgia,"Balanced, Nutrient-dense diet","Balanced, Nutrient-dense diet",None,,All seasons,all seasons,Adults,adults,Both genders,all genders,Requires physical therapy,Requires physical therapy,Avoids stress triggers,Avoids stress triggers,"Turmeric, Lavender, Epsom salt baths","Turmeric, Lavender, Epsom salt baths","Ashwagandha, Guggul","Ashwagandha, Guggul","Ashwagandha (5g), Ginger (2g), Warm water (200ml)","Ashwagandha (5g), Ginger (2g), Warm water (200ml)","Vata, Pitta","Vata, Pitta",Vata-Kapha,Vata-Kapha,Focus on stress-relieving activities like yoga and gentle exercises.,Focus on stress-relieving activities like yoga and gentle exercises.,"Restorative yoga, Stretching","Restorative yoga, Stretching","Pain relievers, Antidepressants","Pain relievers, Antidepressants","Stress management, Exercise, Sleep hygiene","Stress management, Exercise, Sleep hygiene","Chronic, can improve with treatment","Chronic, can improve with treatment","Sleep disturbances, Depression","Sleep disturbances, Depression","Regular exercise, Stress reduction","Regular exercise, Stress reduction",fibromyalgia,"[""chronic pain"", ""fatigue"", ""sleep disturbances"", ""headaches""]",4,1,1,0,"[""allergies_food_env""]"
kp_0323,Gallstones,Gallstones,पित्ताशय में पथरी,पित्ताशय में पथरी,पित्ताशयातील गॅलस्टोन,पित्ताशयातील गॅलस्टोन,"Abdominal pain, nausea, vomiting, bloating","Abdominal pain, nausea, vomiting, bloating","Ultrasound, CT scan, Blood tests","Ultrasound, CT scan, Blood tests",Moderate to Severe,moderate to severe,"Varies, often surgical","Varies, often surgical","Obesity, High-fat diet","Obesity, High-fat diet","Pain relievers, Surgery","Pain relievers, Surgery","Obesity, High-fat diet, Pregnancy","Obesity, High-fat diet, Pregnancy","High-fat diet, Sedentary lifestyle","High-fat diet, Sedentary lifestyle",Irregular sleep,irregular sleep,Moderate stress,moderate stress,Low,low,Family history of gallstones,Family history of gallstones,"Low-fat, High-fiber diet","Low-fat, High-fiber diet",None,,All seasons,all seasons,Adults,adults,Both genders,all genders,Requires lifestyle change,Requires lifestyle change,Avoids high-fat foods,Avoids high-fat foods,"Apple cider vinegar, Lemon juice","Apple cider vinegar, Lemon juice",None,,"Turmeric (1/2 tsp), Dandelion root (1 tsp), Warm water (200ml)","Turmeric (1/ 2 tsp), Dandelion root (1 tsp), Warm water (200ml)",Pitta,Pitta,Pitta-Kapha,Pitta-Kapha,"Avoid fatty foods, increase fiber intake, and stay hydrated.","Avoid fatty foods, increase fiber intake, and stay hydrated.",None,,"Surgery (Cholecystectomy), Medications","Surgery (Cholecystectomy), Medications","Healthy diet, Weight management","Healthy diet, Weight management",Manageable with surgery,Manageable with surgery,"Pancreatitis, Bile duct infection","Pancreatitis, Bile duct infection","Maintain a healthy diet, avoid fatty foods","Maintain a healthy diet, avoid fatty foods",gallstones,"[""abdominal pain"", ""nausea"", ""vomiting"", ""bloating""]",4,0,1,0,"[""allergies_food_env"", ""ayurvedic_herbs"", ""yoga_and_physical_therapy""]"
kp_0324,Glomerulonephritis,Glomerulonephritis,ग्लोमेरुलोनेफ्रिटिस,ग्लोमेरुलोनेफ्रिटिस,ग्लोमेरुलोनेफ्रिटिस,ग्लोमेरुलोनेफ्रिटिस,"Swelling, high blood pressure, dark urine, fatigue","Swelling, high blood pressure, dark urine, fatigue","Urine Test, Blood Test, Kidney Biopsy","Urine Test, Blood Test, Kidney Biopsy",Severe,severe,3-6 months,3-6 months,"Kidney infections, Autoimmune","Kidney infections, Autoimmune","Steroids, Immunosuppressants","Steroids, Immunosuppressants","Infections, Genetic Factors","Infections, Genetic Factors","Poor kidney function, Infections","Poor kidney function, Infections",Irregular sleep,irregular sleep,High stress,high stress,Low,low,Family history of kidney disease,Family history of kidney disease,"Low-sodium, High-protein diet","Low-sodium, High-protein diet",None,,All seasons,all seasons,Adults,adults,Both genders,all genders,Requires kidney monitoring,Requires kidney monitoring,Avoids salt-rich foods,Avoids salt-rich foods,None specific,None specific,None specific,None specific,"Ginger (2g), Turmeric (1/2 tsp), Warm water (200ml)","Ginger (2g), Turmeric (1/ 2 tsp), Warm water (200ml)",Pitta,Pitta,Kapha-Vata,Kapha-Vata,"Reduce salt intake, focus on a kidney-friendly diet rich in antioxidants.","Reduce salt intake, focus on a kidney-friendly diet rich in antioxidants.","Dialysis, Transplant Therapy","Dialysis, Transplant Therapy","Medications, Dialysis, Transplant","Medications, Dialysis, Transplant","Early Diagnosis, Treat Infections","Early Diagnosis, Treat Infections",Can Be Managed with Treatment,Can Be Managed with Treatment,"Kidney Failure, High Blood Pressure","Kidney Failure, High Blood Pressure","Regular Monitoring, Treat Infections","Regular Monitoring, Treat Infections",glomerulonephritis,"[""swelling"", ""high blood pressure"", ""dark urine"", ""fatigue""]",4,0,1,0,"[""allergies_food_env""]"
kp_0325,"Hepatitis (A, B, C)","Hepatitis (A, B, C)","हेपेटाइटिस (A, B, C)","हेपेटाइटिस (A, B, C)","हेपेटाइटिस (A, B, C)","हेपेटाइटिस (A, B, C)","Fatigue, jaundice, abdominal pain, nausea","Fatigue, jaundice, abdominal pain, nausea","Blood Tests, Liver Biopsy","Blood Tests, Liver Biopsy",Severe,severe,1-6 months,1-6 months,"Viral infections, Poor sanitation","Viral infections, Poor sanitation","Antiviral drugs, Supportive care","Antiviral drugs, Supportive care","Unprotected Sex, Sharing Needles","Unprotected Sex, Sharing Needles","Poor hygiene, Unsafe water","Poor hygiene, Unsafe water",Irregular sleep,irregular sleep,High stress,high stress,Low,low,Family history of hepatitis,Family history of hepatitis,"Balanced, Liver-friendly diet","Balanced, Liver-friendly diet",None,,All seasons,all seasons,Adults,adults,Both genders,all genders,Requires liver monitoring,Requires liver monitoring,Avoids alcohol,Avoids alcohol,None specific,None specific,None specific,None specific,"Milk thistle (1 tsp), Turmeric (1/2 tsp), Warm water (200ml)","Milk thistle (1 tsp), Turmeric (1/ 2 tsp), Warm water (200ml)",Pitta,Pitta,Pitta-Kapha,Pitta-Kapha,"Avoid alcohol, maintain liver-friendly foods like leafy greens and beets.","Avoid alcohol, maintain liver-friendly foods like leafy greens and beets.",None specific,None specific,"Antiviral Medications, Vaccination","Antiviral Medications, Vaccination","Vaccination (A and B), Safe Practices","Vaccination (A and B), Safe Practices",Can Be Managed with Medication,Can Be Managed with Medication,"Cirrhosis, Liver Cancer","Cirrhosis, Liver Cancer","Safe Practices, Vaccination","Safe Practices, Vaccination",hepatitis a b c,"[""fatigue"", ""jaundice"", ""abdominal pain"", ""nausea""]",4,0,1,0,"[""allergies_food_env""]"
kp_0326,Heart Attack (Myocardial Infarction),Heart Attack (Myocardial Infarction),दिल का दौरा,दिल का दौरा,हृदयविकाराचा झटका,हृदयविकाराचा झटका,"Chest pain, shortness of breath, sweating, dizziness","Chest pain, shortness of breath, sweating, dizziness","ECG, Blood Tests, Coronary Angiogram","ECG, Blood Tests, Coronary Angiogram",Severe,severe,Lifelong,Lifelong,"High blood pressure, High cholesterol","High blood pressure, High cholesterol","Blood thinners, Statins","Blood thinners, Statins","High Blood Pressure, High Cholesterol","High Blood Pressure, High Cholesterol","High blood pressure, Smoking, Stress","High blood pressure, Smoking, Stress",Irregular sleep,irregular sleep,High stress,high stress,Low,low,Family history of heart disease,Family history of heart disease,"Low-fat, Heart-healthy diet","Low-fat, Heart-healthy diet",None,,All seasons,all seasons,Adults,adults,Both genders,all genders,Requires heart monitoring,Requires heart monitoring,Avoids smoking,Avoids smoking,None specific,None specific,None specific,None specific,"Garlic (2 cloves), Turmeric (1/2 tsp), Warm water (200ml)","Garlic (2 cloves), Turmeric (1/ 2 tsp), Warm water (200ml)",Pitta,Pitta,Vata-Kapha,Vata-Kapha,"Follow a heart-healthy diet, exercise regularly, manage stress levels.","Follow a heart-healthy diet, exercise regularly, manage stress levels.",Cardiac Rehabilitation,Cardiac Rehabilitation,"Emergency Care, Medications, Surgery","Emergency Care, Medications, Surgery","Healthy Diet, Exercise, Avoid Smoking","Healthy Diet, Exercise, Avoid Smoking",Can Be Managed with Treatment,Can Be Managed with Treatment,"Heart Failure, Arrhythmias","Heart Failure, Arrhythmias","Healthy Diet, Stress Management","Healthy Diet, Stress Management",heart attack myocardial infarction,"[""chest pain"", ""shortness of breath"", ""sweating"", ""dizziness""]",4,0,1,0,"[""allergies_food_env""]"
kp_0327,Hepatitis,Hepatitis,हेपेटाइटिस,हेपेटाइटिस,हेपेटाइटिस,हेपेटाइटिस,"Jaundice, fatigue, nausea, loss of appetite","Jaundice, fatigue, nausea, loss of appetite","Blood Tests, Liver Biopsy","Blood Tests, Liver Biopsy",Severe,severe,1-6 months,1-6 months,"Viral infections, Alcohol abuse","Viral infections, Alcohol abuse","Antiviral drugs, Supportive care","Antiviral drugs, Supportive care","Alcohol Use, Viral Infections","Alcohol Use, Viral Infections","Poor sanitation, Alcohol use","Poor sanitation, Alcohol use",Irregular sleep,irregular sleep,High stress,high stress,Low,low,Family history of hepatitis,Family history of hepatitis,"Balanced, Liver-friendly diet","Balanced, Liver-friendly diet",None,,All seasons,all seasons,Adults,adults,Both genders,all genders,Requires liver monitoring,Requires liver monitoring,Avoids alcohol,Avoids alcohol,None specific,None specific,None specific,None specific,"Ginger (2g), Neem leaves (5-6), Warm water (200ml)","Ginger (2g), Neem leaves (5-6), Warm water (200ml)",Pitta,Pitta,Pitta-Kapha,Pitta-Kapha,"Avoid alcohol, adopt a liver-supporting diet rich in antioxidants.","Avoid alcohol, adopt a liver-supporting diet rich in antioxidants.",None specific,None specific,"Antiviral Medications, Vaccination","Antiviral Medications, Vaccination","Vaccination (A and B), Safe Practices","Vaccination (A and B), Safe Practices",Can Be Managed with Medication,Can Be Managed with Medication,"Cirrhosis, Liver Cancer","Cirrhosis, Liver Cancer","Safe Practices, Vaccination","Safe Practices, Vaccination",hepatitis,"[""jaundice"", ""fatigue"", ""nausea"", ""loss of appetite""]",4,0,1,0,"[""allergies_food_env""]"
kp_0328,Hypertension,Hypertension,उच्च रक्तचाप,उच्च रक्तचाप,उच्च रक्तदाब,उच्च रक्तदाब,"High blood pressure, dizziness, headaches, shortness of breath","High blood pressure, dizziness, headaches, shortness of breath",Blood Pressure Measurement,Blood Pressure Measurement,Moderate to Severe,moderate to severe,Lifelong,Lifelong,"High salt intake, Obesity, Stress","High salt intake, Obesity, Stress",Antihypertensives,Antihypertensives,"Age, Obesity, Family History","Age, Obesity, Family History","High salt diet, Lack of exercise","High salt diet, Lack of exercise",Irregular sleep,irregular sleep,High stress,high stress,Low,low,Family history of hypertension,Family history of hypertension,"Low-sodium, Balanced diet","Low-sodium, Balanced diet",None,,All seasons,all seasons,Adults,adults,Both genders,all genders,Requires blood pressure monitoring,Requires blood pressure monitoring,Avoids high-salt foods,Avoids high-salt foods,None specific,None specific,None specific,None specific,"Ashwagandha (5g), Garlic (2 cloves), Warm water (200ml)","Ashwagandha (5g), Garlic (2 cloves), Warm water (200ml)",Pitta,Pitta,Vata-Kapha,Vata-Kapha,"Reduce salt intake, incorporate stress-reducing practices like meditation.","Reduce salt intake, incorporate stress-reducing practices like meditation.",None specific,None specific,Antihypertensive Medications,Antihypertensive Medications,"Healthy Diet, Regular Exercise","Healthy Diet, Regular Exercise",Can Be Managed with Medication,Can Be Managed with Medication,"Heart Disease, Stroke","Heart Disease, Stroke","Regular Exercise, Stress Management","Regular Exercise, Stress Management",hypertension,"[""high blood pressure"", ""dizziness"", ""headaches"", ""shortness of breath""]",4,0,1,0,"[""allergies_food_env""]"
kp_0329,Kidney Cancer,Kidney Cancer,गुर्दे का कैंसर,गुर्दे का कैंसर,किडनी कॅन्सर,किडनी कॅन्सर,"Back pain, blood in urine, weight loss, fatigue","Back pain, blood in urine, weight loss, fatigue","Blood Tests, CT Scan, Biopsy","Blood Tests, CT Scan, Biopsy",Severe,severe,6-12 months,6-12 months,"Smoking, Obesity, Chronic kidney disease","Smoking, Obesity, Chronic kidney disease","Surgery, Chemotherapy, Radiation","Surgery, Chemotherapy, Radiation","Smoking, Family History, Obesity","Smoking, Family History, Obesity","Smoking, High blood pressure","Smoking, High blood pressure",Irregular sleep,irregular sleep,High stress,high stress,Low,low,Family history of kidney cancer,Family history of kidney cancer,"Low-fat, High-protein diet","Low-fat, High-protein diet",None,,All seasons,all seasons,Adults,adults,Both genders,all genders,Requires kidney monitoring,Requires kidney monitoring,Avoids carcinogens,Avoids carcinogens,None specific,None specific,None specific,None specific,"Dandelion root (1 tsp), Turmeric (1/2 tsp), Warm water (200ml)","Dandelion root (1 tsp), Turmeric (1/ 2 tsp), Warm water (200ml)",Pitta,Pitta,Kapha-Vata,Kapha-Vata,"Focus on detoxification, avoid processed foods, increase hydration.","Focus on detoxification, avoid processed foods, increase hydration.",None specific,None specific,"Surgery, Chemotherapy, Radiation","Surgery, Chemotherapy, Radiation","Healthy Diet, Regular Exercise","Healthy Diet, Regular Exercise",Can Be Managed with Treatment,Can Be Managed with Treatment,"Spread to Other Organs, Kidney Failure","Spread to Other Organs, Kidney Failure","Regular Monitoring, Lifestyle Changes","Regular Monitoring, Lifestyle Changes",kidney cancer,"[""back pain"", ""blood in urine"", ""weight loss"", ""fatigue""]",4,0,1,0,"[""allergies_food_env""]"
kp_0330,Leprosy,Leprosy,कुष्ठ रोग,कुष्ठ रोग,कुष्ठरोग,कुष्ठरोग,"Skin lesions, nerve damage, numbness, muscle weakness","Skin lesions, nerve damage, numbness, muscle weakness","Skin Biopsy, Blood Tests","Skin Biopsy, Blood Tests",Moderate to Severe,moderate to severe,6-12 months,6-12 months,"Contact with infected person, Poor hygiene","Contact with infected person, Poor hygiene","Antibiotics (e.g., Rifampicin)","Antibiotics (e.g., Rifampicin)",Contact with Infected Individuals,Contact with Infected Individuals,"Poor hygiene, Close contact with others","Poor hygiene, Close contact with others",Irregular sleep,irregular sleep,High stress,high stress,Low,low,Family history of leprosy,Family history of leprosy,"Balanced, High-protein diet","Balanced, High-protein diet",None,,All seasons,all seasons,Adults,adults,Both genders,all genders,Requires regular monitoring,Requires regular monitoring,Avoids crowded places,Avoids crowded places,None specific,None specific,None specific,None specific,"Neem leaves (5-6), Turmeric (1/2 tsp), Warm water (200ml)","Neem leaves (5-6), Turmeric (1/ 2 tsp), Warm water (200ml)",Pitta,Pitta,Pitta-Kapha,Pitta-Kapha,"Maintain hygiene, consume immune-boosting foods, avoid stress.","Maintain hygiene, consume immune-boosting foods, avoid stress.",None specific,None specific,Antibiotics,Antibiotics,"Good Hygiene, Avoid Contact","Good Hygiene, Avoid Contact",Can Be Managed with Medication,Can Be Managed with Medication,"Nerve Damage, Deformities","Nerve Damage, Deformities","Good Hygiene, Regular Monitoring","Good Hygiene, Regular Monitoring",leprosy,"[""skin lesions"", ""nerve damage"", ""numbness"", ""muscle weakness""]",4,0,1,0,"[""allergies_food_env""]"
kp_0331,Leukemia,Leukemia,ल्यूकेमिया,ल्यूकेमिया,ल्यूकेमिया,ल्यूकेमिया,"Fatigue, fever, weight loss, easy bruising, frequent infections","Fatigue, fever, weight loss, easy bruising, frequent infections","Blood Tests, Bone Marrow Biopsy","Blood Tests, Bone Marrow Biopsy",Severe,severe,Lifelong,Lifelong,"Genetic, Environmental exposure (e.g., chemicals)","Genetic, Environmental exposure (e.g., chemicals)","Chemotherapy, Bone marrow transplant","Chemotherapy, Bone marrow transplant","Genetics, Chemical Exposure","Genetics, Chemical Exposure","Exposure to carcinogens, Radiation","Exposure to carcinogens, Radiation",Irregular sleep,irregular sleep,High stress,high stress,Low,low,Family history of leukemia,Family history of leukemia,"Low-sugar, High-nutrient diet","Low-sugar, High-nutrient diet",None,,All seasons,all seasons,"Adults, Children","adults, children",Both genders,all genders,Requires medical care,Requires medical care,Avoids toxins,Avoids toxins,None specific,None specific,None specific,None specific,"Ashwagandha (5g), Turmeric (1/2 tsp), Warm water (200ml)","Ashwagandha (5g), Turmeric (1/ 2 tsp), Warm water (200ml)",Pitta,Pitta,Vata-Kapha,Vata-Kapha,"Include nutrient-dense foods and antioxidants, reduce stress levels.","Include nutrient-dense foods and antioxidants, reduce stress levels.",None specific,None specific,"Chemotherapy, Bone Marrow Transplant","Chemotherapy, Bone Marrow Transplant","Regular Monitoring, Healthy Lifestyle","Regular Monitoring, Healthy Lifestyle",Can Be Managed with Treatment,Can Be Managed with Treatment,"Infection, Bleeding","Infection, Bleeding","Regular Monitoring, Blood Transfusions","Regular Monitoring, Blood Transfusions",leukemia,"[""fatigue"", ""fever"", ""weight loss"", ""easy bruising"", ""frequent infections""]",5,0,1,0,"[""allergies_food_env""]"
kp_0332,Lymphoma,Lymphoma,लिंफोमा,लिंफोमा,लिंफोमा,लिंफोमा,"Swollen lymph nodes, fever, night sweats, weight loss","Swollen lymph nodes, fever, night sweats, weight loss","Blood Tests, Lymph Node Biopsy","Blood Tests, Lymph Node Biopsy",Severe,severe,Lifelong,Lifelong,"Weakened immune system, Viral infections","Weakened immune system, Viral infections","Chemotherapy, Immunotherapy","Chemotherapy, Immunotherapy","Weakened Immune System, Genetics","Weakened Immune System, Genetics","Exposure to viruses (e.g., Epstein-Barr)","Exposure to viruses (e.g., Epstein-Barr)",Irregular sleep,irregular sleep,High stress,high stress,Low,low,Family history of lymphoma,Family history of lymphoma,"Low-fat, Anti-inflammatory diet","Low-fat, Anti-inflammatory diet",None,,All seasons,all seasons,Adults,adults,Both genders,all genders,Requires ongoing treatment,Requires ongoing treatment,Avoids infections,Avoids infections,None specific,None specific,None specific,None specific,"Ginger (2g), Turmeric (1/2 tsp), Warm water (200ml)","Ginger (2g), Turmeric (1/ 2 tsp), Warm water (200ml)",Pitta,Pitta,Vata-Kapha,Vata-Kapha,"Eat an anti-inflammatory diet, exercise moderately, avoid stress.","Eat an anti-inflammatory diet, exercise moderately, avoid stress.",None specific,None specific,"Chemotherapy, Radiation Therapy","Chemotherapy, Radiation Therapy","Early Diagnosis, Healthy Lifestyle","Early Diagnosis, Healthy Lifestyle",Can Be Managed with Treatment,Can Be Managed with Treatment,"Infection, Organ Damage","Infection, Organ Damage","Regular Monitoring, Healthy Diet","Regular Monitoring, Healthy Diet",lymphoma,"[""swollen lymph nodes"", ""fever"", ""night sweats"", ""weight loss""]",4,0,1,0,"[""allergies_food_env""]"
kp_0333,Malaria,Malaria,मलेरिया,मलेरिया,मलेरिया,मलेरिया,"Fever, chills, sweats, headache, muscle pain","Fever, chills, sweats, headache, muscle pain","Blood Smear, Rapid Diagnostic Test","Blood Smear, Rapid Diagnostic Test",Moderate to Severe,moderate to severe,1-2 weeks,1-2 weeks,Exposure to infected mosquitoes,Exposure to infected mosquitoes,Antimalarial drugs,Antimalarial drugs,"Mosquito Bites, Travel to Endemic Areas","Mosquito Bites, Travel to Endemic Areas","Tropical regions, Poor sanitation","Tropical regions, Poor sanitation",Irregular sleep,irregular sleep,Moderate stress,moderate stress,Low,low,Family history of malaria,Family history of malaria,"Low-sugar, High-carb diet","Low-sugar, High-carb diet",None,,Rainy season,rainy season,All age groups,all age groups,Both genders,all genders,Avoids mosquito-prone areas,Avoids mosquito-prone areas,Requires mosquito protection,Requires mosquito protection,"Herbal Remedies, Neem","Herbal Remedies, Neem",None specific,None specific,"Neem leaves (5-6), Turmeric (1/2 tsp), Warm water (200ml)","Neem leaves (5-6), Turmeric (1/ 2 tsp), Warm water (200ml)",Pitta,Pitta,Kapha-Pitta,Kapha-Pitta,"Avoid mosquito exposure, stay hydrated, maintain a balanced diet.","Avoid mosquito exposure, stay hydrated, maintain a balanced diet.",None specific,None specific,Antimalarial Medications,Antimalarial Medications,"Mosquito Nets, Antimalarial Drugs","Mosquito Nets, Antimalarial Drugs",Can Be Managed with Medication,Can Be Managed with Medication,"Organ Damage, Death","Organ Damage, Death","Use Mosquito Nets, Take Antimalarial Drugs","Use Mosquito Nets, Take Antimalarial Drugs",malaria,"[""fever"", ""chills"", ""sweats"", ""headache"", ""muscle pain""]",5,0,1,0,"[""allergies_food_env""]"
kp_0334,Measles,Measles,खसरा,खसरा,खसरा,खसरा,"Fever, cough, rash, sore throat, red eyes","Fever, cough, rash, sore throat, red eyes","Physical Exam, Blood Tests","Physical Exam, Blood Tests",Severe,severe,2-3 weeks,2-3 weeks,"Lack of vaccination, Close contact","Lack of vaccination, Close contact","Antipyretics, Vitamin A","Antipyretics, Vitamin A",Unvaccinated Children,Unvaccinated Children,"Crowded places, Poor hygiene","Crowded places, Poor hygiene",Irregular sleep,irregular sleep,High stress,high stress,Low,low,Family history of measles,Family history of measles,"Balanced, Vitamin-rich diet","Balanced, Vitamin-rich diet",None,,"Winter, Early spring","winter, early spring",Children,children,Both genders,all genders,Requires vaccination,Requires vaccination,Avoids crowded places,Avoids crowded places,None specific,None specific,None specific,None specific,"Turmeric (1/2 tsp), Ginger (2g), Warm water (200ml)","Turmeric (1/ 2 tsp), Ginger (2g), Warm water (200ml)",Pitta,Pitta,Pitta-Kapha,Pitta-Kapha,"Keep hydrated, avoid scratchy or oily foods, and maintain good hygiene.","Keep hydrated, avoid scratchy or oily foods, and maintain good hygiene.",None specific,None specific,"Vaccination, Supportive Care","Vaccination, Supportive Care","Vaccination, Avoid Contact","Vaccination, Avoid Contact",Can Be Prevented with Vaccination,Can Be Prevented with Vaccination,"Pneumonia, Encephalitis","Pneumonia, Encephalitis","Vaccination, Isolation during Illness","Vaccination, Isolation during Illness",measles,"[""fever"", ""cough"", ""rash"", ""sore throat"", ""red eyes""]",5,0,1,0,"[""allergies_food_env""]"
kp_0335,Multiple Sclerosis,Multiple Sclerosis,मल्टीपल स्क्लेरोसिस,मल्टीपल स्क्लेरोसिस,मल्टीपल स्क्लेरोसिस,मल्टीपल स्क्लेरोसिस,"Muscle weakness, coordination problems, vision issues","Muscle weakness, coordination problems, vision issues","MRI, Lumbar Puncture, Blood Tests","MRI, Lumbar Puncture, Blood Tests",Severe,severe,Lifelong,Lifelong,"Genetic, Autoimmune response","Genetic, Autoimmune response",Disease-modifying drugs,Disease-modifying drugs,"Genetics, Environmental Factors","Genetics, Environmental Factors","Stress, Cold weather","Stress, Cold weather",Irregular sleep,irregular sleep,High stress,high stress,Low,low,Family history of MS,Family history of MS,"Balanced, Omega-3 rich diet","Balanced, Omega-3 rich diet",None,,All seasons,all seasons,Adults,adults,Both genders,all genders,Requires physical therapy,Requires physical therapy,Avoids cold environments,Avoids cold environments,None specific,None specific,None specific,None specific,"Brahmi (2g), Ashwagandha (5g), Warm water (200ml)","Brahmi (2g), Ashwagandha (5g), Warm water (200ml)",Vata,Vata,Vata-Pitta,Vata-Pitta,"Consume anti-inflammatory foods, practice stress-relieving activities.","Consume anti-inflammatory foods, practice stress-relieving activities.",None specific,None specific,Disease Modifying Therapies (DMT),Disease Modifying Therapies (DMT),"Early Diagnosis, Healthy Lifestyle","Early Diagnosis, Healthy Lifestyle",Can Be Managed with Medication,Can Be Managed with Medication,"Disability, Infections","Disability, Infections","Regular Monitoring, Supportive Care","Regular Monitoring, Supportive Care",multiple sclerosis,"[""muscle weakness"", ""coordination problems"", ""vision issues""]",3,1,0,0,"[""allergies_food_env""]"
kp_0336,Parkinson's Disease,Parkinson's Disease,पार्किंसन्स रोग,पार्किंसन्स रोग,पार्किंसन्स रोग,पार्किंसन्स रोग,"Tremors, stiffness, slow movement, balance problems","Tremors, stiffness, slow movement, balance problems","Physical Exam, MRI, Blood Tests","Physical Exam, MRI, Blood Tests",Severe,severe,Lifelong,Lifelong,"Age, Genetic factors, Brain injury","Age, Genetic factors, Brain injury","Dopaminergic drugs, Surgery","Dopaminergic drugs, Surgery","Age, Genetics, Toxins","Age, Genetics, Toxins","Exposure to toxins, Genetic factors","Exposure to toxins, Genetic factors",Irregular sleep,irregular sleep,Moderate stress,moderate stress,Low,low,Family history of Parkinson's,Family history of Parkinson's,"High-fiber, Antioxidant-rich diet","High-fiber, Antioxidant-rich diet",None,,All seasons,all seasons,Adults,adults,Both genders,all genders,Requires regular monitoring,Requires regular monitoring,Avoids stress,Avoids stress,None specific,None specific,None specific,None specific,"Ashwagandha (5g), Turmeric (1/2 tsp), Warm water (200ml)","Ashwagandha (5g), Turmeric (1/ 2 tsp), Warm water (200ml)","Vata, Pitta","Vata, Pitta",Vata-Kapha,Vata-Kapha,"Include brain-supporting foods like walnuts, avoid processed foods.","Include brain-supporting foods like walnuts, avoid processed foods.","Physical Therapy, Exercise","Physical Therapy, Exercise","Medications, Surgery","Medications, Surgery","Early Diagnosis, Regular Monitoring","Early Diagnosis, Regular Monitoring",Can Be Managed with Medication,Can Be Managed with Medication,"Dementia, Movement Issues","Dementia, Movement Issues","Regular Exercise, Medications","Regular Exercise, Medications",parkinson s disease,"[""tremors"", ""stiffness"", ""slow movement"", ""balance problems""]",4,1,1,0,"[""allergies_food_env""]"
kp_0337,Pneumocystis Pneumonia,Pneumocystis Pneumonia,न्युमोसायटिस न्यूमोनिया,न्युमोसायटिस न्यूमोनिया,न्यूमोनोकिस्ट न्यूमोनिया,न्यूमोनोकिस्ट न्यूमोनिया,"Cough, difficulty breathing, fever, chest pain","Cough, difficulty breathing, fever, chest pain","Chest X-ray, Blood Tests, Sputum Culture","Chest X-ray, Blood Tests, Sputum Culture",Severe,severe,2-4 weeks,2-4 weeks,"Weakened immune system, HIV/AIDS","Weakened immune system, HIV/ AIDS",Antimicrobial drugs,Antimicrobial drugs,"HIV/AIDS, Weakened Immune System","HIV/ AIDS, Weakened Immune System","Immunocompromised, Environmental factors","Immunocompromised, Environmental factors",Irregular sleep,irregular sleep,High stress,high stress,Low,low,Family history of pneumonia,Family history of pneumonia,"Low-sugar, Protein-rich diet","Low-sugar, Protein-rich diet",None,,All seasons,all seasons,Adults,adults,Both genders,all genders,Requires immune support,Requires immune support,Avoids infections,Avoids infections,None specific,None specific,None specific,None specific,"Garlic (2 cloves), Ginger (2g), Warm water (200ml)","Garlic (2 cloves), Ginger (2g), Warm water (200ml)",Pitta,Pitta,Vata-Kapha,Vata-Kapha,"Avoid cold and damp environments, boost immunity with vitamin C.","Avoid cold and damp environments, boost immunity with vitamin C.",None specific,None specific,"Antibiotics, Oxygen Therapy","Antibiotics, Oxygen Therapy","Early Diagnosis, HIV Prevention","Early Diagnosis, HIV Prevention",Can Be Managed with Medication,Can Be Managed with Medication,"Respiratory Failure, Infections","Respiratory Failure, Infections","Early Diagnosis, Treat HIV/AIDS","Early Diagnosis, Treat HIV/ AIDS",pneumocystis pneumonia,"[""cough"", ""difficulty breathing"", ""fever"", ""chest pain""]",4,0,1,0,"[""allergies_food_env""]"
kp_0338,Prostate Cancer,Prostate Cancer,प्रोस्टेट कैंसर,प्रोस्टेट कैंसर,प्रोस्टेट कॅन्सर,प्रोस्टेट कॅन्सर,"Painful urination, blood in urine, pelvic pain","Painful urination, blood in urine, pelvic pain","Blood Tests, Prostate Biopsy","Blood Tests, Prostate Biopsy",Severe,severe,6-12 months,6-12 months,"Age, Family history, High-fat diet","Age, Family history, High-fat diet","Surgery, Radiation, Chemotherapy","Surgery, Radiation, Chemotherapy","Age, Family History, Race","Age, Family History, Race","High-fat diet, Age over 50","High-fat diet, Age over 50",Irregular sleep,irregular sleep,High stress,high stress,Low,low,Family history of prostate cancer,Family history of prostate cancer,"Low-fat, High-fiber diet","Low-fat, High-fiber diet",None,,All seasons,all seasons,Adults (elderly),adults (elderly),Male,male,Requires cancer treatment,Requires cancer treatment,Avoids high-fat foods,Avoids high-fat foods,None specific,None specific,None specific,None specific,"Ashwagandha (5g), Turmeric (1/2 tsp), Warm water (200ml)","Ashwagandha (5g), Turmeric (1/ 2 tsp), Warm water (200ml)",Pitta,Pitta,Vata-Kapha,Vata-Kapha,"Avoid alcohol, increase fiber intake, and consume prostate-healthy foods.","Avoid alcohol, increase fiber intake, and consume prostate-healthy foods.",None specific,None specific,"Surgery, Radiation, Hormone Therapy","Surgery, Radiation, Hormone Therapy","Regular Screening, Healthy Lifestyle","Regular Screening, Healthy Lifestyle",Can Be Managed with Treatment,Can Be Managed with Treatment,"Spread to Other Organs, Incontinence","Spread to Other Organs, Incontinence","Regular Monitoring, Healthy Diet","Regular Monitoring, Healthy Diet",prostate cancer,"[""painful urination"", ""blood in urine"", ""pelvic pain""]",3,0,1,0,"[""allergies_food_env""]"
kp_0339,Psoriasis,Psoriasis,सोरायसिस,सोरायसिस,सोरायसिस,सोरायसिस,"Red patches, dry skin, itching, scales","Red patches, dry skin, itching, scales","Physical Exam, Skin Biopsy","Physical Exam, Skin Biopsy",Moderate to Severe,moderate to severe,Lifelong,Lifelong,"Genetic, Autoimmune disorder","Genetic, Autoimmune disorder","Topical treatments, Biologics","Topical treatments, Biologics","Genetics, Stress, Skin Injury","Genetics, Stress, Skin Injury","Stress, Cold weather","Stress, Cold weather",Irregular sleep,irregular sleep,High stress,high stress,Low,low,Family history of psoriasis,Family history of psoriasis,"Anti-inflammatory, High-fiber diet","Anti-inflammatory, High-fiber diet",None,,"Winter, Dry seasons","winter, dry seasons",Adults,adults,Both genders,all genders,Requires skin care routine,Requires skin care routine,Avoids stress triggers,Avoids stress triggers,"Aloe Vera, Tea Tree Oil, Oatmeal","Aloe Vera, Tea Tree Oil, Oatmeal","Aloe Vera, Neem","Aloe Vera, Neem","Neem leaves (5-6), Turmeric (1/2 tsp), Water (as needed)","Neem leaves (5-6), Turmeric (1/ 2 tsp), Water (as needed)",Pitta,Pitta,Pitta-Kapha,Pitta-Kapha,"Avoid triggers like spicy food and stress, use moisturizing oils.","Avoid triggers like spicy food and stress, use moisturizing oils.","Topical Treatment, Stress Management","Topical Treatment, Stress Management","Topical Treatments, Phototherapy","Topical Treatments, Phototherapy","Moisturize Skin, Avoid Triggers","Moisturize Skin, Avoid Triggers",Can Be Managed with Treatment,Can Be Managed with Treatment,"Joint Pain, Skin Infections","Joint Pain, Skin Infections","Moisturize Skin, Avoid Triggers","Moisturize Skin, Avoid Triggers",psoriasis,"[""red patches"", ""dry skin"", ""itching"", ""scales""]",4,0,1,0,"[""allergies_food_env""]"
kp_0340,Sickle Cell Anemia,Sickle Cell Anemia,सिकल सेल एनीमिया,सिकल सेल एनीमिया,सिकल सेल एनीमिया,सिकल सेल एनीमिया,"Pain, fatigue, anemia, frequent infections","Pain, fatigue, anemia, frequent infections","Blood Tests, Hemoglobin Electrophoresis","Blood Tests, Hemoglobin Electrophoresis",Severe,severe,Lifelong,Lifelong,"Genetic mutation, Family history","Genetic mutation, Family history","Pain management, Blood transfusions","Pain management, Blood transfusions","Genetics, Family History","Genetics, Family History","Low oxygen environments, Stress","Low oxygen environments, Stress",Irregular sleep,irregular sleep,High stress,high stress,Low,low,Family history of sickle cell anemia,Family history of sickle cell anemia,"High-calcium, High-iron diet","High-calcium, High-iron diet",None,,All seasons,all seasons,All age groups,all age groups,Both genders,all genders,Requires regular monitoring,Requires regular monitoring,Avoids high-stress situations,Avoids high-stress situations,None specific,None specific,None specific,None specific,"Fenugreek (3g), Turmeric (1/2 tsp), Warm water (200ml)","Fenugreek (3g), Turmeric (1/ 2 tsp), Warm water (200ml)",Kapha,Kapha,Kapha-Pitta,Kapha-Pitta,"Stay hydrated, avoid dehydration, eat iron-rich and immune-boosting foods.","Stay hydrated, avoid dehydration, eat iron-rich and immune-boosting foods.",None specific,None specific,"Blood Transfusions, Pain Management","Blood Transfusions, Pain Management","Regular Monitoring, Pain Management","Regular Monitoring, Pain Management",Can Be Managed with Treatment,Can Be Managed with Treatment,"Organ Damage, Stroke","Organ Damage, Stroke","Regular Monitoring, Hydration","Regular Monitoring, Hydration",sickle cell anemia,"[""pain"", ""fatigue"", ""anemia"", ""frequent infections""]",4,0,0,1,"[""allergies_food_env""]"
kp_0341,Skin Cancer (Melanoma),Skin Cancer (Melanoma),त्वचा का कैंसर (मेलानोमा),त्वचा का कैंसर (मेलानोमा),त्वचा कॅन्सर (मेलानोमा),त्वचा कॅन्सर (मेलानोमा),"Changes in mole appearance, skin discoloration","Changes in mole appearance, skin discoloration","Skin Biopsy, Dermoscopy","Skin Biopsy, Dermoscopy",Severe,severe,6-12 months,6-12 months,"Sun exposure, Genetic predisposition","Sun exposure, Genetic predisposition","Surgery, Chemotherapy, Radiation","Surgery, Chemotherapy, Radiation","UV Exposure, Family History","UV Exposure, Family History","Sun exposure, Tanning beds","Sun exposure, Tanning beds",Irregular sleep,irregular sleep,High stress,high stress,Low,low,Family history of melanoma,Family history of melanoma,"Low-fat, High-antioxidant diet","Low-fat, High-antioxidant diet",Sunburn allergies,Sunburn allergies,"Summer, Sunny seasons","summer, sunny seasons",Adults,adults,Both genders,all genders,Requires sun protection,Requires sun protection,Avoids prolonged sun exposure,Avoids prolonged sun exposure,None specific,None specific,None specific,None specific,"Aloe vera gel (1 tsp), Turmeric (1/2 tsp), Water (as needed)","Aloe vera gel (1 tsp), Turmeric (1/ 2 tsp), Water (as needed)",Pitta,Pitta,Pitta-Kapha,Pitta-Kapha,"Protect skin from sun exposure, maintain a balanced diet.","Protect skin from sun exposure, maintain a balanced diet.",None specific,None specific,"Surgery, Radiation, Chemotherapy","Surgery, Radiation, Chemotherapy","Avoid Tanning, Sun Protection","Avoid Tanning, Sun Protection",Can Be Managed with Treatment,Can Be Managed with Treatment,"Spread to Other Organs, Recurrence","Spread to Other Organs, Recurrence","Regular Skin Checks, Sun Protection","Regular Skin Checks, Sun Protection",skin cancer melanoma,"[""changes in mole appearance"", ""skin discoloration""]",2,0,1,0,[]
kp_0342,Tuberculosis,Tuberculosis,तपेदिक,तपेदिक,तपेदिक,तपेदिक,"Cough, weight loss, fever, night sweats","Cough, weight loss, fever, night sweats","Chest X-ray, Sputum Test, Blood Tests","Chest X-ray, Sputum Test, Blood Tests",Severe,severe,6-12 months,6-12 months,"Close contact with infected individuals, Weakened immune system","Close contact with infected individuals, Weakened immune system","Antibiotics (e.g., Rifampicin)","Antibiotics (e.g., Rifampicin)","Poor Sanitation, Close Contact","Poor Sanitation, Close Contact",Close contact with infected individuals,Close contact with infected individuals,Irregular sleep,irregular sleep,High stress,high stress,Low,low,Family history of tuberculosis,Family history of tuberculosis,"Balanced, High-protein diet","Balanced, High-protein diet",None,,All seasons,all seasons,All age groups,all age groups,Both genders,all genders,Requires long-term medication,Requires long-term medication,Avoids crowded places,Avoids crowded places,None specific,None specific,None specific,None specific,"Ginger (2g), Turmeric (1/2 tsp), Warm water (200ml)","Ginger (2g), Turmeric (1/ 2 tsp), Warm water (200ml)",Pitta,Pitta,Vata-Kapha,Vata-Kapha,"Eat a nutrient-dense diet, practice good hygiene, stay hydrated.","Eat a nutrient-dense diet, practice good hygiene, stay hydrated.",Breathing Exercises,Breathing Exercises,Antibiotics,Antibiotics,"Good Hygiene, Vaccination","Good Hygiene, Vaccination",Can Be Managed with Medication,Can Be Managed with Medication,"Lung Damage, Spread to Other Organs","Lung Damage, Spread to Other Organs","Regular Monitoring, Good Hygiene","Regular Monitoring, Good Hygiene",tuberculosis,"[""cough"", ""weight loss"", ""fever"", ""night sweats""]",4,0,1,0,"[""allergies_food_env""]"
kp_0343,Weight Loss,Weight Loss,वजन घटना,वजन घटना,वजन घटणे,वजन घटणे,"Fatigue, unexplained weight loss, muscle loss","Fatigue, unexplained weight loss, muscle loss","Physical Exam, Blood Tests","Physical Exam, Blood Tests",Moderate to Severe,moderate to severe,Varies,Varies,"Malnutrition, Illness, Hyperthyroidism","Malnutrition, Illness, Hyperthyroidism","Nutritional supplements, Appetite stimulants","Nutritional supplements, Appetite stimulants","Poor Diet, Lack of Exercise, Illness","Poor Diet, Lack of Exercise, Illness","Poor diet, Stress, Illness","Poor diet, Stress, Illness",Irregular sleep,irregular sleep,High stress,high stress,Low,low,Family history of weight loss,Family history of weight loss,"High-protein, High-calorie diet","High-protein, High-calorie diet",None,,All seasons,all seasons,All age groups,all age groups,Both genders,all genders,Requires regular monitoring,Requires regular monitoring,Avoids high-stress environments,Avoids high-stress environments,"Herbal Remedies, Low-Calorie Diet","Herbal Remedies, Low-Calorie Diet","Garcinia Cambogia, Green Tea","Garcinia Cambogia, Green Tea","Ginger (2g), Triphala (1 tsp), Warm water (200ml)","Ginger (2g), Triphala (1 tsp), Warm water (200ml)","Vata, Pitta","Vata, Pitta",Vata-Kapha,Vata-Kapha,"Focus on balanced meals, avoid processed sugars and refined carbs.","Focus on balanced meals, avoid processed sugars and refined carbs.",Regular Exercise,Regular Exercise,"Dietary Changes, Exercise","Dietary Changes, Exercise","Healthy Diet, Regular Exercise","Healthy Diet, Regular Exercise",Can Be Managed with Lifestyle Changes,Can Be Managed with Lifestyle Changes,"Malnutrition, Fatigue","Malnutrition, Fatigue","Regular Exercise, Balanced Diet","Regular Exercise, Balanced Diet",weight loss,"[""fatigue"", ""unexplained weight loss"", ""muscle loss""]",3,1,1,0,"[""allergies_food_env""]"
kp_0344,Weight Gain,Weight Gain,वजन बढ़ना,वजन बढ़ना,वजन वाढवणे,वजन वाढवणे,"Unexplained weight gain, fatigue, bloating","Unexplained weight gain, fatigue, bloating","Physical Exam, Blood Tests","Physical Exam, Blood Tests",Moderate to Severe,moderate to severe,Varies,Varies,"Overeating, Sedentary lifestyle, Hypothyroidism","Overeating, Sedentary lifestyle, Hypothyroidism","Diet control, Exercise, Medications (e.g., Orlistat)","Diet control, Exercise, Medications (e.g., Orlistat)","Overeating, Lack of Exercise","Overeating, Lack of Exercise","Overeating, Lack of physical activity","Overeating, Lack of physical activity",Irregular sleep,irregular sleep,Moderate stress,moderate stress,Low,low,Family history of obesity,Family history of obesity,"High-carb, Low-calorie diet","High-carb, Low-calorie diet",None,,All seasons,all seasons,All age groups,all age groups,Both genders,all genders,Requires exercise and monitoring,Requires exercise and monitoring,Avoids overeating,Avoids overeating,"Herbal Remedies, High-Calorie Diet","Herbal Remedies, High-Calorie Diet","Fenugreek, Ginseng","Fenugreek, Ginseng","Triphala (1 tsp), Ginger (2g), Warm water (200ml)","Triphala (1 tsp), Ginger (2g), Warm water (200ml)",Kapha,Kapha,Kapha-Pitta,Kapha-Pitta,"Reduce heavy, oily foods, include more fiber-rich and light meals.","Reduce heavy, oily foods, include more fiber-rich and light meals.",Regular Exercise,Regular Exercise,"Dietary Changes, Exercise","Dietary Changes, Exercise","Healthy Diet, Regular Exercise","Healthy Diet, Regular Exercise",Can Be Managed with Lifestyle Changes,Can Be Managed with Lifestyle Changes,"Obesity, Diabetes","Obesity, Diabetes","Regular Exercise, Balanced Diet","Regular Exercise, Balanced Diet",weight gain,"[""unexplained weight gain"", ""fatigue"", ""bloating""]",3,0,0,1,"[""allergies_food_env""]"
kp_0345,Acanthosis Nigricans,Acanthosis Nigricans,एकांथोसिस नाइग्रिकन्स,एकांथोसिस नाइग्रिकन्स,एकांथोसिस नायग्रीकन्स,एकांथोसिस नायग्रीकन्स,"Darkened skin in folds, thickened skin","Darkened skin in folds, thickened skin","Physical Exam, Skin Biopsy","Physical Exam, Skin Biopsy",Moderate,moderate,Varies,Varies,"Insulin resistance, Obesity, Diabetes","Insulin resistance, Obesity, Diabetes",Treatment for underlying conditions,Treatment for underlying conditions,"Obesity, Diabetes, Hormonal Imbalance","Obesity, Diabetes, Hormonal Imbalance","Insulin resistance, Obesity","Insulin resistance, Obesity",Irregular sleep,irregular sleep,High stress,high stress,Low,low,Family history of diabetes,Family history of diabetes,"Low-sugar, Low-carb diet","Low-sugar, Low-carb diet",None,,All seasons,all seasons,Adults,adults,Both genders,all genders,Requires diabetes management,Requires diabetes management,Avoids high-sugar foods,Avoids high-sugar foods,None specific,None specific,None specific,None specific,Aloe Vera gel,Aloe Vera gel,"Pitta, Kapha","Pitta, Kapha",Pitta-Kapha,Pitta-Kapha,"Apply Aloe Vera gel daily, avoid spicy foods.","Apply Aloe Vera gel daily, avoid spicy foods.",None specific,None specific,Treatment of Underlying Conditions,Treatment of Underlying Conditions,"Healthy Diet, Weight Loss","Healthy Diet, Weight Loss",Can Be Managed with Treatment,Can Be Managed with Treatment,"Insulin Resistance, Type 2 Diabetes","Insulin Resistance, Type 2 Diabetes","Weight Loss, Treat Underlying Conditions","Weight Loss, Treat Underlying Conditions",acanthosis nigricans,"[""darkened skin in folds"", ""thickened skin""]",2,0,1,1,"[""allergies_food_env""]"
kp_0346,Addison's Disease,Addison's Disease,ऐडिसन रोग,ऐडिसन रोग,ऐडिसन रोग,ऐडिसन रोग,"Fatigue, weight loss, low blood pressure","Fatigue, weight loss, low blood pressure","Blood Tests, ACTH Stimulation Test","Blood Tests, ACTH Stimulation Test",Severe,severe,Lifelong,Lifelong,"Autoimmune disorder, Genetic factors","Autoimmune disorder, Genetic factors",Hormone replacement therapy,Hormone replacement therapy,"Autoimmune Disorders, Infections","Autoimmune Disorders, Infections","Stress, Infections","Stress, Infections",Irregular sleep,irregular sleep,High stress,high stress,Low,low,Family history of Addison's disease,Family history of Addison's disease,"High-sodium, Balanced diet","High-sodium, Balanced diet",None,,All seasons,all seasons,Adults,adults,Both genders,all genders,Requires ongoing treatment,Requires ongoing treatment,Avoids stress and infections,Avoids stress and infections,None specific,None specific,None specific,None specific,Ashwagandha (5g),Ashwagandha (5g),"Vata, Pitta","Vata, Pitta",Vata-Pitta,Vata-Pitta,"Avoid stress, eat high-protein foods, and manage stress with meditation.","Avoid stress, eat high-protein foods, and manage stress with meditation.",None specific,None specific,Hormone Replacement Therapy,Hormone Replacement Therapy,"Stress Management, Regular Monitoring","Stress Management, Regular Monitoring",Can Be Managed with Medication,Can Be Managed with Medication,"Adrenal Crisis, Low Blood Pressure","Adrenal Crisis, Low Blood Pressure","Regular Monitoring, Stress Management","Regular Monitoring, Stress Management",addison s disease,"[""fatigue"", ""weight loss"", ""low blood pressure""]",3,1,1,0,"[""allergies_food_env""]"
kp_0347,Adrenal Insufficiency,Adrenal Insufficiency,अधिवृक्क अपर्याप्तता,अधिवृक्क अपर्याप्तता,अधिवृक्क अपूर्वता,अधिवृक्क अपूर्वता,"Fatigue, low blood pressure, dizziness","Fatigue, low blood pressure, dizziness","Blood Tests, ACTH Stimulation Test","Blood Tests, ACTH Stimulation Test",Severe,severe,Lifelong,Lifelong,"Autoimmune diseases, Infections","Autoimmune diseases, Infections",Hormone replacement therapy,Hormone replacement therapy,"Autoimmune Disorders, Infections","Autoimmune Disorders, Infections","Stress, Infections","Stress, Infections",Irregular sleep,irregular sleep,High stress,high stress,Low,low,Family history of adrenal issues,Family history of adrenal issues,"Low-sodium, Balanced diet","Low-sodium, Balanced diet",None,,All seasons,all seasons,Adults,adults,Both genders,all genders,Requires regular monitoring,Requires regular monitoring,Avoids high-stress environments,Avoids high-stress environments,None specific,None specific,None specific,None specific,Licorice root (2g daily),Licorice root (2g daily),"Pitta, Vata","Vata, Pitta",Pitta-Vata,Pitta-Vata,"Avoid strenuous activities, maintain a balanced diet with healthy fats.","Avoid strenuous activities, maintain a balanced diet with healthy fats.",None specific,None specific,Hormone Replacement Therapy,Hormone Replacement Therapy,"Stress Management, Regular Monitoring","Stress Management, Regular Monitoring",Can Be Managed with Medication,Can Be Managed with Medication,"Adrenal Crisis, Fatigue","Adrenal Crisis, Fatigue","Regular Monitoring, Stress Management","Regular Monitoring, Stress Management",adrenal insufficiency,"[""fatigue"", ""low blood pressure"", ""dizziness""]",3,1,1,0,"[""allergies_food_env""]"
kp_0348,Alkaptonuria,Alkaptonuria,अल्काप्टोनुरिया,अल्काप्टोनुरिया,अल्काप्टोनुरिया,अल्काप्टोनुरिया,"Dark urine, arthritis, heart issues","Dark urine, arthritis, heart issues","Urine Test, Genetic Testing","Urine Test, Genetic Testing",Moderate to Severe,moderate to severe,Lifelong,Lifelong,"Genetic mutation, Family history","Genetic mutation, Family history","Pain management, Vitamin C supplements","Pain management, Vitamin C supplements","Genetic Mutation, Family History","Genetic Mutation, Family History","Poor diet, Genetic predisposition","Poor diet, Genetic predisposition",Irregular sleep,irregular sleep,Moderate stress,moderate stress,Low,low,Family history of alkaptonuria,Family history of alkaptonuria,"High-protein, Low-iron diet","High-protein, Low-iron diet",None,,All seasons,all seasons,Adults,adults,Both genders,all genders,Requires regular monitoring,Requires regular monitoring,Avoids stress,Avoids stress,None specific,None specific,None specific,None specific,Vitamin C (500mg daily),Vitamin C (500mg daily),"Vata, Pitta","Vata, Pitta",Vata-Pitta,Vata-Pitta,"Include antioxidants like berries, avoid processed foods.","Include antioxidants like berries, avoid processed foods.",None specific,None specific,"Symptom Management, Joint Replacements","Symptom Management, Joint Replacements","Early Diagnosis, Regular Monitoring","Early Diagnosis, Regular Monitoring",Can Be Managed with Treatment,Can Be Managed with Treatment,"Joint Damage, Heart Issues","Joint Damage, Heart Issues","Regular Monitoring, Pain Management","Regular Monitoring, Pain Management",alkaptonuria,"[""dark urine"", ""arthritis"", ""heart issues""]",3,1,1,0,"[""allergies_food_env""]"
kp_0349,Anemia,Anemia,रक्ताल्पता,रक्ताल्पता,रक्ताल्पता,रक्ताल्पता,"Fatigue, pale skin, shortness of breath","Fatigue, pale skin, shortness of breath","Blood Tests, Iron Studies","Blood Tests, Iron Studies",Moderate to Severe,moderate to severe,Varies,Varies,"Iron deficiency, Blood loss, Vitamin deficiency","Iron deficiency, Blood loss, Vitamin deficiency","Iron supplements, Vitamin B12","Iron supplements, Vitamin B12","Poor Diet, Blood Loss, Genetic Factors","Poor Diet, Blood Loss, Genetic Factors","Poor diet, Blood loss","Poor diet, Blood loss",Irregular sleep,irregular sleep,High stress,high stress,Low,low,Family history of anemia,Family history of anemia,"High-iron, High-folate diet","High-iron, High-folate diet",None,,All seasons,all seasons,All age groups,all age groups,Both genders,all genders,Requires regular monitoring,Requires regular monitoring,Avoids iron deficiency,Avoids iron deficiency,"Iron Supplements, Vitamin C","Iron Supplements, Vitamin C","Iron-Rich Foods (Spinach, Red Meat)","Iron-Rich Foods (Spinach, Red Meat)",Spinach (100g),Spinach (100g),Pitta,Pitta,Pitta,Pitta,"Include iron-rich foods, avoid caffeine with meals.","Include iron-rich foods, avoid caffeine with meals.","Iron Supplements, Regular Monitoring","Iron Supplements, Regular Monitoring","Iron Supplements, Blood Transfusion","Iron Supplements, Blood Transfusion","Healthy Diet, Iron Supplements","Healthy Diet, Iron Supplements",Can Be Managed with Treatment,Can Be Managed with Treatment,"Fatigue, Organ Damage","Fatigue, Organ Damage","Regular Monitoring, Iron Supplements","Regular Monitoring, Iron Supplements",anemia,"[""fatigue"", ""pale skin"", ""shortness of breath""]",3,0,1,0,"[""allergies_food_env""]"
kp_0350,Angina,Angina,एंजाइना,एंजाइना,एंजिना,एंजिना,"Chest pain, shortness of breath, dizziness","Chest pain, shortness of breath, dizziness","ECG, Stress Test, Blood Tests","ECG, Stress Test, Blood Tests",Moderate to Severe,moderate to severe,Varies,Varies,"Heart disease, High blood pressure","Heart disease, High blood pressure","Nitrates, Beta-blockers","Nitrates, Beta-blockers","High Blood Pressure, High Cholesterol","High Blood Pressure, High Cholesterol","Stress, Physical exertion","Stress, Physical exertion",Irregular sleep,irregular sleep,High stress,high stress,Low,low,Family history of heart disease,Family history of heart disease,"Low-fat, Low-sodium diet","Low-fat, Low-sodium diet",None,,All seasons,all seasons,Adults,adults,Both genders,all genders,Requires regular monitoring,Requires regular monitoring,Avoids physical exertion,Avoids physical exertion,None specific,None specific,None specific,None specific,Hawthorn (5g),Hawthorn (5g),"Vata, Kapha","Vata, Kapha",Vata-Kapha,Vata-Kapha,"Reduce stress, avoid high-fat foods, regular cardiovascular exercise.","Reduce stress, avoid high-fat foods, regular cardiovascular exercise.",Cardiac Rehabilitation,Cardiac Rehabilitation,"Medications, Surgery","Medications, Surgery","Healthy Diet, Regular Exercise","Healthy Diet, Regular Exercise",Can Be Managed with Treatment,Can Be Managed with Treatment,"Heart Attack, Heart Failure","Heart Attack, Heart Failure","Healthy Diet, Stress Management","Healthy Diet, Stress Management",angina,"[""chest pain"", ""shortness of breath"", ""dizziness""]",3,1,0,1,"[""allergies_food_env""]"
kp_0351,Anxiety Disorder,Anxiety Disorder,चिंता विकार,चिंता विकार,चिंता विकार,चिंता विकार,"Restlessness, excessive worry, irritability","Restlessness, excessive worry, irritability","Psychological Evaluation, Blood Tests","Psychological Evaluation, Blood Tests",Severe,severe,Varies,Varies,"Genetic factors, Stress","Genetic factors, Stress","Antidepressants, Anxiolytics","Antidepressants, Anxiolytics","Genetics, Stress, Trauma","Genetics, Stress, Trauma","Stress, Traumatic events","Stress, Traumatic events",Irregular sleep,irregular sleep,High stress,high stress,Low,low,Family history of anxiety,Family history of anxiety,"Low-caffeine, Balanced diet","Low-caffeine, Balanced diet",None,,All seasons,all seasons,All age groups,all age groups,Both genders,all genders,Requires therapy,Requires therapy,Avoids stress-inducing situations,Avoids stress-inducing situations,Herbal Remedies (Valerian Root),Herbal Remedies (Valerian Root),"Ashwagandha, Brahmi","Ashwagandha, Brahmi",Brahmi (2g),Brahmi (2g),Vata,Vata,Vata,Vata,"Practice deep breathing exercises, limit caffeine, establish a sleep routine.","Practice deep breathing exercises, limit caffeine, establish a sleep routine.","Meditation, Deep Breathing","Meditation, Deep Breathing","Therapy, Medications","Therapy, Medications","Stress Management, Relaxation Techniques","Stress Management, Relaxation Techniques",Can Be Managed with Treatment,Can Be Managed with Treatment,"Panic Attacks, Depression","Panic Attacks, Depression","Stress Management, Therapy","Stress Management, Therapy",anxiety disorder,"[""restlessness"", ""excessive worry"", ""irritability""]",3,1,0,0,"[""allergies_food_env""]"
kp_0352,Aortic Aneurysm,Aortic Aneurysm,एओर्टिक एनीयुरिज़म,एओर्टिक एनीयुरिज़म,एओर्टिक अणीयुरिझम,एओर्टिक अणीयुरिझम,"Chest pain, shortness of breath, dizziness","Chest pain, shortness of breath, dizziness","CT Scan, MRI, Ultrasound","CT Scan, MRI, Ultrasound",Severe,severe,Lifelong,Lifelong,"High blood pressure, Atherosclerosis","High blood pressure, Atherosclerosis","Surgery, Beta-blockers","Surgery, Beta-blockers","High Blood Pressure, Smoking","High Blood Pressure, Smoking","High blood pressure, Atherosclerosis","High blood pressure, Atherosclerosis",Irregular sleep,irregular sleep,High stress,high stress,Low,low,Family history of aneurysm,Family history of aneurysm,"Low-fat, Low-sodium diet","Low-fat, Low-sodium diet",None,,All seasons,all seasons,Adults,adults,Both genders,all genders,Requires regular monitoring,Requires regular monitoring,Avoids heavy lifting,Avoids heavy lifting,None specific,None specific,None specific,None specific,Ginkgo Biloba (60mg daily),Ginkgo Biloba (60mg daily),"Vata, Pitta","Vata, Pitta",Vata-Pitta,Vata-Pitta,"Avoid strenuous activity, maintain blood pressure with a low-salt diet.","Avoid strenuous activity, maintain blood pressure with a low-salt diet.",None specific,None specific,"Surgery, Medications","Surgery, Medications","Healthy Diet, Regular Monitoring","Healthy Diet, Regular Monitoring",Can Be Managed with Surgery,Can Be Managed with Surgery,"Rupture, Stroke","Rupture, Stroke","Regular Monitoring, Avoid Smoking","Regular Monitoring, Avoid Smoking",aortic aneurysm,"[""chest pain"", ""shortness of breath"", ""dizziness""]",3,1,1,0,"[""allergies_food_env""]"
kp_0353,Aphasia,Aphasia,अफेजिया,अफेजिया,अफेजिया,अफेजिया,Difficulty speaking or understanding speech,Difficulty speaking or understanding speech,"Neurological Exam, MRI, CT Scan","Neurological Exam, MRI, CT Scan",Severe,severe,Varies,Varies,"Stroke, Brain injury","Stroke, Brain injury","Speech therapy, Medications","Speech therapy, Medications","Stroke, Brain Injury","Stroke, Brain Injury","Stroke, Brain injury","Stroke, Brain injury",Irregular sleep,irregular sleep,High stress,high stress,Low,low,Family history of stroke,Family history of stroke,"High-protein, Balanced diet","High-protein, Balanced diet",None,,All seasons,all seasons,Adults,adults,Both genders,all genders,Requires speech therapy,Requires speech therapy,Avoids loud environments,Avoids loud environments,None specific,None specific,None specific,None specific,Ginseng (1-2g),Ginseng (1-2g),"Vata, Pitta","Vata, Pitta",Vata-Pitta,Vata-Pitta,"Engage in speech therapy, avoid stress, eat a balanced diet.","Engage in speech therapy, avoid stress, eat a balanced diet.","Speech Therapy, Cognitive Therapy","Speech Therapy, Cognitive Therapy","Speech Therapy, Medications","Speech Therapy, Medications","Early Diagnosis, Speech Therapy","Early Diagnosis, Speech Therapy",Can Be Managed with Therapy,Can Be Managed with Therapy,"Communication Problems, Depression","Communication Problems, Depression","Speech Therapy, Supportive Care","Speech Therapy, Supportive Care",aphasia,"[""difficulty speaking or understanding speech""]",1,1,1,0,"[""allergies_food_env""]"
kp_0354,Asthma,Asthma,अस्थमा,अस्थमा,श्वसन कष्ट,श्वसन कष्ट,"Difficulty breathing, wheezing, coughing","Difficulty breathing, wheezing, coughing","Pulmonary Function Test, Allergy Testing","Pulmonary Function Test, Allergy Testing",Moderate to Severe,moderate to severe,Lifelong,Lifelong,"Allergies, Environmental triggers","Allergies, Environmental triggers","Inhalers, Steroids","Inhalers, Steroids","Allergies, Respiratory Infections","Allergies, Respiratory Infections","Allergens, Air pollution","Allergens, Air pollution",Irregular sleep,irregular sleep,High stress,high stress,Moderate,moderate,Family history of asthma,Family history of asthma,"Low-sodium, Balanced diet","Low-sodium, Balanced diet","Dust, Pollen","Dust, Pollen",All seasons,all seasons,"Children, Adults","children, adults",Both genders,all genders,Requires inhalers,Requires inhalers,Avoids allergens,Avoids allergens,"Herbal Remedies (Honey, Ginger)","Herbal Remedies (Honey, Ginger)","Tulsi, Ashwagandha","Tulsi, Ashwagandha",Eucalyptus oil (2 drops in water),Eucalyptus oil (2 drops in water),"Vata, Kapha","Vata, Kapha",Vata-Kapha,Vata-Kapha,"Avoid allergens, practice deep breathing, and consume anti-inflammatory foods.","Avoid allergens, practice deep breathing, and consume anti-inflammatory foods.","Breathing Exercises, Yoga","Breathing Exercises, Yoga","Inhalers, Medications","Inhalers, Medications","Avoid Triggers, Medication Adherence","Avoid Triggers, Medication Adherence",Can Be Managed with Medication,Can Be Managed with Medication,"Shortness of Breath, Wheezing","Shortness of Breath, Wheezing","Regular Medication, Avoid Triggers","Regular Medication, Avoid Triggers",asthma,"[""difficulty breathing"", ""wheezing"", ""coughing""]",3,1,0,1,[]
kp_0355,Atopic Dermatitis,Atopic Dermatitis,एटॉपिक डर्मेटाइटिस,एटॉपिक डर्मेटाइटिस,एटॉपिक डर्माटायटिस,एटॉपिक डर्माटायटिस,"Red, itchy skin, dry skin","Red, itchy skin, dry skin","Skin Biopsy, Physical Exam","Skin Biopsy, Physical Exam",Moderate,moderate,Lifelong,Lifelong,"Allergies, Family history","Allergies, Family history","Moisturizers, Steroid creams","Moisturizers, Steroid creams","Allergies, Family History","Allergies, Family History","Allergens, Dry environments","Allergens, Dry environments",Irregular sleep,irregular sleep,Moderate stress,moderate stress,Low,low,Family history of eczema,Family history of eczema,"High-moisture, Hypoallergenic diet","High-moisture, Hypoallergenic diet","Dust, Pollen","Dust, Pollen","Winter, Dry seasons","winter, dry seasons","Children, Adults","children, adults",Both genders,all genders,Requires skin care routine,Requires skin care routine,Avoids allergens,Avoids allergens,"Aloe Vera, Coconut Oil","Aloe Vera, Coconut Oil","Neem, Turmeric","Neem, Turmeric",Neem leaves (5-6),Neem leaves (5-6),Pitta,Pitta,Pitta,Pitta,"Avoid spicy foods, drink plenty of water, use moisturizing oils.","Avoid spicy foods, drink plenty of water, use moisturizing oils.","Topical Treatment, Stress Management","Topical Treatment, Stress Management","Topical Steroids, Moisturizers","Topical Steroids, Moisturizers","Avoid Triggers, Moisturize Skin","Avoid Triggers, Moisturize Skin",Can Be Managed with Treatment,Can Be Managed with Treatment,"Infections, Skin Scarring","Infections, Skin Scarring","Regular Moisturizing, Avoid Triggers","Regular Moisturizing, Avoid Triggers",atopic dermatitis,"[""red"", ""itchy skin"", ""dry skin""]",3,0,1,0,[]
kp_0356,Autoimmune Hepatitis,Autoimmune Hepatitis,स्वप्रतिरक्षी हेपेटाइटिस,स्वप्रतिरक्षी हेपेटाइटिस,स्वप्रतिरक्षी यकृतशोथ,स्वप्रतिरक्षी यकृतशोथ,"Fatigue, jaundice, nausea, abdominal pain","Fatigue, jaundice, nausea, abdominal pain","Blood Tests, Liver Biopsy","Blood Tests, Liver Biopsy",Severe,severe,Lifelong,Lifelong,"Autoimmune diseases, Viral infections","Autoimmune diseases, Viral infections",Immunosuppressants,Immunosuppressants,"Genetics, Viral Infections","Genetics, Viral Infections","Viral infections, Genetic factors","Viral infections, Genetic factors",Irregular sleep,irregular sleep,High stress,high stress,Low,low,Family history of autoimmune diseases,Family history of autoimmune diseases,"Low-fat, High-protein diet","Low-fat, High-protein diet",None,,All seasons,all seasons,Adults,adults,Both genders,all genders,Requires ongoing medication,Requires ongoing medication,Avoids alcohol,Avoids alcohol,None specific,None specific,None specific,None specific,Turmeric (1 tsp daily),Turmeric (1 tsp daily),Pitta,Pitta,Pitta,Pitta,"Avoid alcohol, consume liver-supporting foods like bitter greens.","Avoid alcohol, consume liver-supporting foods like bitter greens.",None specific,None specific,Immunosuppressive Medications,Immunosuppressive Medications,"Early Diagnosis, Treat Underlying Conditions","Early Diagnosis, Treat Underlying Conditions",Can Be Managed with Medication,Can Be Managed with Medication,"Cirrhosis, Liver Cancer","Cirrhosis, Liver Cancer","Regular Monitoring, Treat Infections","Regular Monitoring, Treat Infections",autoimmune hepatitis,"[""fatigue"", ""jaundice"", ""nausea"", ""abdominal pain""]",4,0,1,0,"[""allergies_food_env""]"
kp_0357,Bacterial Infections,Bacterial Infections,बैक्टीरियल संक्रमण,बैक्टीरियल संक्रमण,बैक्टीरियल इन्फेक्शन,बैक्टीरियल इन्फेक्शन,"Fever, chills, fatigue","Fever, chills, fatigue","Blood Tests, Cultures","Blood Tests, Cultures",Moderate to Severe,moderate to severe,1-2 weeks,1-2 weeks,"Weak immune system, Exposure to bacteria","Weak immune system, Exposure to bacteria",Antibiotics,Antibiotics,"Poor Hygiene, Close Contact","Poor Hygiene, Close Contact",Close contact with infected people,Close contact with infected people,Irregular sleep,irregular sleep,Moderate stress,moderate stress,Low,low,Family history of infections,Family history of infections,"Balanced, High-vitamin diet","Balanced, High-vitamin diet",None,,All seasons,all seasons,All age groups,all age groups,Both genders,all genders,Requires antibiotics,Requires antibiotics,Avoids crowded places,Avoids crowded places,"Garlic, Echinacea","Garlic, Echinacea",None specific,None specific,Garlic (2-3 cloves daily),Garlic (2-3 cloves daily),"Pitta, Kapha","Pitta, Kapha",Pitta-Kapha,Pitta-Kapha,"Maintain good hygiene, eat immune-boosting foods like ginger and turmeric.","Maintain good hygiene, eat immune-boosting foods like ginger and turmeric.",None specific,None specific,Antibiotics,Antibiotics,"Good Hygiene, Avoid Contact","Good Hygiene, Avoid Contact",Can Be Managed with Medication,Can Be Managed with Medication,"Sepsis, Organ Failure","Sepsis, Organ Failure","Regular Hygiene, Avoid Contact","Regular Hygiene, Avoid Contact",bacterial infections,"[""fever"", ""chills"", ""fatigue""]",3,0,1,1,"[""allergies_food_env""]"
kp_0358,Bipolar Disorder,Bipolar Disorder,बाइपोलर डिसऑर्डर,बाइपोलर डिसऑर्डर,बाइपोलर डिसऑर्डर,बाइपोलर डिसऑर्डर,"Mood swings, depressive episodes, manic episodes","Mood swings, depressive episodes, manic episodes","Psychological Evaluation, Blood Tests","Psychological Evaluation, Blood Tests",Severe,severe,Lifelong,Lifelong,"Family history, Stress","Family history, Stress","Mood stabilizers, Antidepressants","Mood stabilizers, Antidepressants","Genetics, Stress, Substance Abuse","Genetics, Stress, Substance Abuse","Stress, Lack of sleep","Stress, Lack of sleep",Irregular sleep,irregular sleep,High stress,high stress,Low,low,Family history of bipolar disorder,Family history of bipolar disorder,"Low-caffeine, Balanced diet","Low-caffeine, Balanced diet",None,,All seasons,all seasons,Adults,adults,Both genders,all genders,Requires therapy,Requires therapy,Avoids stress-inducing situations,Avoids stress-inducing situations,Herbal Remedies (St. John's Wort),Herbal Remedies (St. John's Wort),"Ashwagandha, Brahmi","Ashwagandha, Brahmi",Ashwagandha (5g),Ashwagandha (5g),"Vata, Pitta","Vata, Pitta",Vata-Pitta,Vata-Pitta,"Regular sleep patterns, manage stress with yoga and meditation.","Regular sleep patterns, manage stress with yoga and meditation.","Cognitive Therapy, Stress Management","Cognitive Therapy, Stress Management",Medications (Mood Stabilizers),Medications (Mood Stabilizers),"Therapy, Medication Adherence","Therapy, Medication Adherence",Can Be Managed with Medication,Can Be Managed with Medication,"Depression, Mania","Depression, Mania","Regular Therapy, Medication Adherence","Regular Therapy, Medication Adherence",bipolar disorder,"[""mood swings"", ""depressive episodes"", ""manic episodes""]",3,1,1,0,"[""allergies_food_env""]"
kp_0359,Bladder Cancer,Bladder Cancer,मूत्राशय का कैंसर,मूत्राशय का कैंसर,मूत्राशय कॅन्सर,मूत्राशय कॅन्सर,"Painful urination, blood in urine","Painful urination, blood in urine","Urine Tests, Cystoscopy, Biopsy","Urine Tests, Cystoscopy, Biopsy",Severe,severe,6-12 months,6-12 months,"Smoking, Chronic urinary infections","Smoking, Chronic urinary infections","Surgery, Chemotherapy, Radiation","Surgery, Chemotherapy, Radiation","Smoking, Chemical Exposure","Smoking, Chemical Exposure","Smoking, Chronic urinary infections","Smoking, Chronic urinary infections",Irregular sleep,irregular sleep,Moderate stress,moderate stress,Low,low,Family history of bladder cancer,Family history of bladder cancer,"Low-fat, High-antioxidant diet","Low-fat, High-antioxidant diet",None,,All seasons,all seasons,Adults,adults,Both genders,all genders,Requires ongoing monitoring,Requires ongoing monitoring,Avoids smoking,Avoids smoking,None specific,None specific,None specific,None specific,Cranberry (200ml daily),Cranberry (200ml daily),"Vata, Kapha","Vata, Kapha",Vata-Kapha,Vata-Kapha,"Drink plenty of water, avoid bladder irritants like caffeine and alcohol.","Drink plenty of water, avoid bladder irritants like caffeine and alcohol.",None specific,None specific,"Surgery, Chemotherapy, Radiation","Surgery, Chemotherapy, Radiation","Avoid Smoking, Regular Screening","Avoid Smoking, Regular Screening",Can Be Managed with Treatment,Can Be Managed with Treatment,"Spread to Other Organs, Recurrence","Spread to Other Organs, Recurrence","Regular Monitoring, Healthy Diet","Regular Monitoring, Healthy Diet",bladder cancer,"[""painful urination"", ""blood in urine""]",2,1,0,1,"[""allergies_food_env""]"
kp_0360,Brain Tumors,Brain Tumors,मस्तिष्क ट्यूमर,मस्तिष्क ट्यूमर,मेंदूचा गाठ,मेंदूचा गाठ,"Headaches, nausea, seizures","Headaches, nausea, seizures","CT Scan, MRI, Biopsy","CT Scan, MRI, Biopsy",Severe,severe,6-12 months,6-12 months,"Family history, Genetic conditions","Family history, Genetic conditions","Surgery, Chemotherapy, Radiation","Surgery, Chemotherapy, Radiation","Genetics, Exposure to Radiation","Genetics, Exposure to Radiation","Radiation, Genetic predisposition","Radiation, Genetic predisposition",Irregular sleep,irregular sleep,High stress,high stress,Low,low,Family history of brain tumors,Family history of brain tumors,"High-protein, Balanced diet","High-protein, Balanced diet",None,,All seasons,all seasons,"Adults, Children","adults, children",Both genders,all genders,Requires ongoing monitoring,Requires ongoing monitoring,Avoids smoking,Avoids smoking,None specific,None specific,None specific,None specific,Turmeric (1 tsp daily),Turmeric (1 tsp daily),Pitta,Pitta,Pitta,Pitta,Consume anti-inflammatory foods like turmeric and omega-3s.,Consume anti-inflammatory foods like turmeric and omega-3s.,None specific,None specific,"Surgery, Radiation, Chemotherapy","Surgery, Radiation, Chemotherapy","Early Diagnosis, Avoid Toxins","Early Diagnosis, Avoid Toxins",Can Be Managed with Treatment,Can Be Managed with Treatment,"Neurological Deficits, Seizures","Neurological Deficits, Seizures","Regular Monitoring, Healthy Lifestyle","Regular Monitoring, Healthy Lifestyle",brain tumors,"[""headaches"", ""nausea"", ""seizures""]",3,0,1,0,"[""allergies_food_env""]"
kp_0361,Bronchiectasis,Bronchiectasis,ब्रोन्कीएकटेसिस,ब्रोन्कीएकटेसिस,ब्रोन्कीएक्टेसिस,ब्रोन्कीएक्टेसिस,"Chronic cough, sputum production, wheezing","Chronic cough, sputum production, wheezing","Chest X-ray, CT Scan, Sputum Test","Chest X-ray, CT Scan, Sputum Test",Moderate to Severe,moderate to severe,Lifelong,Lifelong,Chronic respiratory infections,Chronic respiratory infections,"Antibiotics, Steroids","Antibiotics, Steroids","Respiratory Infections, Smoking","Respiratory Infections, Smoking","Respiratory infections, Air pollution","Respiratory infections, Air pollution",Irregular sleep,irregular sleep,High stress,high stress,Low,low,Family history of lung disease,Family history of lung disease,"Low-fat, High-antioxidant diet","Low-fat, High-antioxidant diet","Pollen, Dust","Pollen, Dust","Winter, Dry seasons","winter, dry seasons",Adults,adults,Both genders,all genders,Requires inhalers,Requires inhalers,Avoids pollutants,Avoids pollutants,None specific,None specific,None specific,None specific,Licorice root (2g daily),Licorice root (2g daily),"Vata, Kapha","Vata, Kapha",Vata-Kapha,Vata-Kapha,"Practice breathing exercises, stay hydrated, and avoid cold air.","Practice breathing exercises, stay hydrated, and avoid cold air.",Pulmonary Rehabilitation,Pulmonary Rehabilitation,"Antibiotics, Pulmonary Rehabilitation","Antibiotics, Pulmonary Rehabilitation","Vaccination, Avoid Smoking","Vaccination, Avoid Smoking",Can Be Managed with Medication,Can Be Managed with Medication,"Lung Infections, Respiratory Failure","Lung Infections, Respiratory Failure","Regular Monitoring, Pulmonary Rehab","Regular Monitoring, Pulmonary Rehab",bronchiectasis,"[""chronic cough"", ""sputum production"", ""wheezing""]",3,1,0,1,[]
kp_0362,Candidiasis,Candidiasis,कैंडिडिआसिस,कैंडिडिआसिस,कॅण्डिडायसिस,कॅण्डिडायसिस,"Itchy skin, white patches, burning sensation","Itchy skin, white patches, burning sensation","Physical Exam, Blood Test, Cultures","Physical Exam, Blood Test, Cultures",Moderate to Severe,moderate to severe,1-4 weeks,1-4 weeks,"Weakened immune system, Diabetes","Weakened immune system, Diabetes",Antifungal medications,Antifungal medications,"Weakened Immune System, Antibiotic Use","Weakened Immune System, Antibiotic Use","Fungal infections, Antibiotic use","Fungal infections, Antibiotic use",Irregular sleep,irregular sleep,Moderate stress,moderate stress,Low,low,Family history of infections,Family history of infections,"Balanced, Low-sugar diet","Balanced, Low-sugar diet",None,,All seasons,all seasons,"Adults, Children","adults, children",Both genders,all genders,Requires antifungal treatment,Requires antifungal treatment,Avoids sugary foods,Avoids sugary foods,"Tea Tree Oil, Garlic","Tea Tree Oil, Garlic","Neem, Turmeric","Neem, Turmeric",Coconut oil (1-2 tbsp daily),Coconut oil (1-2 tbsp daily),Pitta,Pitta,Pitta,Pitta,"Avoid sugar, consume probiotic-rich foods like yogurt.","Avoid sugar, consume probiotic-rich foods like yogurt.",None specific,None specific,Antifungal Medications,Antifungal Medications,"Good Hygiene, Avoid Overuse of Antibiotics","Good Hygiene, Avoid Overuse of Antibiotics",Can Be Managed with Medication,Can Be Managed with Medication,"Recurrence, Organ Infection","Recurrence, Organ Infection","Regular Hygiene, Treat Underlying Conditions","Regular Hygiene, Treat Underlying Conditions",candidiasis,"[""itchy skin"", ""white patches"", ""burning sensation""]",3,0,1,0,"[""allergies_food_env""]"
kp_0363,Celiac Disease,Celiac Disease,सेलिएक रोग,सेलिएक रोग,सेलीयाक रोग,सेलीयाक रोग,"Diarrhea, bloating, weight loss","Diarrhea, bloating, weight loss","Blood Tests, Endoscopy","Blood Tests, Endoscopy",Moderate to Severe,moderate to severe,Lifelong,Lifelong,"Genetic, Gluten sensitivity","Genetic, Gluten sensitivity","Gluten-free diet, Supplements","Gluten-free diet, Supplements","Genetic Factors, Gluten Consumption","Genetic Factors, Gluten Consumption","Gluten, Genetic predisposition","Gluten, Genetic predisposition",Irregular sleep,irregular sleep,High stress,high stress,Low,low,Family history of celiac,Family history of celiac,Gluten-free diet,Gluten-free diet,Gluten,Gluten,All seasons,all seasons,"Adults, Children","adults, children",Both genders,all genders,Requires dietary control,Requires dietary control,Avoids gluten,Avoids gluten,Gluten-Free Diet,Gluten-Free Diet,None specific,None specific,Avoid gluten-containing foods,Avoid gluten-containing foods,Kapha,Kapha,Kapha,Kapha,"Follow a strict gluten-free diet, eat easily digestible foods.","Follow a strict gluten-free diet, eat easily digestible foods.",None specific,None specific,Gluten-Free Diet,Gluten-Free Diet,"Gluten-Free Diet, Early Diagnosis","Gluten-Free Diet, Early Diagnosis",Can Be Managed with Diet,Can Be Managed with Diet,"Malnutrition, Bone Loss","Malnutrition, Bone Loss",Strict Gluten-Free Diet,Strict Gluten-Free Diet,celiac disease,"[""diarrhea"", ""bloating"", ""weight loss""]",3,0,0,1,[]
kp_0364,Cerebral Palsy,Cerebral Palsy,सेरेब्रल पाल्सी,सेरेब्रल पाल्सी,सेरेब्रल पाल्सी,सेरेब्रल पाल्सी,"Muscle weakness, spasticity, difficulty with movement","Muscle weakness, spasticity, difficulty with movement","Physical Exam, MRI","Physical Exam, MRI",Severe,severe,Lifelong,Lifelong,"Birth-related injury, Genetic factors","Birth-related injury, Genetic factors","Physical therapy, Medication","Physical therapy, Medication","Premature Birth, Birth Injuries","Premature Birth, Birth Injuries","Premature birth, Birth trauma","Premature birth, Birth trauma",Irregular sleep,irregular sleep,Moderate stress,moderate stress,Low,low,Family history of cerebral palsy,Family history of cerebral palsy,"High-protein, Balanced diet","High-protein, Balanced diet",None,,All seasons,all seasons,Children,children,Both genders,all genders,Requires ongoing therapy,Requires ongoing therapy,Avoids physical exertion,Avoids physical exertion,None specific,None specific,None specific,None specific,Magnesium (250mg daily),Magnesium (250mg daily),"Vata, Pitta","Vata, Pitta",Vata-Pitta,Vata-Pitta,"Engage in physical therapy, avoid processed foods, and practice gentle yoga.","Engage in physical therapy, avoid processed foods, and practice gentle yoga.","Physical Therapy, Occupational Therapy","Physical Therapy, Occupational Therapy","Physical Therapy, Medications","Physical Therapy, Medications","Early Diagnosis, Therapy","Early Diagnosis, Therapy",Can Be Managed with Therapy,Can Be Managed with Therapy,"Muscle Contractures, Seizures","Muscle Contractures, Seizures","Regular Monitoring, Physical Therapy","Regular Monitoring, Physical Therapy",cerebral palsy,"[""muscle weakness"", ""spasticity"", ""difficulty with movement""]",3,1,1,0,"[""allergies_food_env""]"
kp_0365,Chronic Fatigue Syndrome,Chronic Fatigue Syndrome,पुरानी थकान सिंड्रोम,पुरानी थकान सिंड्रोम,दीर्घकालीन थकवा सिंड्रोम,दीर्घकालीन थकवा सिंड्रोम,"Extreme tiredness, muscle aches, sleep problems","Extreme tiredness, muscle aches, sleep problems","Physical Exam, Blood Tests","Physical Exam, Blood Tests",Severe,severe,Lifelong,Lifelong,"Viral infections, Stress","Viral infections, Stress","Antidepressants, Pain relievers","Antidepressants, Pain relievers","Viral Infections, Stress","Viral Infections, Stress","Stress, Viral infections","Stress, Viral infections",Irregular sleep,irregular sleep,High stress,high stress,Low,low,Family history of fatigue syndrome,Family history of fatigue syndrome,"Low-sugar, High-fiber diet","Low-sugar, High-fiber diet",None,,All seasons,all seasons,Adults,adults,Both genders,all genders,Requires ongoing monitoring,Requires ongoing monitoring,Avoids stress-inducing situations,Avoids stress-inducing situations,None specific,None specific,"Ashwagandha, Brahmi","Ashwagandha, Brahmi",Ashwagandha (5g daily),Ashwagandha (5g daily),"Vata, Pitta","Vata, Pitta",Vata-Pitta,Vata-Pitta,"Follow a balanced diet with protein and healthy fats, avoid overexertion.","Follow a balanced diet with protein and healthy fats, avoid overexertion.",Cognitive Behavioral Therapy,Cognitive Behavioral Therapy,"Symptom Management, Therapy","Symptom Management, Therapy","Stress Management, Regular Exercise","Stress Management, Regular Exercise",Can Be Managed with Treatment,Can Be Managed with Treatment,"Disability, Sleep Disorders","Disability, Sleep Disorders","Regular Exercise, Stress Management","Regular Exercise, Stress Management",chronic fatigue syndrome,"[""extreme tiredness"", ""muscle aches"", ""sleep problems""]",3,1,1,0,"[""allergies_food_env""]"
kp_0366,Chronic Sinusitis,Chronic Sinusitis,पुरानी साइनसाइटिस,पुरानी साइनसाइटिस,पुरानी सायनसाइटिस,पुरानी सायनसाइटिस,"Nasal congestion, facial pain, headaches","Nasal congestion, facial pain, headaches","Nasal Endoscopy, CT Scan, Blood Tests","Nasal Endoscopy, CT Scan, Blood Tests",Moderate to Severe,moderate to severe,1-3 months,1-3 months,"Allergies, Respiratory infections","Allergies, Respiratory infections","Nasal sprays, Antibiotics","Nasal sprays, Antibiotics","Allergies, Infections, Nasal Polyps","Allergies, Infections, Nasal Polyps","Allergens, Air pollution","Allergens, Air pollution",Irregular sleep,irregular sleep,Moderate stress,moderate stress,Low,low,Family history of sinusitis,Family history of sinusitis,"Low-sodium, Balanced diet","Low-sodium, Balanced diet","Dust, Pollen","Dust, Pollen","Winter, Dry seasons","winter, dry seasons",Adults,adults,Both genders,all genders,Requires nasal care routine,Requires nasal care routine,Avoids allergens,Avoids allergens,"Steam Inhalation, Neti Pot","Steam Inhalation, Neti Pot",None specific,None specific,Eucalyptus oil (2 drops in water),Eucalyptus oil (2 drops in water),"Vata, Kapha","Vata, Kapha",Vata-Kapha,Vata-Kapha,"Inhale steam with eucalyptus, avoid allergens, stay hydrated.","Inhale steam with eucalyptus, avoid allergens, stay hydrated.",None specific,None specific,"Decongestants, Surgery","Decongestants, Surgery","Good Hygiene, Avoid Allergens","Good Hygiene, Avoid Allergens",Can Be Managed with Medication,Can Be Managed with Medication,"Infections, Sleep Issues","Infections, Sleep Issues","Regular Hygiene, Treat Infections","Regular Hygiene, Treat Infections",chronic sinusitis,"[""nasal congestion"", ""facial pain"", ""headaches""]",3,1,0,1,[]
kp_0367,Cirrhosis,Cirrhosis,सिरॉसिस,सिरॉसिस,सिरॉसिस,सिरॉसिस,"Jaundice, fatigue, abdominal pain","Jaundice, fatigue, abdominal pain","Blood Tests, Liver Biopsy, Ultrasound","Blood Tests, Liver Biopsy, Ultrasound",Severe,severe,Lifelong,Lifelong,"Alcoholism, Hepatitis","Alcoholism, Hepatitis","Medications, Liver transplant","Medications, Liver transplant","Alcohol Use, Viral Infections","Alcohol Use, Viral Infections","Alcohol, Hepatitis","Alcohol, Hepatitis",Irregular sleep,irregular sleep,High stress,high stress,Low,low,Family history of liver disease,Family history of liver disease,"Low-fat, High-protein diet","Low-fat, High-protein diet","Alcohol, Tobacco","Alcohol, Tobacco",All seasons,all seasons,Adults,adults,Both genders,all genders,Requires ongoing monitoring,Requires ongoing monitoring,Avoids alcohol,Avoids alcohol,None specific,None specific,None specific,None specific,Milk Thistle (200mg daily),Milk Thistle (200mg daily),Pitta,Pitta,Pitta,Pitta,"Avoid alcohol, eat liver-supporting foods like beets and bitter greens.","Avoid alcohol, eat liver-supporting foods like beets and bitter greens.",None specific,None specific,"Liver Transplant, Medications","Liver Transplant, Medications","Avoid Alcohol, Treat Infections","Avoid Alcohol, Treat Infections",Can Be Managed with Treatment,Can Be Managed with Treatment,"Liver Failure, Liver Cancer","Liver Failure, Liver Cancer","Regular Monitoring, Healthy Lifestyle","Regular Monitoring, Healthy Lifestyle",cirrhosis,"[""jaundice"", ""fatigue"", ""abdominal pain""]",3,0,1,0,[]
kp_0368,Cleft Lip and Palate,Cleft Lip and Palate,उभयद्वारी ओठ आणि तालू,उभयद्वारी ओठ आणि तालू,उभयद्वारी ओठ आणि तालू,उभयद्वारी ओठ आणि तालू,"Difficulty eating, speech problems","Difficulty eating, speech problems","Physical Exam, Imaging Tests","Physical Exam, Imaging Tests",Moderate,moderate,6-12 months,6-12 months,"Genetic factors, Family history","Genetic factors, Family history","Surgery, Speech therapy","Surgery, Speech therapy","Genetic Factors, Maternal Smoking","Genetic Factors, Maternal Smoking","Genetic factors, Environmental triggers","Genetic factors, Environmental triggers",Irregular sleep,irregular sleep,Low stress,low stress,Low,low,Family history of cleft palate,Family history of cleft palate,"Balanced, Nutrient-rich diet","Balanced, Nutrient-rich diet",None,,All seasons,all seasons,Children,children,Both genders,all genders,Requires surgery,Requires surgery,Avoids heavy physical exertion,Avoids heavy physical exertion,None specific,None specific,None specific,None specific,Vitamin A (5000 IU daily),Vitamin A (5000 IU daily),"Pitta, Vata","Vata, Pitta",Pitta-Vata,Pitta-Vata,"Follow speech therapy, eat soft foods, and avoid harsh chemicals.","Follow speech therapy, eat soft foods, and avoid harsh chemicals.","Speech Therapy, Physical Therapy","Speech Therapy, Physical Therapy",Surgery,Surgery,"Early Diagnosis, Surgery","Early Diagnosis, Surgery",Can Be Corrected with Surgery,Can Be Corrected with Surgery,Speech and Feeding Difficulties,Speech and Feeding Difficulties,"Early Surgery, Speech Therapy","Early Surgery, Speech Therapy",cleft lip and palate,"[""difficulty eating"", ""speech problems""]",2,1,1,0,"[""allergies_food_env""]"
kp_0369,Cold Sores,Cold Sores,जुकाम के घाव,जुकाम के घाव,सर्दी मुळे होणारा घाव,सर्दी मुळे होणारा घाव,Blisters on lips or around the mouth,Blisters on lips or around the mouth,"Physical Exam, Viral Culture","Physical Exam, Viral Culture",Mild to Moderate,mild to moderate,1-2 weeks,1-2 weeks,"Weakened immune system, Stress","Weakened immune system, Stress",Antiviral medications,Antiviral medications,"Stress, Viral Infections","Stress, Viral Infections","Stress, Exposure to cold","Stress, Exposure to cold",Irregular sleep,irregular sleep,High stress,high stress,Low,low,Family history of cold sores,Family history of cold sores,"Balanced, Low-sugar diet","Balanced, Low-sugar diet",None,,All seasons,all seasons,"Adults, Children","adults, children",Both genders,all genders,Requires topical treatment,Requires topical treatment,Avoids stress,Avoids stress,"Aloe Vera, Lemon Balm","Aloe Vera, Lemon Balm",None specific,None specific,Lemon balm (5g daily),Lemon balm (5g daily),Pitta,Pitta,Pitta,Pitta,"Avoid stress, apply a cold compress to the affected area, eat antiviral foods.","Avoid stress, apply a cold compress to the affected area, eat antiviral foods.",None specific,None specific,Antiviral Medications,Antiviral Medications,"Avoid Direct Contact, Stress Management","Avoid Direct Contact, Stress Management",Can Be Managed with Medication,Can Be Managed with Medication,"Recurrence, Spread to Other Areas","Recurrence, Spread to Other Areas","Regular Hygiene, Stress Management","Regular Hygiene, Stress Management",cold sores,"[""blisters on lips or around the mouth""]",1,0,1,0,"[""allergies_food_env""]"
kp_0370,Colorectal Cancer,Colorectal Cancer,कोलन कैंसर,कोलन कैंसर,कोलन कॅन्सर,कोलन कॅन्सर,"Abdominal pain, blood in stool, weight loss","Abdominal pain, blood in stool, weight loss","Colonoscopy, Biopsy, Blood Tests","Colonoscopy, Biopsy, Blood Tests",Severe,severe,6-12 months,6-12 months,"Family history, Age over 50","Family history, Age over 50","Surgery, Chemotherapy, Radiation","Surgery, Chemotherapy, Radiation","Age, Family History, Diet","Age, Family History, Diet",Diet high in processed food,Diet high in processed food,Irregular sleep,irregular sleep,High stress,high stress,Low,low,Family history of cancer,Family history of cancer,"Low-fat, High-fiber diet","Low-fat, High-fiber diet",None,,All seasons,all seasons,Adults,adults,Both genders,all genders,Requires ongoing monitoring,Requires ongoing monitoring,Avoids processed foods,Avoids processed foods,None specific,None specific,None specific,None specific,Aloe Vera (2 tbsp),Aloe Vera (2 tbsp),"Vata, Pitta","Vata, Pitta",Vata-Pitta,Vata-Pitta,"Increase fiber intake, avoid red and processed meats.","Increase fiber intake, avoid red and processed meats.",None specific,None specific,"Surgery, Chemotherapy, Radiation","Surgery, Chemotherapy, Radiation","Regular Screening, Healthy Diet","Regular Screening, Healthy Diet",Can Be Managed with Treatment,Can Be Managed with Treatment,"Spread to Other Organs, Recurrence","Spread to Other Organs, Recurrence","Regular Screening, Healthy Lifestyle","Regular Screening, Healthy Lifestyle",colorectal cancer,"[""abdominal pain"", ""blood in stool"", ""weight loss""]",3,1,1,0,"[""allergies_food_env""]"
kp_0371,Conjunctivitis,Conjunctivitis,नेत्रशोथ,नेत्रशोथ,नेत्रशोथ,नेत्रशोथ,"Red eyes, itchy eyes, eye discharge","Red eyes, itchy eyes, eye discharge","Physical Exam, Eye Swab","Physical Exam, Eye Swab",Mild to Moderate,mild to moderate,1-2 weeks,1-2 weeks,"Allergies, Viral infections","Allergies, Viral infections","Antihistamines, Eye drops","Antihistamines, Eye drops",Bacterial or Viral Infections,Bacterial or Viral Infections,"Allergens, Viral infections","Allergens, Viral infections",Irregular sleep,irregular sleep,Moderate stress,moderate stress,Low,low,Family history of eye infections,Family history of eye infections,"Balanced, Nutrient-rich diet","Balanced, Nutrient-rich diet","Dust, Pollen","Dust, Pollen",All seasons,all seasons,All ages,all ages,Both genders,all genders,Requires eye care routine,Requires eye care routine,Avoids allergens,Avoids allergens,None specific,None specific,None specific,None specific,Chamomile (2g in warm water),Chamomile (2g in warm water),Pitta,Pitta,Pitta,Pitta,"Practice good hygiene, avoid eye irritation, and wear sunglasses.","Practice good hygiene, avoid eye irritation, and wear sunglasses.",None specific,None specific,"Antibiotics, Antihistamines","Antibiotics, Antihistamines","Good Hygiene, Avoid Contact","Good Hygiene, Avoid Contact",Can Be Managed with Medication,Can Be Managed with Medication,"Spread to Other Areas, Vision Problems","Spread to Other Areas, Vision Problems","Regular Hygiene, Avoid Sharing Items","Regular Hygiene, Avoid Sharing Items",conjunctivitis,"[""red eyes"", ""itchy eyes"", ""eye discharge""]",3,0,1,0,[]
kp_0372,COPD (Chronic Obstructive Pulmonary Disease),COPD (Chronic Obstructive Pulmonary Disease),क्रोनिक अवरोधक पल्मोनरी रोग,क्रोनिक अवरोधक पल्मोनरी रोग,पुराना श्वसन मार्ग रोग,पुराना श्वसन मार्ग रोग,"Shortness of breath, wheezing, chronic cough","Shortness of breath, wheezing, chronic cough","Pulmonary Function Tests, Chest X-ray","Pulmonary Function Tests, Chest X-ray",Moderate to Severe,moderate to severe,Lifelong,Lifelong,"Smoking, Air pollution","Smoking, Air pollution","Bronchodilators, Steroids","Bronchodilators, Steroids","Smoking, Air Pollution","Smoking, Air Pollution","Smoking, Air pollution","Smoking, Air pollution",Irregular sleep,irregular sleep,High stress,high stress,Low,low,Family history of lung disease,Family history of lung disease,"Low-sodium, High-antioxidant diet","Low-sodium, High-antioxidant diet","Pollen, Dust","Pollen, Dust","Winter, Dry seasons","winter, dry seasons",Adults,adults,Both genders,all genders,Requires inhalers,Requires inhalers,Avoids smoking,Avoids smoking,None specific,None specific,None specific,None specific,Oregano oil (3 drops in water),Oregano oil (3 drops in water),"Vata, Kapha","Vata, Kapha",Vata-Kapha,Vata-Kapha,"Avoid smoking, stay in a smoke-free environment, and do breathing exercises.","Avoid smoking, stay in a smoke-free environment, and do breathing exercises.",Pulmonary Rehabilitation,Pulmonary Rehabilitation,"Medications, Oxygen Therapy","Medications, Oxygen Therapy","Quit Smoking, Avoid Pollutants","Quit Smoking, Avoid Pollutants",Can Be Managed with Medication,Can Be Managed with Medication,"Respiratory Failure, Infections","Respiratory Failure, Infections","Quit Smoking, Regular Monitoring","Quit Smoking, Regular Monitoring",copd chronic obstructive pulmonary disease,"[""shortness of breath"", ""wheezing"", ""chronic cough""]",3,1,0,1,[]
kp_0373,Coronary Artery Disease,Coronary Artery Disease,कोरोनरी धमनी रोग,कोरोनरी धमनी रोग,कोरोनरी धमन्यांचे रोग,कोरोनरी धमन्यांचे रोग,"Chest pain, shortness of breath, fatigue","Chest pain, shortness of breath, fatigue","ECG, Stress Test, Angiogram","ECG, Stress Test, Angiogram",Severe,severe,Lifelong,Lifelong,"Hypertension, High cholesterol","Hypertension, High cholesterol","Statins, Beta-blockers","Statins, Beta-blockers","High Blood Pressure, Smoking","High Blood Pressure, Smoking","Smoking, High-fat diet","Smoking, High-fat diet",Irregular sleep,irregular sleep,High stress,high stress,Low,low,Family history of heart disease,Family history of heart disease,"Low-fat, High-fiber diet","Low-fat, High-fiber diet",None,,All seasons,all seasons,Adults,adults,Both genders,all genders,Requires ongoing monitoring,Requires ongoing monitoring,Avoids high-fat foods,Avoids high-fat foods,None specific,None specific,None specific,None specific,Garlic (2-3 cloves daily),Garlic (2-3 cloves daily),"Vata, Pitta","Vata, Pitta",Vata-Pitta,Vata-Pitta,Follow a heart-healthy diet with low sodium and high omega-3 foods.,Follow a heart-healthy diet with low sodium and high omega-3 foods.,Cardiac Rehabilitation,Cardiac Rehabilitation,"Surgery, Medications","Surgery, Medications","Healthy Diet, Regular Exercise","Healthy Diet, Regular Exercise",Can Be Managed with Treatment,Can Be Managed with Treatment,"Heart Attack, Heart Failure","Heart Attack, Heart Failure","Regular Exercise, Healthy Diet","Regular Exercise, Healthy Diet",coronary artery disease,"[""chest pain"", ""shortness of breath"", ""fatigue""]",3,1,1,0,"[""allergies_food_env""]"
kp_0374,Crohn's Disease,Crohn's Disease,क्रोहन रोग,क्रोहन रोग,क्रोहन रोग,क्रोहन रोग,"Abdominal pain, diarrhea, fatigue","Abdominal pain, diarrhea, fatigue","Colonoscopy, Biopsy, Blood Tests","Colonoscopy, Biopsy, Blood Tests",Severe,severe,Lifelong,Lifelong,"Genetic, Autoimmune diseases","Genetic, Autoimmune diseases","Immunosuppressants, Steroids","Immunosuppressants, Steroids","Genetics, Diet, Immune System","Genetics, Diet, Immune System","Stress, Genetic factors","Stress, Genetic factors",Irregular sleep,irregular sleep,High stress,high stress,Low,low,Family history of Crohn's,Family history of Crohn's,"Low-fat, High-fiber diet","Low-fat, High-fiber diet",None,,All seasons,all seasons,Adults,adults,Both genders,all genders,Requires ongoing treatment,Requires ongoing treatment,Avoids stress,Avoids stress,None specific,None specific,None specific,None specific,Turmeric (1 tsp daily),Turmeric (1 tsp daily),"Vata, Pitta","Vata, Pitta",Vata-Pitta,Vata-Pitta,"Eat small, frequent meals, avoid spicy and fatty foods.","Eat small, frequent meals, avoid spicy and fatty foods.",None specific,None specific,"Medications, Surgery","Medications, Surgery","Regular Monitoring, Healthy Diet","Regular Monitoring, Healthy Diet",Can Be Managed with Medication,Can Be Managed with Medication,"Nutritional Deficiencies, Infections","Nutritional Deficiencies, Infections","Regular Monitoring, Stress Management","Regular Monitoring, Stress Management",crohn s disease,"[""abdominal pain"", ""diarrhea"", ""fatigue""]",3,1,1,0,"[""allergies_food_env""]"
kp_0375,Cystitis,Cystitis,मूत्राशय शोथ,मूत्राशय शोथ,मूत्राशय शोथ,मूत्राशय शोथ,"Painful urination, frequent urge to urinate","Painful urination, frequent urge to urinate","Urine Test, Physical Exam","Urine Test, Physical Exam",Mild to Moderate,mild to moderate,1-2 weeks,1-2 weeks,"Urinary tract infections, Diabetes","Urinary tract infections, Diabetes","Antibiotics, Pain relievers","Antibiotics, Pain relievers","UTI, Poor Hygiene, Sexual Activity","UTI, Poor Hygiene, Sexual Activity","Bacterial infections, Sexual activity","Bacterial infections, Sexual activity",Irregular sleep,irregular sleep,Moderate stress,moderate stress,Low,low,Family history of UTIs,Family history of UTIs,"Balanced, High-fluid diet","Balanced, High-fluid diet",None,,All seasons,all seasons,"Adults, Children","adults, children",Both genders,all genders,Requires antibiotics,Requires antibiotics,Avoids irritants,Avoids irritants,None specific,None specific,None specific,None specific,Cranberry (200ml daily),Cranberry (200ml daily),Vata,Vata,Vata,Vata,"Drink plenty of water, avoid caffeine, and practice good hygiene.","Drink plenty of water, avoid caffeine, and practice good hygiene.",None specific,None specific,Antibiotics,Antibiotics,"Good Hygiene, Hydration","Good Hygiene, Hydration",Can Be Managed with Medication,Can Be Managed with Medication,"Recurrent Infections, Kidney Damage","Recurrent Infections, Kidney Damage","Regular Hygiene, Hydration","Regular Hygiene, Hydration",cystitis,"[""painful urination"", ""frequent urge to urinate""]",2,1,0,0,"[""allergies_food_env""]"
kp_0376,Depression,Depression,अवसाद,अवसाद,डिप्रेशन,डिप्रेशन,"Low mood, fatigue, loss of interest in activities","Low mood, fatigue, loss of interest in activities","Psychological Evaluation, Blood Tests","Psychological Evaluation, Blood Tests",Severe,severe,Varies,Varies,"Family history, Stress","Family history, Stress","Antidepressants, Therapy","Antidepressants, Therapy","Genetics, Trauma, Stress","Genetics, Trauma, Stress","Stress, Genetic factors","Stress, Genetic factors",Irregular sleep,irregular sleep,High stress,high stress,Low,low,Family history of depression,Family history of depression,"Low-sugar, Balanced diet","Low-sugar, Balanced diet",None,,All seasons,all seasons,Adults,adults,Both genders,all genders,Requires therapy,Requires therapy,Avoids stress-inducing situations,Avoids stress-inducing situations,Herbal Remedies (St. John's Wort),Herbal Remedies (St. John's Wort),"Ashwagandha, Brahmi","Ashwagandha, Brahmi",Ashwagandha (5g daily),Ashwagandha (5g daily),"Vata, Pitta","Vata, Pitta",Vata-Pitta,Vata-Pitta,"Follow a healthy sleep routine, practice meditation, and consume omega-3s.","Follow a healthy sleep routine, practice meditation, and consume omega-3s.",Cognitive Behavioral Therapy,Cognitive Behavioral Therapy,"Therapy, Medications","Therapy, Medications","Therapy, Medication Adherence","Therapy, Medication Adherence",Can Be Managed with Treatment,Can Be Managed with Treatment,"Suicide, Physical Health Problems","Suicide, Physical Health Problems","Regular Therapy, Medication Adherence","Regular Therapy, Medication Adherence",depression,"[""low mood"", ""fatigue"", ""loss of interest in activities""]",3,1,1,0,"[""allergies_food_env""]"
kp_0377,Dementia,Dementia,मतेमधोरी,मतेमधोरी,मतेमधोरी,मतेमधोरी,"Memory loss, confusion, difficulty concentrating","Memory loss, confusion, difficulty concentrating","Neurological Exam, Brain Imaging","Neurological Exam, Brain Imaging",Severe,severe,Lifelong,Lifelong,"Age, Genetic factors","Age, Genetic factors",Medications for cognitive decline,Medications for cognitive decline,"Age, Genetics, Brain Injury","Age, Genetics, Brain Injury","Aging, Genetic factors","Aging, Genetic factors",Irregular sleep,irregular sleep,High stress,high stress,Low,low,Family history of dementia,Family history of dementia,"Low-fat, High-antioxidant diet","Low-fat, High-antioxidant diet",None,,All seasons,all seasons,Adults,adults,Both genders,all genders,Requires ongoing monitoring,Requires ongoing monitoring,Avoids stress,Avoids stress,None specific,None specific,"Brahmi, Ashwagandha","Brahmi, Ashwagandha",Brahmi (2g daily),Brahmi (2g daily),Vata,Vata,Vata,Vata,"Engage in cognitive exercises, eat brain-boosting foods like walnuts and fish.","Engage in cognitive exercises, eat brain-boosting foods like walnuts and fish.","Cognitive Therapy, Supportive Care","Cognitive Therapy, Supportive Care","Medications, Therapy","Medications, Therapy","Early Diagnosis, Cognitive Therapy","Early Diagnosis, Cognitive Therapy",Can Be Managed with Treatment,Can Be Managed with Treatment,"Memory Loss, Disability","Memory Loss, Disability","Regular Therapy, Supportive Care","Regular Therapy, Supportive Care",dementia,"[""memory loss"", ""confusion"", ""difficulty concentrating""]",3,1,0,0,"[""allergies_food_env""]"
kp_0378,Diabetic Neuropathy,Diabetic Neuropathy,मधुमेह तंत्रिका विकार,मधुमेह तंत्रिका विकार,मधुमेह तंत्रिका विकार,मधुमेह तंत्रिका विकार,"Numbness, tingling, pain in limbs","Numbness, tingling, pain in limbs","Physical Exam, Blood Tests, Nerve Tests","Physical Exam, Blood Tests, Nerve Tests",Severe,severe,Lifelong,Lifelong,"Diabetes, High blood sugar","Diabetes, High blood sugar","Pain relievers, Antidepressants","Pain relievers, Antidepressants","Diabetes, Poor Blood Sugar Control","Diabetes, Poor Blood Sugar Control","High blood sugar, Genetics","High blood sugar, Genetics",Irregular sleep,irregular sleep,High stress,high stress,Low,low,Family history of diabetes,Family history of diabetes,"Low-sugar, High-fiber diet","Low-sugar, High-fiber diet",None,,All seasons,all seasons,Adults,adults,Both genders,all genders,Requires pain management,Requires pain management,Avoids sugar,Avoids sugar,"Alpha-Lipoic Acid, Vitamin B12","Alpha-Lipoic Acid, Vitamin B12",None specific,None specific,Fenugreek (3g daily),Fenugreek (3g daily),"Kapha, Vata","Vata, Kapha",Kapha-Vata,Kapha-Vata,"Maintain stable blood sugar levels, avoid refined sugars, and include bitter foods.","Maintain stable blood sugar levels, avoid refined sugars, and include bitter foods.",None specific,None specific,"Medications, Pain Management","Medications, Pain Management","Regular Monitoring, Glycemic Control","Regular Monitoring, Glycemic Control",Can Be Managed with Medication,Can Be Managed with Medication,"Nerve Damage, Foot Ulcers","Nerve Damage, Foot Ulcers",Regular Blood Sugar Control,Regular Blood Sugar Control,diabetic neuropathy,"[""numbness"", ""tingling"", ""pain in limbs""]",3,1,0,1,"[""allergies_food_env""]"
kp_0379,Diverticulitis,Diverticulitis,डिवर्टीकुलायटिस,डिवर्टीकुलायटिस,डिवर्टीकुलायटिस,डिवर्टीकुलायटिस,"Abdominal pain, bloating, constipation","Abdominal pain, bloating, constipation","CT Scan, Colonoscopy, Blood Tests","CT Scan, Colonoscopy, Blood Tests",Moderate to Severe,moderate to severe,1-2 weeks,1-2 weeks,"Age, Low-fiber diet","Age, Low-fiber diet","Antibiotics, Surgery","Antibiotics, Surgery","Aging, Low-Fiber Diet","Aging, Low-Fiber Diet","Low-fiber diet, Aging","Low-fiber diet, Aging",Irregular sleep,irregular sleep,Moderate stress,moderate stress,Low,low,Family history of diverticulitis,Family history of diverticulitis,"High-fiber, Low-fat diet","High-fiber, Low-fat diet",None,,All seasons,all seasons,Adults,adults,Both genders,all genders,Requires dietary control,Requires dietary control,Avoids high-fat foods,Avoids high-fat foods,None specific,None specific,None specific,None specific,Fennel (1 tsp in warm water),Fennel (1 tsp in warm water),"Vata, Pitta","Vata, Pitta",Vata-Pitta,Vata-Pitta,"Increase fiber intake, avoid processed foods, and drink plenty of water.","Increase fiber intake, avoid processed foods, and drink plenty of water.",None specific,None specific,"Antibiotics, Surgery","Antibiotics, Surgery","High-Fiber Diet, Regular Screening","High-Fiber Diet, Regular Screening",Can Be Managed with Medication,Can Be Managed with Medication,"Perforation, Abscesses","Perforation, Abscesses","High-Fiber Diet, Avoiding Straining","High-Fiber Diet, Avoiding Straining",diverticulitis,"[""abdominal pain"", ""bloating"", ""constipation""]",3,1,1,0,"[""allergies_food_env""]"
kp_0380,Dyslipidemia,Dyslipidemia,रक्तद्रव्य विकार,रक्तद्रव्य विकार,रक्तद्रव्य विकार,रक्तद्रव्य विकार,"Elevated cholesterol levels, fatigue, chest pain","Elevated cholesterol levels, fatigue, chest pain","Blood Tests (Cholesterol, Lipids)","Blood Tests (Cholesterol, Lipids)",Moderate to Severe,moderate to severe,Lifelong,Lifelong,"Family history, High-fat diet","Family history, High-fat diet","Statins, Fibrates","Statins, Fibrates","Genetics, Poor Diet, Lack of Exercise","Genetics, Poor Diet, Lack of Exercise","High-fat diet, Lack of exercise","High-fat diet, Lack of exercise",Irregular sleep,irregular sleep,High stress,high stress,Low,low,Family history of heart disease,Family history of heart disease,"Low-fat, High-fiber diet","Low-fat, High-fiber diet",None,,All seasons,all seasons,Adults,adults,Both genders,all genders,Requires monitoring,Requires monitoring,Avoids high-fat foods,Avoids high-fat foods,"Omega-3 Fatty Acids, Red Yeast Rice","Omega-3 Fatty Acids, Red Yeast Rice",None specific,None specific,Garlic (2-3 cloves daily),Garlic (2-3 cloves daily),"Vata, Pitta","Vata, Pitta",Vata-Pitta,Vata-Pitta,"Consume a heart-healthy diet rich in omega-3s, exercise regularly, and avoid trans fats.","Consume a heart-healthy diet rich in omega-3s, exercise regularly, and avoid trans fats.",None specific,None specific,"Statins, Lifestyle Changes","Statins, Lifestyle Changes","Healthy Diet, Regular Exercise","Healthy Diet, Regular Exercise",Can Be Managed with Medication,Can Be Managed with Medication,"Heart Disease, Stroke","Heart Disease, Stroke","Healthy Diet, Regular Exercise","Healthy Diet, Regular Exercise",dyslipidemia,"[""elevated cholesterol levels"", ""fatigue"", ""chest pain""]",3,1,1,0,"[""allergies_food_env""]"
kp_0381,Ear Infections,Ear Infections,कान के संक्रमण,कान के संक्रमण,कानाचा संसर्ग,कानाचा संसर्ग,"Ear pain, fluid drainage, hearing loss","Ear pain, fluid drainage, hearing loss","Physical Exam, Ear Swab, Hearing Test","Physical Exam, Ear Swab, Hearing Test",Mild to Moderate,mild to moderate,1-2 weeks,1-2 weeks,"Upper respiratory infections, Allergies","Upper respiratory infections, Allergies","Antibiotics, Pain relievers","Antibiotics, Pain relievers","Allergies, Sinus Infections","Allergies, Sinus Infections","Allergens, Viral infections","Allergens, Viral infections",Irregular sleep,irregular sleep,Moderate stress,moderate stress,Low,low,Family history of ear infections,Family history of ear infections,"Balanced, High-fluid diet","Balanced, High-fluid diet","Dust, Pollen","Dust, Pollen",All seasons,all seasons,"Children, Adults","children, adults",Both genders,all genders,Requires ear care routine,Requires ear care routine,Avoids allergens,Avoids allergens,"Garlic, Warm Compress","Garlic, Warm Compress",None specific,None specific,Garlic (1-2 drops in ear),Garlic (1-2 drops in ear),"Vata, Kapha","Vata, Kapha",Vata-Kapha,Vata-Kapha,"Avoid water in the ears, maintain good ear hygiene, and avoid cold air.","Avoid water in the ears, maintain good ear hygiene, and avoid cold air.",None specific,None specific,"Antibiotics, Pain Relief","Antibiotics, Pain Relief","Good Hygiene, Avoid Water Exposure","Good Hygiene, Avoid Water Exposure",Can Be Managed with Medication,Can Be Managed with Medication,"Hearing Loss, Spread to Surrounding Tissues","Hearing Loss, Spread to Surrounding Tissues","Regular Hygiene, Treat Allergies","Regular Hygiene, Treat Allergies",ear infections,"[""ear pain"", ""fluid drainage"", ""hearing loss""]",3,1,0,1,[]
kp_0382,Epilepsy,Epilepsy,मिर्गी,मिर्गी,मिर्गी,मिर्गी,"Seizures, confusion, muscle spasms","Seizures, confusion, muscle spasms","EEG, Blood Tests, Brain Imaging","EEG, Blood Tests, Brain Imaging",Severe,severe,Lifelong,Lifelong,"Family history, Head trauma","Family history, Head trauma",Anticonvulsants,Anticonvulsants,"Genetics, Head Trauma, Infections","Genetics, Head Trauma, Infections","Head trauma, Stress","Head trauma, Stress",Irregular sleep,irregular sleep,High stress,high stress,Low,low,Family history of seizures,Family history of seizures,"Low-sodium, Balanced diet","Low-sodium, Balanced diet",None,,All seasons,all seasons,All ages,all ages,Both genders,all genders,Requires medication,Requires medication,Avoids stress,Avoids stress,None specific,None specific,None specific,None specific,Ashwagandha (5g daily),Ashwagandha (5g daily),Vata,Vata,Vata,Vata,"Maintain a regular sleep schedule, avoid triggers, and consume magnesium-rich foods.","Maintain a regular sleep schedule, avoid triggers, and consume magnesium-rich foods.",None specific,None specific,Anticonvulsant Medications,Anticonvulsant Medications,"Medication Adherence, Avoid Triggers","Medication Adherence, Avoid Triggers",Can Be Managed with Medication,Can Be Managed with Medication,"Seizures, Brain Damage","Seizures, Brain Damage","Medication Adherence, Safety Measures","Medication Adherence, Safety Measures",epilepsy,"[""seizures"", ""confusion"", ""muscle spasms""]",3,1,0,0,"[""allergies_food_env""]"
kp_0383,Erectile Dysfunction,Erectile Dysfunction,स्तम्भन दोष,स्तम्भन दोष,स्तम्भन दोष,स्तम्भन दोष,Difficulty achieving or maintaining an erection,Difficulty achieving or maintaining an erection,"Physical Exam, Blood Tests, Ultrasound","Physical Exam, Blood Tests, Ultrasound",Moderate to Severe,moderate to severe,Lifelong,Lifelong,"Diabetes, Hypertension","Diabetes, Hypertension","PDE5 inhibitors, Testosterone","PDE5 inhibitors, Testosterone","Diabetes, Stress, Age","Diabetes, Stress, Age","Stress, High blood pressure","Stress, High blood pressure",Irregular sleep,irregular sleep,High stress,high stress,Low,low,Family history of ED,Family history of ED,"Low-fat, High-fiber diet","Low-fat, High-fiber diet",None,,All seasons,all seasons,Adults,adults,Males,male,Requires medication,Requires medication,Avoids stress,Avoids stress,"Ginseng, Yohimbine","Ginseng, Yohimbine",None specific,None specific,Ashwagandha (5g daily),Ashwagandha (5g daily),"Vata, Pitta","Vata, Pitta",Vata-Pitta,Vata-Pitta,"Avoid excessive alcohol, manage stress, and consume zinc-rich foods like pumpkin seeds.","Avoid excessive alcohol, manage stress, and consume zinc-rich foods like pumpkin seeds.",None specific,None specific,"Medications, Therapy, Surgery","Medications, Therapy, Surgery","Healthy Lifestyle, Regular Checkups","Healthy Lifestyle, Regular Checkups",Can Be Managed with Treatment,Can Be Managed with Treatment,"Relationship Strain, Depression","Relationship Strain, Depression","Healthy Lifestyle, Therapy","Healthy Lifestyle, Therapy",erectile dysfunction,"[""difficulty achieving or maintaining an erection""]",1,1,1,0,"[""allergies_food_env""]"
kp_0384,Gallbladder Disease,Gallbladder Disease,पित्ताशय रोग,पित्ताशय रोग,पित्ताशयाचे विकार,पित्ताशयाचे विकार,"Abdominal pain, nausea, vomiting, jaundice","Abdominal pain, nausea, vomiting, jaundice","Ultrasound, Blood Tests","Ultrasound, Blood Tests",Severe,severe,Varies,Varies,"High-fat diet, Obesity","High-fat diet, Obesity","Surgery, Pain relievers","Surgery, Pain relievers","Obesity, High-Fat Diet","Obesity, High-Fat Diet","High-fat diet, Obesity","High-fat diet, Obesity",Irregular sleep,irregular sleep,High stress,high stress,Low,low,Family history of gallstones,Family history of gallstones,"Low-fat, High-fiber diet","Low-fat, High-fiber diet",None,,All seasons,all seasons,Adults,adults,Both genders,all genders,Requires surgery,Requires surgery,Avoids high-fat foods,Avoids high-fat foods,None specific,None specific,None specific,None specific,Dandelion root (2g daily),Dandelion root (2g daily),Pitta,Pitta,Pitta,Pitta,"Avoid high-fat foods, consume bitter herbs, and practice stress management techniques.","Avoid high-fat foods, consume bitter herbs, and practice stress management techniques.",None specific,None specific,"Surgery (Cholecystectomy), Medications","Surgery (Cholecystectomy), Medications","Healthy Diet, Weight Management","Healthy Diet, Weight Management",Can Be Managed with Treatment,Can Be Managed with Treatment,"Gallstones, Infections","Gallstones, Infections","Healthy Diet, Regular Monitoring","Healthy Diet, Regular Monitoring",gallbladder disease,"[""abdominal pain"", ""nausea"", ""vomiting"", ""jaundice""]",4,0,1,0,"[""allergies_food_env""]"
kp_0385,Gastroenteritis,Gastroenteritis,जठरांत्र संक्रमण,जठरांत्र संक्रमण,जठरांत्रशोथ,जठरांत्रशोथ,"Diarrhea, vomiting, abdominal cramps","Diarrhea, vomiting, abdominal cramps","Stool Test, Blood Tests","Stool Test, Blood Tests",Moderate to Severe,moderate to severe,1-2 weeks,1-2 weeks,"Viral infections, Poor hygiene","Viral infections, Poor hygiene","Rehydration, Antidiarrheals","Rehydration, Antidiarrheals","Contaminated Food/Water, Infections","Contaminated Food/ Water, Infections","Poor hygiene, Contaminated food","Poor hygiene, Contaminated food",Irregular sleep,irregular sleep,Moderate stress,moderate stress,Low,low,Family history of GI disorders,Family history of GI disorders,"Balanced, High-fluid diet","Balanced, High-fluid diet",Contaminated food,Contaminated food,All seasons,all seasons,All ages,all ages,Both genders,all genders,Requires hydration,Requires hydration,Avoids contaminated food,Avoids contaminated food,"Ginger, Peppermint","Ginger, Peppermint",None specific,None specific,Ginger (2g in warm water),Ginger (2g in warm water),"Pitta, Kapha","Pitta, Kapha",Pitta-Kapha,Pitta-Kapha,"Stay hydrated, avoid dairy and greasy foods, and eat bland foods like rice and toast.","Stay hydrated, avoid dairy and greasy foods, and eat bland foods like rice and toast.",None specific,None specific,"Hydration, Antiemetics","Hydration, Antiemetics","Good Hygiene, Safe Food Handling","Good Hygiene, Safe Food Handling",Can Be Managed with Treatment,Can Be Managed with Treatment,"Dehydration, Electrolyte Imbalance","Dehydration, Electrolyte Imbalance","Hydration, Avoid Contaminated Food","Hydration, Avoid Contaminated Food",gastroenteritis,"[""diarrhea"", ""vomiting"", ""abdominal cramps""]",3,0,1,1,[]
kp_0386,Gingivitis,Gingivitis,मसूड़ों की सूजन,मसूड़ों की सूजन,मसूड्यांतील सूज,मसूड्यांतील सूज,"Red, swollen gums, bleeding while brushing","Red, swollen gums, bleeding while brushing","Physical Exam, Blood Tests, X-rays","Physical Exam, Blood Tests, X-rays",Mild to Moderate,mild to moderate,1-2 weeks,1-2 weeks,"Poor oral hygiene, Smoking","Poor oral hygiene, Smoking","Antiseptic mouthwash, Antibiotics","Antiseptic mouthwash, Antibiotics","Poor Oral Hygiene, Smoking","Poor Oral Hygiene, Smoking","Smoking, Poor oral hygiene","Smoking, Poor oral hygiene",Irregular sleep,irregular sleep,Moderate stress,moderate stress,Low,low,Family history of gum disease,Family history of gum disease,"Balanced, Sugar-free diet","Balanced, Sugar-free diet",None,,All seasons,all seasons,Adults,adults,Both genders,all genders,Requires oral care routine,Requires oral care routine,Avoids tobacco,Avoids tobacco,"Salt Water Rinse, Aloe Vera","Salt Water Rinse, Aloe Vera",None specific,None specific,Clove oil (2-3 drops),Clove oil (2-3 drops),Pitta,Pitta,Pitta,Pitta,"Brush and floss regularly, use saltwater rinses, and avoid sugary foods.","Brush and floss regularly, use saltwater rinses, and avoid sugary foods.",None specific,None specific,"Dental Cleaning, Antibiotics","Dental Cleaning, Antibiotics","Regular Brushing, Avoid Smoking","Regular Brushing, Avoid Smoking",Can Be Managed with Treatment,Can Be Managed with Treatment,"Periodontitis, Tooth Loss","Periodontitis, Tooth Loss","Regular Brushing, Dental Checkups","Regular Brushing, Dental Checkups",gingivitis,"[""red"", ""swollen gums"", ""bleeding while brushing""]",3,0,1,0,"[""allergies_food_env""]"
kp_0387,Glaucoma,Glaucoma,मोतियाबिंद,मोतियाबिंद,डोळ्यांचा दाब वाढणे,डोळ्यांचा दाब वाढणे,"Blurred vision, eye pain, headache","Blurred vision, eye pain, headache","Eye Exam, Tonometry, Visual Field Test","Eye Exam, Tonometry, Visual Field Test",Severe,severe,Lifelong,Lifelong,"Family history, High eye pressure","Family history, High eye pressure","Eye drops, Surgery","Eye drops, Surgery","Age, Family History, Eye Injury","Age, Family History, Eye Injury","High eye pressure, Age","High eye pressure, Age",Irregular sleep,irregular sleep,High stress,high stress,Low,low,Family history of glaucoma,Family history of glaucoma,"Low-sugar, Balanced diet","Low-sugar, Balanced diet",None,,All seasons,all seasons,"Adults, Elderly","adults, elderly",Both genders,all genders,Requires regular eye check-ups,Requires regular eye check-ups,Avoids eye strain,Avoids eye strain,None specific,None specific,None specific,None specific,Triphala (1 tsp at bedtime),Triphala (1 tsp at bedtime),Pitta,Pitta,Pitta,Pitta,"Regular eye check-ups, avoid excessive screen time, and consume anti-inflammatory foods.","Regular eye check-ups, avoid excessive screen time, and consume anti-inflammatory foods.",None specific,None specific,"Medications, Surgery","Medications, Surgery","Regular Eye Exams, Protect Eyes","Regular Eye Exams, Protect Eyes",Can Be Managed with Treatment,Can Be Managed with Treatment,"Vision Loss, Blindness","Vision Loss, Blindness","Regular Monitoring, Medication Adherence","Regular Monitoring, Medication Adherence",glaucoma,"[""blurred vision"", ""eye pain"", ""headache""]",3,0,1,0,"[""allergies_food_env""]"
kp_0388,Goiter,Goiter,गुळगुळीत,गुळगुळीत,गळ्यात गाठी होणे,गळ्यात गाठी होणे,"Swelling in the neck, difficulty swallowing","Swelling in the neck, difficulty swallowing","Physical Exam, Blood Tests, Ultrasound","Physical Exam, Blood Tests, Ultrasound",Moderate to Severe,moderate to severe,Lifelong,Lifelong,"Iodine deficiency, Autoimmune diseases","Iodine deficiency, Autoimmune diseases","Thyroid medication, Surgery","Thyroid medication, Surgery","Iodine Deficiency, Thyroid Disorders","Iodine Deficiency, Thyroid Disorders","Iodine deficiency, Autoimmune diseases","Iodine deficiency, Autoimmune diseases",Irregular sleep,irregular sleep,Moderate stress,moderate stress,Low,low,Family history of thyroid disorders,Family history of thyroid disorders,Iodine-rich diet,Iodine-rich diet,None,,All seasons,all seasons,"Adults, Elderly","adults, elderly",Both genders,all genders,Requires thyroid monitoring,Requires thyroid monitoring,Avoids goitrogenic foods,Avoids goitrogenic foods,"Iodine, Ashwagandha","Iodine, Ashwagandha","Ashwagandha, Guggulu","Ashwagandha, Guggulu",Kelp (2-3g daily),Kelp (2-3g daily),"Vata, Pitta","Vata, Pitta",Vata-Pitta,Vata-Pitta,"Ensure adequate iodine intake, avoid stress, and include sea vegetables in the diet.","Ensure adequate iodine intake, avoid stress, and include sea vegetables in the diet.",None specific,None specific,"Medications, Surgery","Medications, Surgery","Iodine-Rich Diet, Regular Monitoring","Iodine-Rich Diet, Regular Monitoring",Can Be Managed with Treatment,Can Be Managed with Treatment,Breathing or Swallowing Difficulties,Breathing or Swallowing Difficulties,"Regular Monitoring, Healthy Diet","Regular Monitoring, Healthy Diet",goiter,"[""swelling in the neck"", ""difficulty swallowing""]",2,1,1,0,"[""allergies_food_env""]"
kp_0389,Gout,Gout,गाउट,गाउट,गाउट,गाउट,"Joint pain, swelling, redness, especially in the big toe","Joint pain, swelling, redness, especially in the big toe","Blood Tests, Joint Fluid Test, X-ray","Blood Tests, Joint Fluid Test, X-ray",Severe,severe,1-2 weeks,1-2 weeks,"High purine diet, Alcohol use","High purine diet, Alcohol use","Pain relievers, Anti-inflammatory","Pain relievers, Anti-inflammatory","High Purine Diet, Obesity","High Purine Diet, Obesity","Alcohol, High purine diet","Alcohol, High purine diet",Irregular sleep,irregular sleep,High stress,high stress,Low,low,Family history of gout,Family history of gout,"Low-purine, Balanced diet","Low-purine, Balanced diet",None,,All seasons,all seasons,Adults,adults,Both genders,all genders,Requires pain management,Requires pain management,Avoids alcohol,Avoids alcohol,"Cherry Juice, Ginger, Turmeric","Cherry Juice, Ginger, Turmeric",None specific,None specific,Cherry juice (200ml daily),Cherry juice (200ml daily),"Pitta, Kapha","Pitta, Kapha",Pitta-Kapha,Pitta-Kapha,"Avoid alcohol and purine-rich foods, maintain a healthy weight, and drink plenty of water.","Avoid alcohol and purine-rich foods, maintain a healthy weight, and drink plenty of water.",None specific,None specific,"Medications (Allopurinol, Colchicine)","Medications (Allopurinol, Colchicine)","Healthy Diet, Avoid Alcohol","Healthy Diet, Avoid Alcohol",Can Be Managed with Medication,Can Be Managed with Medication,"Joint Damage, Kidney Stones","Joint Damage, Kidney Stones","Regular Medication, Avoid Triggers","Regular Medication, Avoid Triggers",gout,"[""joint pain"", ""swelling"", ""redness"", ""especially in the big toe""]",4,0,1,1,"[""allergies_food_env""]"
kp_0390,Graves' Disease,Graves' Disease,ग्रेव्स रोग,ग्रेव्स रोग,ग्रेव्स रोग,ग्रेव्स रोग,"Weight loss, rapid heartbeat, anxiety, bulging eyes","Weight loss, rapid heartbeat, anxiety, bulging eyes","Blood Tests (TSH, T3, T4), Ultrasound","Blood Tests (TSH, T3, T4), Ultrasound",Moderate to Severe,moderate to severe,Lifelong,Lifelong,"Autoimmune, Family history of thyroid disease","Autoimmune, Family history of thyroid disease","Antithyroid medication, Beta blockers","Antithyroid medication, Beta blockers","Autoimmune Disorder, Family History","Autoimmune Disorder, Family History","Autoimmune, Stress","Autoimmune, Stress",Irregular sleep,irregular sleep,High stress,high stress,Low,low,Family history of thyroid disorders,Family history of thyroid disorders,"Low-sodium, Balanced diet","Low-sodium, Balanced diet",None,,All seasons,all seasons,Adults,adults,Both genders,all genders,Requires thyroid monitoring,Requires thyroid monitoring,Avoids iodine-rich foods,Avoids iodine-rich foods,None specific,None specific,None specific,None specific,Ashwagandha (5g daily),Ashwagandha (5g daily),Pitta,Pitta,Pitta,Pitta,"Avoid stress, reduce stimulants like caffeine, and maintain a balanced diet rich in vitamins.","Avoid stress, reduce stimulants like caffeine, and maintain a balanced diet rich in vitamins.",None specific,None specific,"Medications, Radioactive Iodine Therapy","Medications, Radioactive Iodine Therapy","Regular Monitoring, Stress Management","Regular Monitoring, Stress Management",Can Be Managed with Treatment,Can Be Managed with Treatment,"Heart Problems, Thyroid Storm","Heart Problems, Thyroid Storm","Regular Monitoring, Medication Adherence","Regular Monitoring, Medication Adherence",graves disease,"[""weight loss"", ""rapid heartbeat"", ""anxiety"", ""bulging eyes""]",4,0,1,0,"[""allergies_food_env""]"
kp_0391,Hepatitis,Hepatitis,हेपेटाइटिस,हेपेटाइटिस,यकृत संक्रमण,यकृत संक्रमण,"Jaundice, fatigue, abdominal pain, nausea","Jaundice, fatigue, abdominal pain, nausea","Blood Tests (Liver Function, Antigens)","Blood Tests (Liver Function, Antigens)",Severe,severe,Lifelong,Lifelong,"Viral infection, Alcohol abuse","Viral infection, Alcohol abuse","Antivirals, Interferons","Antivirals, Interferons","Alcohol Use, Viral Infections","Alcohol Use, Viral Infections","Alcohol, Viral infection","Alcohol, Viral infection",Irregular sleep,irregular sleep,High stress,high stress,Low,low,Family history of liver disease,Family history of liver disease,"Low-fat, High-protein diet","Low-fat, High-protein diet",None,,All seasons,all seasons,"Adults, Elderly","adults, elderly",Both genders,all genders,Requires liver monitoring,Requires liver monitoring,Avoids alcohol,Avoids alcohol,None specific,None specific,None specific,None specific,Milk thistle (200mg daily),Milk thistle (200mg daily),Pitta,Pitta,Pitta,Pitta,"Avoid alcohol, follow a liver-supporting diet rich in leafy greens and antioxidants.","Avoid alcohol, follow a liver-supporting diet rich in leafy greens and antioxidants.",None specific,None specific,"Antiviral Medications, Lifestyle Changes","Antiviral Medications, Lifestyle Changes","Avoid Alcohol, Safe Needle Use","Avoid Alcohol, Safe Needle Use",Can Be Managed with Medication,Can Be Managed with Medication,"Cirrhosis, Liver Cancer","Cirrhosis, Liver Cancer","Regular Monitoring, Healthy Diet","Regular Monitoring, Healthy Diet",hepatitis,"[""jaundice"", ""fatigue"", ""abdominal pain"", ""nausea""]",4,0,1,0,"[""allergies_food_env""]"
kp_0392,Herpes Simplex Virus (HSV),Herpes Simplex Virus (HSV),हर्पीज वायरस,हर्पीज वायरस,हर्पीज विषाणु,हर्पीज विषाणु,"Blisters, itching, pain, typically around the mouth or genital area","Blisters, itching, pain, typically around the mouth or genital area","Blood Tests, PCR Test","Blood Tests, PCR Test",Moderate to Severe,moderate to severe,Lifelong,Lifelong,"Viral infection, Stress, Immune deficiency","Viral infection, Stress, Immune deficiency",Antiviral medication,Antiviral medication,"Stress, Weak Immune System","Stress, Weak Immune System","Stress, Immune deficiency","Stress, Immune deficiency",Irregular sleep,irregular sleep,High stress,high stress,Low,low,Family history of HSV,Family history of HSV,"Low-sugar, Balanced diet","Low-sugar, Balanced diet",None,,All seasons,all seasons,All ages,all ages,Both genders,all genders,Requires medication for outbreaks,Requires medication for outbreaks,Avoids stress,Avoids stress,"Aloe Vera, Lemon Balm","Aloe Vera, Lemon Balm",None specific,None specific,Aloe vera gel (topically),Aloe vera gel (topically),Pitta,Pitta,Pitta,Pitta,"Apply Aloe Vera gel, manage stress, and avoid acidic foods like citrus.","Apply Aloe Vera gel, manage stress, and avoid acidic foods like citrus.",None specific,None specific,Antiviral Medications,Antiviral Medications,"Avoid Direct Contact, Stress Management","Avoid Direct Contact, Stress Management",Can Be Managed with Medication,Can Be Managed with Medication,"Recurrence, Spread to Others","Recurrence, Spread to Others","Regular Hygiene, Stress Management","Regular Hygiene, Stress Management",herpes simplex virus hsv,"[""blisters"", ""itching"", ""pain"", ""typically around the mouth or genital area""]",4,0,1,0,"[""allergies_food_env""]"
kp_0393,Hidradenitis Suppurativa,Hidradenitis Suppurativa,हाइड्राडेनाइटिस सुप्पुरेटिवा,हाइड्राडेनाइटिस सुप्पुरेटिवा,पसीने की ग्रंथी सूजन,पसीने की ग्रंथी सूजन,"Painful lumps under the skin, abscesses, drainage","Painful lumps under the skin, abscesses, drainage","Physical Exam, Biopsy","Physical Exam, Biopsy",Moderate to Severe,moderate to severe,Lifelong,Lifelong,"Family history, Obesity","Family history, Obesity","Antibiotics, Immunosuppressants","Antibiotics, Immunosuppressants","Genetics, Obesity, Sweating","Genetics, Obesity, Sweating","Obesity, Smoking","Obesity, Smoking",Irregular sleep,irregular sleep,High stress,high stress,Low,low,Family history of HS,Family history of HS,"Low-sugar, Balanced diet","Low-sugar, Balanced diet",None,,All seasons,all seasons,Adults,adults,Both genders,all genders,Requires skin care routine,Requires skin care routine,Avoids smoking,Avoids smoking,None specific,None specific,None specific,None specific,Turmeric (1 tsp in warm water),Turmeric (1 tsp in warm water),Pitta,Pitta,Pitta,Pitta,"Practice good hygiene, avoid tight clothing, and eat anti-inflammatory foods like turmeric.","Practice good hygiene, avoid tight clothing, and eat anti-inflammatory foods like turmeric.",None specific,None specific,"Medications (Antibiotics, Steroids)","Medications (Antibiotics, Steroids)","Good Hygiene, Avoid Friction","Good Hygiene, Avoid Friction",Can Be Managed with Medication,Can Be Managed with Medication,"Scarring, Infection","Scarring, Infection","Regular Hygiene, Avoid Friction","Regular Hygiene, Avoid Friction",hidradenitis suppurativa,"[""painful lumps under the skin"", ""abscesses"", ""drainage""]",3,0,1,0,"[""allergies_food_env""]"
kp_0394,Hodgkin's Lymphoma,Hodgkin's Lymphoma,होड्जकिन लिंफोमा,होड्जकिन लिंफोमा,होड्जकिन रोग,होड्जकिन रोग,"Swollen lymph nodes, fever, night sweats","Swollen lymph nodes, fever, night sweats","Biopsy, Blood Tests, Imaging","Biopsy, Blood Tests, Imaging",Severe,severe,Months to Years,Months to Years,"Family history, Previous cancer treatment","Family history, Previous cancer treatment","Chemotherapy, Radiation","Chemotherapy, Radiation","Age, Family History, Viral Infections","Age, Family History, Viral Infections","Cancer treatment, Family history","Cancer treatment, Family history",Irregular sleep,irregular sleep,High stress,high stress,Low,low,Family history of cancer,Family history of cancer,"Balanced, High-protein diet","Balanced, High-protein diet",None,,All seasons,all seasons,"Adults, Elderly","adults, elderly",Both genders,all genders,Requires chemotherapy,Requires chemotherapy,Avoids infections,Avoids infections,None specific,None specific,"Ashwagandha, Turmeric","Ashwagandha, Turmeric",Turmeric (1 tsp daily),Turmeric (1 tsp daily),Pitta,Pitta,Pitta,Pitta,"Follow cancer treatment, maintain a healthy immune system with a nutrient-rich diet.","Follow cancer treatment, maintain a healthy immune system with a nutrient-rich diet.","Supportive Care, Physical Activity","Supportive Care, Physical Activity","Chemotherapy, Radiation Therapy","Chemotherapy, Radiation Therapy","Early Detection, Regular Checkups","Early Detection, Regular Checkups",Can Be Managed with Treatment,Can Be Managed with Treatment,"Infections, Secondary Cancer","Infections, Secondary Cancer","Regular Monitoring, Supportive Care","Regular Monitoring, Supportive Care",hodgkin s lymphoma,"[""swollen lymph nodes"", ""fever"", ""night sweats""]",3,0,1,0,"[""allergies_food_env""]"
kp_0395,Hyperlipidemia,Hyperlipidemia,उच्च रक्तवसा,उच्च रक्तवसा,उच्च रक्तवसा,उच्च रक्तवसा,"Elevated cholesterol, fatigue, chest pain","Elevated cholesterol, fatigue, chest pain","Blood Tests (Cholesterol, Lipids)","Blood Tests (Cholesterol, Lipids)",Moderate to Severe,moderate to severe,Lifelong,Lifelong,"High-fat diet, Obesity, Diabetes","High-fat diet, Obesity, Diabetes","Statins, Fibrates","Statins, Fibrates","Poor Diet, Genetics, Lack of Exercise","Poor Diet, Genetics, Lack of Exercise","High-fat diet, Lack of exercise","High-fat diet, Lack of exercise",Irregular sleep,irregular sleep,High stress,high stress,Low,low,Family history of heart disease,Family history of heart disease,"Low-fat, High-fiber diet","Low-fat, High-fiber diet",None,,All seasons,all seasons,Adults,adults,Both genders,all genders,Requires monitoring,Requires monitoring,Avoids high-fat foods,Avoids high-fat foods,"Omega-3 Fatty Acids, Red Yeast Rice","Omega-3 Fatty Acids, Red Yeast Rice",None specific,None specific,Garlic (2-3 cloves daily),Garlic (2-3 cloves daily),Vata,Vata,Vata,Vata,"Consume healthy fats like omega-3s, avoid fried foods, and exercise regularly.","Consume healthy fats like omega-3s, avoid fried foods, and exercise regularly.",None specific,None specific,"Statins, Lifestyle Changes","Statins, Lifestyle Changes","Healthy Diet, Regular Exercise","Healthy Diet, Regular Exercise",Can Be Managed with Medication,Can Be Managed with Medication,"Heart Disease, Stroke","Heart Disease, Stroke","Healthy Diet, Regular Exercise","Healthy Diet, Regular Exercise",hyperlipidemia,"[""elevated cholesterol"", ""fatigue"", ""chest pain""]",3,1,0,0,"[""allergies_food_env""]"
kp_0396,Hypothyroidism,Hypothyroidism,हाइपोथायरायडिज्म,हाइपोथायरायडिज्म,थायरॉइड कमी,थायरॉइड कमी,"Fatigue, weight gain, cold intolerance, depression","Fatigue, weight gain, cold intolerance, depression","Blood Tests (TSH, T3, T4)","Blood Tests (TSH, T3, T4)",Moderate to Severe,moderate to severe,Lifelong,Lifelong,"Autoimmune, Family history of thyroid disease","Autoimmune, Family history of thyroid disease",Thyroid hormone replacement,Thyroid hormone replacement,"Genetics, Autoimmune Conditions","Genetics, Autoimmune Conditions","Autoimmune, Iodine deficiency","Autoimmune, Iodine deficiency",Irregular sleep,irregular sleep,High stress,high stress,Low,low,Family history of thyroid disorders,Family history of thyroid disorders,"Balanced, Iodine-rich diet","Balanced, Iodine-rich diet",None,,All seasons,all seasons,"Adults, Elderly","adults, elderly",Both genders,all genders,Requires thyroid monitoring,Requires thyroid monitoring,Avoids iodine deficiency,Avoids iodine deficiency,"Ashwagandha, Guggulu","Ashwagandha, Guggulu","Ashwagandha, Guggulu","Ashwagandha, Guggulu",Ashwagandha (5g daily),Ashwagandha (5g daily),"Vata, Kapha","Vata, Kapha",Vata-Kapha,Vata-Kapha,"Consume iodine-rich foods like seaweed, avoid processed foods, and exercise regularly.","Consume iodine-rich foods like seaweed, avoid processed foods, and exercise regularly.",None specific,None specific,Thyroid Hormone Replacement,Thyroid Hormone Replacement,"Regular Monitoring, Healthy Diet","Regular Monitoring, Healthy Diet",Can Be Managed with Medication,Can Be Managed with Medication,"Weight Gain, Heart Disease","Weight Gain, Heart Disease","Regular Monitoring, Medication Adherence","Regular Monitoring, Medication Adherence",hypothyroidism,"[""fatigue"", ""weight gain"", ""cold intolerance"", ""depression""]",4,1,0,1,"[""allergies_food_env""]"
kp_0397,Irritable Bowel Syndrome (IBS),Irritable Bowel Syndrome (IBS),इरिटेबल बाउल सिंड्रोम,इरिटेबल बाउल सिंड्रोम,पाचन तंत्र विकार,पाचन तंत्र विकार,"Abdominal pain, bloating, diarrhea or constipation","Abdominal pain, bloating, diarrhea or constipation","Physical Exam, Blood Tests, Stool Tests","Physical Exam, Blood Tests, Stool Tests",Mild to Moderate,mild to moderate,Lifelong,Lifelong,"Stress, Poor diet, Food intolerances","Stress, Poor diet, Food intolerances","Fiber supplements, Antispasmodics","Fiber supplements, Antispasmodics","Stress, Diet, Family History","Stress, Diet, Family History","Stress, Poor diet","Stress, Poor diet",Irregular sleep,irregular sleep,High stress,high stress,Moderate to Low,low to moderate,Family history of IBS,Family history of IBS,"Low-fat, High-fiber diet","Low-fat, High-fiber diet","Dairy, Gluten","Dairy, Gluten",All seasons,all seasons,Adults,adults,Both genders,all genders,Requires dietary management,Requires dietary management,Avoids trigger foods,Avoids trigger foods,"Peppermint, Ginger","Peppermint, Ginger",None specific,None specific,Peppermint (2 drops in water),Peppermint (2 drops in water),"Vata, Pitta","Vata, Pitta",Vata-Pitta,Vata-Pitta,"Follow a low FODMAP diet, avoid trigger foods, and manage stress with yoga.","Follow a low FODMAP diet, avoid trigger foods, and manage stress with yoga.",None specific,None specific,"Medications (Laxatives, Antispasmodics)","Medications (Laxatives, Antispasmodics)","Healthy Diet, Stress Management","Healthy Diet, Stress Management",Can Be Managed with Treatment,Can Be Managed with Treatment,"Dehydration, Malnutrition","Dehydration, Malnutrition","Regular Meals, Stress Management","Regular Meals, Stress Management",irritable bowel syndrome ibs,"[""abdominal pain"", ""bloating"", ""diarrhea or constipation""]",3,1,1,0,[]
kp_0398,Kidney Stones,Kidney Stones,गुर्दे की पथरी,गुर्दे की पथरी,किडनी स्टोन,किडनी स्टोन,"Severe pain, blood in urine, nausea","Severe pain, blood in urine, nausea","Urine Tests, Blood Tests, Imaging","Urine Tests, Blood Tests, Imaging",Severe,severe,Varies (days to weeks),Varies (days to weeks),"Dehydration, High calcium intake","Dehydration, High calcium intake","Pain relievers, Surgery","Pain relievers, Surgery","Dehydration, High-Salt Diet","Dehydration, High-Salt Diet","Dehydration, High calcium intake","Dehydration, High calcium intake",Irregular sleep,irregular sleep,High stress,high stress,Low,low,Family history of kidney stones,Family history of kidney stones,"Low-sodium, High-fluid diet","Low-sodium, High-fluid diet",None,,All seasons,all seasons,Adults,adults,Both genders,all genders,Requires hydration,Requires hydration,Avoids high-calcium foods,Avoids high-calcium foods,"Lemon Juice, Apple Cider Vinegar","Lemon Juice, Apple Cider Vinegar",None specific,None specific,Lemon juice (1 tbsp in water),Lemon juice (1 tbsp in water),"Vata, Kapha","Vata, Kapha",Vata-Kapha,Vata-Kapha,"Stay hydrated, avoid excessive calcium and oxalate-rich foods, and increase citrus intake.","Stay hydrated, avoid excessive calcium and oxalate-rich foods, and increase citrus intake.",None specific,None specific,"Surgery (Lithotripsy, Ureteroscopy), Medications","Surgery (Lithotripsy, Ureteroscopy), Medications","Increase Water Intake, Reduce Sodium","Increase Water Intake, Reduce Sodium",Can Be Managed with Treatment,Can Be Managed with Treatment,"Obstruction, Kidney Damage","Obstruction, Kidney Damage","Regular Hydration, Dietary Changes","Regular Hydration, Dietary Changes",kidney stones,"[""severe pain"", ""blood in urine"", ""nausea""]",3,1,0,1,"[""allergies_food_env""]"
kp_0399,Lupus,Lupus,ल्यूपस रोग,ल्यूपस रोग,ल्यूपस,ल्यूपस,"Fatigue, joint pain, skin rashes, photosensitivity","Fatigue, joint pain, skin rashes, photosensitivity","Blood Tests, Urine Tests, Biopsy","Blood Tests, Urine Tests, Biopsy",Severe,severe,Lifelong,Lifelong,"Autoimmune, Family history","Autoimmune, Family history","Immunosuppressants, Antimalarials","Immunosuppressants, Antimalarials","Genetics, Female Gender, Sun Exposure","Genetics, Female Gender, Sun Exposure","Autoimmune, Sun exposure","Autoimmune, Sun exposure",Irregular sleep,irregular sleep,High stress,high stress,Low,low,Family history of autoimmune diseases,Family history of autoimmune diseases,"Low-sodium, Balanced diet","Low-sodium, Balanced diet","Sunlight, Certain foods","Sunlight, Certain foods",All seasons,all seasons,"Adults, Elderly","adults, elderly",Both genders,all genders,Requires immune monitoring,Requires immune monitoring,Avoids sunlight exposure,Avoids sunlight exposure,"Turmeric, Fish Oil","Turmeric, Fish Oil","Ashwagandha, Turmeric","Ashwagandha, Turmeric",Turmeric (1 tsp daily),Turmeric (1 tsp daily),"Pitta, Vata","Vata, Pitta",Pitta-Vata,Pitta-Vata,"Avoid sun exposure, eat anti-inflammatory foods, and practice regular exercise.","Avoid sun exposure, eat anti-inflammatory foods, and practice regular exercise.","Stress Management, Regular Exercise","Stress Management, Regular Exercise","Immunosuppressants, Anti-inflammatory Medications","Immunosuppressants, Anti-inflammatory Medications","Sun Protection, Stress Management","Sun Protection, Stress Management",Can Be Managed with Medication,Can Be Managed with Medication,"Kidney Damage, Heart Disease","Kidney Damage, Heart Disease","Regular Monitoring, Avoid Sun Exposure","Regular Monitoring, Avoid Sun Exposure",lupus,"[""fatigue"", ""joint pain"", ""skin rashes"", ""photosensitivity""]",4,1,1,0,[]
kp_0400,Lymphadenopathy,Lymphadenopathy,लिम्फैडेनोपैथी,लिम्फैडेनोपैथी,लिम्फैडेनोपैथी,लिम्फैडेनोपैथी,"Swollen lymph nodes, fever, night sweats","Swollen lymph nodes, fever, night sweats","Physical Exam, Biopsy, Blood Tests","Physical Exam, Biopsy, Blood Tests",Moderate to Severe,moderate to severe,Varies (days to months),Varies (days to months),"Infections, Autoimmune diseases","Infections, Autoimmune diseases","Pain relievers, Antibiotics","Pain relievers, Antibiotics","Infections, Cancers, Autoimmune Diseases","Infections, Cancers, Autoimmune Diseases","Infections, Immune disorders","Infections, Immune disorders",Irregular sleep,irregular sleep,High stress,high stress,Low,low,Family history of lymphoma,Family history of lymphoma,"Low-sodium, Balanced diet","Low-sodium, Balanced diet",None,,All seasons,all seasons,All ages,all ages,Both genders,all genders,Requires monitoring,Requires monitoring,Avoids infections,Avoids infections,None specific,None specific,None specific,None specific,Turmeric (1 tsp daily),Turmeric (1 tsp daily),Pitta,Pitta,Pitta,Pitta,"Consume anti-inflammatory foods like turmeric, avoid processed foods, and manage stress.","Consume anti-inflammatory foods like turmeric, avoid processed foods, and manage stress.",None specific,None specific,Dependent on underlying condition,Dependent on underlying condition,"Early Diagnosis, Regular Monitoring","Early Diagnosis, Regular Monitoring",Depends on Cause,Depends on Cause,"Spread of Infection, Cancer","Spread of Infection, Cancer","Regular Monitoring, Treatment of Underlying Condition","Regular Monitoring, Treatment of Underlying Condition",lymphadenopathy,"[""swollen lymph nodes"", ""fever"", ""night sweats""]",3,0,1,0,"[""allergies_food_env""]"
kp_0401,Meniere's Disease,Meniere's Disease,मेनियर रोग,मेनियर रोग,मेनियर रोग,मेनियर रोग,"Vertigo, hearing loss, tinnitus, fullness in the ear","Vertigo, hearing loss, tinnitus, fullness in the ear","Hearing Tests, Balance Tests, Imaging","Hearing Tests, Balance Tests, Imaging",Severe,severe,Lifelong,Lifelong,Inner ear disorders,Inner ear disorders,"Diuretics, Anti-nausea drugs","Diuretics, Anti-nausea drugs","Stress, Genetics, Viral Infections","Stress, Genetics, Viral Infections","Stress, Viral infections","Stress, Viral infections",Irregular sleep,irregular sleep,High stress,high stress,Low,low,Family history of ear disease,Family history of ear disease,"Low-sodium, Balanced diet","Low-sodium, Balanced diet",None,,All seasons,all seasons,"Adults, Elderly","adults, elderly",Both genders,all genders,Requires ear care,Requires ear care,Avoids stress,Avoids stress,"Ginkgo Biloba, Ginger","Ginkgo Biloba, Ginger",None specific,None specific,Brahmi (2g daily),Brahmi (2g daily),Vata,Vata,Vata,Vata,"Avoid loud noises, reduce salt intake, and practice relaxation techniques like yoga.","Avoid loud noises, reduce salt intake, and practice relaxation techniques like yoga.","Balance Exercises, Stress Management","Balance Exercises, Stress Management","Diuretics, Steroids, Surgery","Diuretics, Steroids, Surgery","Low-Salt Diet, Stress Management","Low-Salt Diet, Stress Management",Can Be Managed with Treatment,Can Be Managed with Treatment,"Hearing Loss, Balance Issues","Hearing Loss, Balance Issues","Avoid Triggers, Regular Monitoring","Avoid Triggers, Regular Monitoring",meniere s disease,"[""vertigo"", ""hearing loss"", ""tinnitus"", ""fullness in the ear""]",4,1,0,0,"[""allergies_food_env""]"
kp_0402,Menstrual Disorders,Menstrual Disorders,मासिक धर्म विकार,मासिक धर्म विकार,मासिक धर्म विकार,मासिक धर्म विकार,"Irregular periods, pain, heavy flow","Irregular periods, pain, heavy flow","Physical Exam, Blood Tests, Ultrasound","Physical Exam, Blood Tests, Ultrasound",Mild to Moderate,mild to moderate,Varies (days to months),Varies (days to months),"Hormonal imbalance, Stress","Hormonal imbalance, Stress","Pain relievers, Hormonal therapy","Pain relievers, Hormonal therapy","Hormonal Imbalances, Stress","Hormonal Imbalances, Stress","Stress, Hormonal changes","Stress, Hormonal changes",Irregular sleep,irregular sleep,High stress,high stress,Moderate,moderate,Family history of menstrual issues,Family history of menstrual issues,"Balanced, Nutrient-rich diet","Balanced, Nutrient-rich diet",None,,All seasons,all seasons,Adults,adults,Female,female,Requires medical management,Requires medical management,Avoids high-sugar foods,Avoids high-sugar foods,"Ginger, Cinnamon","Ginger, Cinnamon",None specific,None specific,Ashoka bark (1 tsp in water),Ashoka bark (1 tsp in water),Pitta,Pitta,Pitta,Pitta,"Maintain a balanced diet, manage stress, and practice gentle exercise like walking.","Maintain a balanced diet, manage stress, and practice gentle exercise like walking.","Stress Management, Relaxation Techniques","Stress Management, Relaxation Techniques","Hormonal Therapy, Pain Relief","Hormonal Therapy, Pain Relief","Regular Monitoring, Healthy Diet","Regular Monitoring, Healthy Diet",Can Be Managed with Treatment,Can Be Managed with Treatment,"Infertility, Anemia","Infertility, Anemia","Regular Monitoring, Healthy Lifestyle","Regular Monitoring, Healthy Lifestyle",menstrual disorders,"[""irregular periods"", ""pain"", ""heavy flow""]",3,0,1,0,"[""allergies_food_env""]"
kp_0403,Multiple Myeloma,Multiple Myeloma,मल्टीपल मायलोमा,मल्टीपल मायलोमा,मल्टीपल मायलोमा,मल्टीपल मायलोमा,"Bone pain, weakness, fatigue, frequent infections","Bone pain, weakness, fatigue, frequent infections","Blood Tests, Bone Marrow Biopsy, Imaging","Blood Tests, Bone Marrow Biopsy, Imaging",Severe,severe,Lifelong,Lifelong,"Cancer, Family history of cancer","Cancer, Family history of cancer","Chemotherapy, Steroids","Chemotherapy, Steroids","Age, Family History, Radiation Exposure","Age, Family History, Radiation Exposure","Cancer treatment, Autoimmune","Cancer treatment, Autoimmune",Irregular sleep,irregular sleep,High stress,high stress,Low,low,Family history of cancer,Family history of cancer,"Low-sodium, Balanced diet","Low-sodium, Balanced diet",None,,All seasons,all seasons,Adults,adults,Both genders,all genders,Requires chemotherapy,Requires chemotherapy,Avoids infections,Avoids infections,None specific,None specific,None specific,None specific,Turmeric (1 tsp daily),Turmeric (1 tsp daily),Pitta,Pitta,Pitta,Pitta,"Follow medical treatment, eat nutrient-rich foods to boost immunity, and manage stress.","Follow medical treatment, eat nutrient-rich foods to boost immunity, and manage stress.",None specific,None specific,"Chemotherapy, Stem Cell Transplant","Chemotherapy, Stem Cell Transplant","Regular Monitoring, Early Detection","Regular Monitoring, Early Detection",Can Be Managed with Treatment,Can Be Managed with Treatment,"Bone Fractures, Kidney Failure","Bone Fractures, Kidney Failure","Regular Monitoring, Supportive Care","Regular Monitoring, Supportive Care",multiple myeloma,"[""bone pain"", ""weakness"", ""fatigue"", ""frequent infections""]",4,0,1,0,"[""allergies_food_env""]"
kp_0404,Myocardial Infarction (Heart Attack),Myocardial Infarction (Heart Attack),दिल का दौरा,दिल का दौरा,हार्ट अटैक,हार्ट अटैक,"Chest pain, shortness of breath, nausea","Chest pain, shortness of breath, nausea","Blood Tests, ECG, Imaging","Blood Tests, ECG, Imaging",Severe,severe,Lifelong,Lifelong,"Heart disease, Hypertension","Heart disease, Hypertension","Antiplatelets, Statins","Antiplatelets, Statins","Smoking, Hypertension, Diabetes","Smoking, Hypertension, Diabetes","High-fat diet, Smoking, Stress","High-fat diet, Smoking, Stress",Irregular sleep,irregular sleep,High stress,high stress,Low,low,Family history of heart disease,Family history of heart disease,"Low-fat, Low-sodium diet","Low-fat, Low-sodium diet","Smoking, Alcohol","Smoking, Alcohol",All seasons,all seasons,"Adults, Elderly","adults, elderly",Both genders,all genders,Requires heart monitoring,Requires heart monitoring,Avoids high-fat foods,Avoids high-fat foods,"Hawthorn, Garlic","Hawthorn, Garlic","Garlic, Ashwagandha","Garlic, Ashwagandha",Garlic (2-3 cloves daily),Garlic (2-3 cloves daily),Vata,Vata,Vata,Vata,"Follow heart-healthy diet, avoid processed foods, and incorporate cardio exercises.","Follow heart-healthy diet, avoid processed foods, and incorporate cardio exercises.","Cardiac Rehabilitation, Regular Exercise","Cardiac Rehabilitation, Regular Exercise","Medications, Surgery (Angioplasty, Bypass)","Medications, Surgery (Angioplasty, Bypass)","Healthy Diet, Avoid Smoking","Healthy Diet, Avoid Smoking",Can Be Managed with Treatment,Can Be Managed with Treatment,"Heart Failure, Arrhythmias","Heart Failure, Arrhythmias","Healthy Lifestyle, Stress Management","Healthy Lifestyle, Stress Management",myocardial infarction heart attack,"[""chest pain"", ""shortness of breath"", ""nausea""]",3,1,0,0,[]
kp_0405,Nasal Polyps,Nasal Polyps,नासिका पॉलीप्स,नासिका पॉलीप्स,नासिका पॉलीप्स,नासिका पॉलीप्स,"Nasal congestion, loss of smell, sinus pressure","Nasal congestion, loss of smell, sinus pressure","Physical Exam, Endoscopy, Imaging","Physical Exam, Endoscopy, Imaging",Moderate to Severe,moderate to severe,Lifelong,Lifelong,"Chronic sinusitis, Allergies","Chronic sinusitis, Allergies","Nasal corticosteroids, Surgery","Nasal corticosteroids, Surgery","Chronic Sinus Infections, Allergies","Chronic Sinus Infections, Allergies","Allergies, Sinus infections","Allergies, Sinus infections",Irregular sleep,irregular sleep,Moderate stress,moderate stress,Moderate,moderate,Family history of sinus issues,Family history of sinus issues,"Low-sodium, Low-dairy diet","Low-sodium, Low-dairy diet","Allergies (dust, pollen)","Allergies (dust, pollen)",All seasons,all seasons,Adults,adults,Both genders,all genders,Requires nasal care,Requires nasal care,Avoids allergens,Avoids allergens,None specific,None specific,None specific,None specific,Eucalyptus oil (2-3 drops in water),Eucalyptus oil (2-3 drops in water),Vata,Vata,Vata,Vata,"Avoid allergens, use saline nasal sprays, and practice deep breathing exercises.","Avoid allergens, use saline nasal sprays, and practice deep breathing exercises.",None specific,None specific,"Medications (Steroids, Surgery)","Medications (Steroids, Surgery)","Avoid Allergens, Manage Sinus Infections","Avoid Allergens, Manage Sinus Infections",Can Be Managed with Medication,Can Be Managed with Medication,"Breathing Issues, Sinus Infections","Breathing Issues, Sinus Infections","Manage Allergies, Regular Monitoring","Manage Allergies, Regular Monitoring",nasal polyps,"[""nasal congestion"", ""loss of smell"", ""sinus pressure""]",3,1,0,0,[]
kp_0406,Osteoporosis,Osteoporosis,हड्डी दुर्बलता,हड्डी दुर्बलता,ऑस्टियोपोरोसिस,ऑस्टियोपोरोसिस,"Back pain, height loss, fractures","Back pain, height loss, fractures","Bone Density Test, Blood Tests","Bone Density Test, Blood Tests",Moderate to Severe,moderate to severe,Lifelong,Lifelong,"Age, Family history of bone disease","Age, Family history of bone disease","Calcium, Vitamin D, Bisphosphonates","Calcium, Vitamin D, Bisphosphonates","Age, Gender, Family History, Smoking","Age, Gender, Family History, Smoking","Aging, Sedentary lifestyle","Aging, Sedentary lifestyle",Irregular sleep,irregular sleep,High stress,high stress,Low,low,Family history of osteoporosis,Family history of osteoporosis,"High-calcium, Vitamin D-rich diet","High-calcium, Vitamin D-rich diet",None,,All seasons,all seasons,Elderly,elderly,Both genders,all genders,Requires bone density monitoring,Requires bone density monitoring,Avoids caffeine and alcohol,Avoids caffeine and alcohol,"Calcium, Vitamin D","Calcium, Vitamin D","Ashwagandha, Guggulu","Ashwagandha, Guggulu",Ashwagandha (5g daily),Ashwagandha (5g daily),Vata,Vata,Vata,Vata,"Include calcium-rich foods like dairy, engage in weight-bearing exercises, and avoid excessive alcohol.","Include calcium-rich foods like dairy, engage in weight-bearing exercises, and avoid excessive alcohol.","Weight-Bearing Exercise, Balance Training","Weight-Bearing Exercise, Balance Training",Medications (Bisphosphonates),Medications (Bisphosphonates),"Healthy Diet, Weight-Bearing Exercise","Healthy Diet, Weight-Bearing Exercise",Can Be Managed with Medication,Can Be Managed with Medication,"Bone Fractures, Spine Deformity","Bone Fractures, Spine Deformity","Healthy Diet, Weight-Bearing Exercise","Healthy Diet, Weight-Bearing Exercise",osteoporosis,"[""back pain"", ""height loss"", ""fractures""]",3,1,0,0,"[""allergies_food_env""]"
kp_0407,Pancreatitis,Pancreatitis,अग्न्याशय सूजन,अग्न्याशय सूजन,अग्न्याशय विकार,अग्न्याशय विकार,"Upper abdominal pain, nausea, vomiting, fever","Upper abdominal pain, nausea, vomiting, fever","Blood Tests, Imaging, Biopsy","Blood Tests, Imaging, Biopsy",Severe,severe,Varies (days to months),Varies (days to months),"Alcohol abuse, Gallstones","Alcohol abuse, Gallstones","Pain relievers, Enzyme supplements","Pain relievers, Enzyme supplements","Alcohol, Gallstones, High-Fat Diet","Alcohol, Gallstones, High-Fat Diet","Alcohol, Fatty diet","Alcohol, Fatty diet",Irregular sleep,irregular sleep,High stress,high stress,Low,low,Family history of liver or pancreatic diseases,Family history of liver or pancreatic diseases,"Low-fat, Balanced diet","Low-fat, Balanced diet","Alcohol, Fatty foods","Alcohol, Fatty foods",All seasons,all seasons,Adults,adults,Both genders,all genders,Requires pancreatic monitoring,Requires pancreatic monitoring,Avoids alcohol,Avoids alcohol,None specific,None specific,None specific,None specific,Turmeric (1 tsp daily),Turmeric (1 tsp daily),Pitta,Pitta,Pitta,Pitta,"Avoid alcohol and fatty foods, increase water intake, and follow a digestive-friendly diet.","Avoid alcohol and fatty foods, increase water intake, and follow a digestive-friendly diet.",None specific,None specific,"Hospitalization, Pain Management","Hospitalization, Pain Management","Avoid Alcohol, Healthy Diet","Avoid Alcohol, Healthy Diet",Can Be Managed with Medication,Can Be Managed with Medication,"Organ Failure, Infection","Organ Failure, Infection","Healthy Diet, Avoid Alcohol","Healthy Diet, Avoid Alcohol",pancreatitis,"[""upper abdominal pain"", ""nausea"", ""vomiting"", ""fever""]",4,0,1,0,[]
kp_0408,Peptic Ulcers,Peptic Ulcers,पेप्टिक अल्सर,पेप्टिक अल्सर,पेप्टिक अल्सर,पेप्टिक अल्सर,"Abdominal pain, bloating, nausea","Abdominal pain, bloating, nausea","Endoscopy, Blood Tests","Endoscopy, Blood Tests",Moderate to Severe,moderate to severe,4-8 weeks,4-8 weeks,"Stress, H. pylori infection","Stress, H. pylori infection","Antacids, Antibiotics","Antacids, Antibiotics","H. pylori Infection, Stress, Alcohol","H. pylori Infection, Stress, Alcohol","Stress, Spicy food, Smoking","Stress, Spicy food, Smoking",Irregular sleep,irregular sleep,High stress,high stress,Low,low,Family history of ulcers,Family history of ulcers,"Low-fat, Non-spicy diet","Low-fat, Non-spicy diet","Alcohol, Smoking","Alcohol, Smoking",All seasons,all seasons,Adults,adults,Both genders,all genders,Requires digestive care,Requires digestive care,Avoids spicy foods,Avoids spicy foods,"Ginger, Licorice","Ginger, Licorice",None specific,None specific,Licorice root (2g daily),Licorice root (2g daily),Pitta,Pitta,Pitta,Pitta,"Avoid spicy foods, consume soothing herbs like licorice, and manage stress levels.","Avoid spicy foods, consume soothing herbs like licorice, and manage stress levels.",None specific,None specific,"Proton Pump Inhibitors, Antacids","Proton Pump Inhibitors, Antacids","Avoid Spicy Foods, Reduce Stress","Avoid Spicy Foods, Reduce Stress",Can Be Managed with Medication,Can Be Managed with Medication,"Bleeding, Perforation","Bleeding, Perforation","Avoid Alcohol, Regular Meals","Avoid Alcohol, Regular Meals",peptic ulcers,"[""abdominal pain"", ""bloating"", ""nausea""]",3,0,1,0,[]
kp_0409,Pneumonia,Pneumonia,निमोनिया,निमोनिया,निमोनिया,निमोनिया,"Cough, fever, shortness of breath, chest pain","Cough, fever, shortness of breath, chest pain","Chest X-ray, Blood Tests, Sputum Test","Chest X-ray, Blood Tests, Sputum Test",Severe,severe,1-2 weeks,1-2 weeks,"Respiratory infections, Smoking","Respiratory infections, Smoking","Antibiotics, Oxygen therapy","Antibiotics, Oxygen therapy","Smoking, Elderly, Weakened Immune System","Smoking, Elderly, Weakened Immune System","Respiratory infections, Smoking","Respiratory infections, Smoking",Irregular sleep,irregular sleep,High stress,high stress,Low,low,Family history of lung disease,Family history of lung disease,"Low-sodium, Balanced diet","Low-sodium, Balanced diet",Smoking,Smoking,All seasons,all seasons,All ages,all ages,Both genders,all genders,Requires respiratory care,Requires respiratory care,Avoids smoking,Avoids smoking,"Echinacea, Ginger","Echinacea, Ginger",None specific,None specific,"Ginger (2g), Honey (1 tsp)","Ginger (2g), Honey (1 tsp)",Vata,Vata,Vata,Vata,"Stay hydrated, consume warm fluids, and rest in an elevated position to ease breathing.","Stay hydrated, consume warm fluids, and rest in an elevated position to ease breathing.",None specific,None specific,"Antibiotics, Oxygen Therapy","Antibiotics, Oxygen Therapy","Vaccination, Good Hygiene","Vaccination, Good Hygiene",Can Be Managed with Treatment,Can Be Managed with Treatment,"Respiratory Failure, Sepsis","Respiratory Failure, Sepsis","Regular Monitoring, Pneumococcal Vaccination","Regular Monitoring, Pneumococcal Vaccination",pneumonia,"[""cough"", ""fever"", ""shortness of breath"", ""chest pain""]",4,1,0,0,[]
kp_0410,Polycythemia Vera,Polycythemia Vera,पॉलीसाइथेमिया वीरा,पॉलीसाइथेमिया वीरा,पॉलीसाइथेमिया वीरा,पॉलीसाइथेमिया वीरा,"Headache, dizziness, fatigue, high red blood cell count","Headache, dizziness, fatigue, high red blood cell count","Blood Tests, Bone Marrow Biopsy","Blood Tests, Bone Marrow Biopsy",Moderate to Severe,moderate to severe,Lifelong,Lifelong,"Blood disorders, Bone marrow issues","Blood disorders, Bone marrow issues","Hydroxyurea, Aspirin","Hydroxyurea, Aspirin","Age, Family History, Radiation Exposure","Age, Family History, Radiation Exposure","Smoking, High altitudes","Smoking, High altitudes",Irregular sleep,irregular sleep,High stress,high stress,Low,low,Family history of blood disorders,Family history of blood disorders,"Low-sodium, Balanced diet","Low-sodium, Balanced diet",None,,All seasons,all seasons,Adults,adults,Both genders,all genders,Requires monitoring,Requires monitoring,Avoids high-fat foods,Avoids high-fat foods,None specific,None specific,None specific,None specific,Triphala (1 tsp at bedtime),Triphala (1 tsp at bedtime),Pitta,Pitta,Pitta,Pitta,"Maintain hydration, avoid iron-rich foods, and follow doctor’s treatment plan.","Maintain hydration, avoid iron-rich foods, and follow doctor's treatment plan.",None specific,None specific,"Phlebotomy, Medications","Phlebotomy, Medications","Early Diagnosis, Regular Monitoring","Early Diagnosis, Regular Monitoring",Can Be Managed with Treatment,Can Be Managed with Treatment,"Blood Clots, Stroke, Heart Attack","Blood Clots, Stroke, Heart Attack","Regular Monitoring, Blood Thinning","Regular Monitoring, Blood Thinning",polycythemia vera,"[""headache"", ""dizziness"", ""fatigue"", ""high red blood cell count""]",4,0,1,0,"[""allergies_food_env""]"
kp_0411,Post-Traumatic Stress Disorder (PTSD),Post-Traumatic Stress Disorder (PTSD),पोस्ट-ट्रॉमैटिक स्ट्रेस डिसऑर्डर,पोस्ट-ट्रॉमैटिक स्ट्रेस डिसऑर्डर,पोस्ट-ट्रॉमैटिक स्ट्रेस डिसऑर्डर,पोस्ट-ट्रॉमैटिक स्ट्रेस डिसऑर्डर,"Flashbacks, nightmares, anxiety, depression","Flashbacks, nightmares, anxiety, depression","Psychological Evaluation, PTSD Checklist","Psychological Evaluation, PTSD Checklist",Severe,severe,Lifelong,Lifelong,"Trauma, Anxiety disorders","Trauma, Anxiety disorders","Antidepressants, Therapy","Antidepressants, Therapy","Trauma, Abuse, Genetics","Trauma, Abuse, Genetics","Stressful events, Trauma","Stressful events, Trauma",Disrupted sleep,disrupted sleep,High stress,high stress,Low,low,Family history of mental health disorders,Family history of mental health disorders,"Balanced, Nutrient-rich diet","Balanced, Nutrient-rich diet",None,,All seasons,all seasons,Adults,adults,Both genders,all genders,Requires psychological support,Requires psychological support,Avoids stressors,Avoids stressors,None specific,None specific,None specific,None specific,Brahmi (2g daily),Brahmi (2g daily),Vata,Vata,Vata,Vata,"Engage in mindfulness techniques, consume calming foods like chamomile, and seek therapy.","Engage in mindfulness techniques, consume calming foods like chamomile, and seek therapy.",None specific,None specific,"Therapy (CBT), Medications","Therapy (CBT), Medications","Therapy, Stress Management","Therapy, Stress Management",Can Be Managed with Therapy,Can Be Managed with Therapy,"Depression, Anxiety, Substance Abuse","Depression, Anxiety, Substance Abuse","Regular Therapy, Stress Management","Regular Therapy, Stress Management",post traumatic stress disorder ptsd,"[""flashbacks"", ""nightmares"", ""anxiety"", ""depression""]",4,1,0,0,"[""allergies_food_env""]"
kp_0412,Prostate Enlargement (Benign Prostatic Hyperplasia),Prostate Enlargement (Benign Prostatic Hyperplasia),प्रोस्टेट enlargement (बिनाइन प्रोस्टेट हाइपरप्लासिया),प्रोस्टेट enlargement (बिनाइन प्रोस्टेट हाइपरप्लासिया),प्रोस्टेट enlargement (बिनाइन प्रोस्टेट हाइपरप्लासिया),प्रोस्टेट enlargement (बिनाइन प्रोस्टेट हाइपरप्लासिया),"Frequent urination, difficulty urinating, weak stream","Frequent urination, difficulty urinating, weak stream","Physical Exam, Urine Tests, Ultrasound","Physical Exam, Urine Tests, Ultrasound",Moderate to Severe,moderate to severe,Lifelong,Lifelong,"Aging, Urinary issues","Aging, Urinary issues","Alpha-blockers, 5-alpha reductase inhibitors","Alpha-blockers, 5-alpha reductase inhibitors","Aging, Family History","Aging, Family History","Aging, Obesity, Family history","Aging, Obesity, Family history",Irregular sleep,irregular sleep,Moderate stress,moderate stress,Moderate,moderate,Family history of prostate issues,Family history of prostate issues,"Low-fat, Balanced diet","Low-fat, Balanced diet",None,,All seasons,all seasons,Adults (Older Men),adults (older men),Male,male,Requires monitoring,Requires monitoring,Avoids alcohol and caffeine,Avoids alcohol and caffeine,"Saw Palmetto, Pygeum","Saw Palmetto, Pygeum",None specific,None specific,Saw palmetto (2g daily),Saw palmetto (2g daily),Vata,Vata,Vata,Vata,"Avoid caffeine, practice relaxation techniques, and eat a diet rich in antioxidants.","Avoid caffeine, practice relaxation techniques, and eat a diet rich in antioxidants.",None specific,None specific,"Medications, Surgery","Medications, Surgery","Healthy Diet, Regular Monitoring","Healthy Diet, Regular Monitoring",Can Be Managed with Treatment,Can Be Managed with Treatment,"Urinary Retention, Bladder Damage","Urinary Retention, Bladder Damage","Regular Monitoring, Healthy Lifestyle","Regular Monitoring, Healthy Lifestyle",prostate enlargement benign prostatic hyperplasia,"[""frequent urination"", ""difficulty urinating"", ""weak stream""]",3,1,0,0,"[""allergies_food_env""]"
kp_0413,Psoriatic Arthritis,Psoriatic Arthritis,सोरियाटिक आर्थराइटिस,सोरियाटिक आर्थराइटिस,सोरियाटिक आर्थराइटिस,सोरियाटिक आर्थराइटिस,"Joint pain, swelling, skin rashes, stiffness","Joint pain, swelling, skin rashes, stiffness","Physical Exam, Blood Tests, Imaging","Physical Exam, Blood Tests, Imaging",Severe,severe,Lifelong,Lifelong,"Autoimmune disorders, Joint pain","Autoimmune disorders, Joint pain","NSAIDs, Methotrexate","NSAIDs, Methotrexate","Genetics, Infections, Stress","Genetics, Infections, Stress","Stress, Infection, Obesity","Stress, Infection, Obesity",Irregular sleep,irregular sleep,High stress,high stress,Low,low,Family history of autoimmune diseases,Family history of autoimmune diseases,"Low-sodium, Balanced diet","Low-sodium, Balanced diet",None,,All seasons,all seasons,Adults,adults,Both genders,all genders,Requires joint care,Requires joint care,Avoids high-sugar foods,Avoids high-sugar foods,"Turmeric, Fish Oil","Turmeric, Fish Oil","Ashwagandha, Turmeric","Ashwagandha, Turmeric",Turmeric (1 tsp daily),Turmeric (1 tsp daily),Pitta,Pitta,Pitta,Pitta,"Avoid cold weather exposure, consume anti-inflammatory foods, and engage in regular stretching.","Avoid cold weather exposure, consume anti-inflammatory foods, and engage in regular stretching.","Physical Therapy, Stress Management","Physical Therapy, Stress Management","Medications (NSAIDs, DMARDs)","Medications (NSAIDs, DMARDs)","Healthy Diet, Stress Management","Healthy Diet, Stress Management",Can Be Managed with Medication,Can Be Managed with Medication,"Joint Damage, Disability","Joint Damage, Disability","Regular Monitoring, Healthy Lifestyle","Regular Monitoring, Healthy Lifestyle",psoriatic arthritis,"[""joint pain"", ""swelling"", ""skin rashes"", ""stiffness""]",4,0,1,0,"[""allergies_food_env""]"
kp_0414,Raynaud's Disease,Raynaud's Disease,रेयानॉड्स रोग,रेयानॉड्स रोग,रेयानॉड्स रोग,रेयानॉड्स रोग,"Color changes in fingers and toes, coldness, numbness","Color changes in fingers and toes, coldness, numbness","Physical Exam, Blood Tests, Nailfold Capillary Examination","Physical Exam, Blood Tests, Nailfold Capillary Examination",Moderate to Severe,moderate to severe,Lifelong,Lifelong,"Blood flow issues, Cold exposure","Blood flow issues, Cold exposure","Calcium channel blockers, Vasodilators","Calcium channel blockers, Vasodilators","Cold Exposure, Stress, Smoking","Cold Exposure, Stress, Smoking","Cold weather, Stress","Cold weather, Stress",Irregular sleep,irregular sleep,High stress,high stress,Low,low,Family history of blood disorders,Family history of blood disorders,"Low-sodium, Balanced diet","Low-sodium, Balanced diet",None,,Cold seasons,cold seasons,Adults,adults,Both genders,all genders,Requires warmth and care,Requires warmth and care,Avoids cold exposure,Avoids cold exposure,"Garlic, Ginkgo Biloba","Garlic, Ginkgo Biloba",None specific,None specific,"Ginger (2g), Honey (1 tsp)","Ginger (2g), Honey (1 tsp)",Vata,Vata,Vata,Vata,"Avoid cold environments, wear warm clothing, and consume foods that improve circulation.","Avoid cold environments, wear warm clothing, and consume foods that improve circulation.",None specific,None specific,"Medications (Vasodilators, Calcium Channel Blockers)","Medications (Vasodilators, Calcium Channel Blockers)","Keep Warm, Avoid Stress","Keep Warm, Avoid Stress",Can Be Managed with Medication,Can Be Managed with Medication,"Tissue Damage, Ulcers, Infection","Tissue Damage, Ulcers, Infection","Avoid Cold Exposure, Stress Management","Avoid Cold Exposure, Stress Management",raynaud s disease,"[""color changes in fingers and toes"", ""coldness"", ""numbness""]",3,1,0,0,"[""allergies_food_env""]"
kp_0415,Rheumatoid Arthritis,Rheumatoid Arthritis,रूमेटॉयड आर्थराइटिस,रूमेटॉयड आर्थराइटिस,रूमेटॉयड आर्थराइटिस,रूमेटॉयड आर्थराइटिस,"Joint pain, swelling, stiffness, fatigue","Joint pain, swelling, stiffness, fatigue","Blood Tests, Imaging, Physical Exam","Blood Tests, Imaging, Physical Exam",Severe,severe,Lifelong,Lifelong,"Autoimmune disorders, Joint pain","Autoimmune disorders, Joint pain",Disease-modifying antirheumatic drugs (DMARDs),Disease-modifying antirheumatic drugs (DMARDs),"Genetics, Smoking, Infections","Genetics, Smoking, Infections","Stress, Family history","Stress, Family history",Irregular sleep,irregular sleep,High stress,high stress,Low,low,Family history of rheumatoid arthritis,Family history of rheumatoid arthritis,"Low-sodium, Balanced diet","Low-sodium, Balanced diet",None,,All seasons,all seasons,Adults,adults,Both genders,all genders,Requires joint care,Requires joint care,Avoids smoking,Avoids smoking,"Turmeric, Ginger, Fish Oil","Turmeric, Ginger, Fish Oil","Ashwagandha, Turmeric","Ashwagandha, Turmeric",Ashwagandha (5g daily),Ashwagandha (5g daily),Vata,Vata,Vata,Vata,"Engage in gentle exercise like yoga, avoid excessive rest, and include anti-inflammatory foods.","Engage in gentle exercise like yoga, avoid excessive rest, and include anti-inflammatory foods.","Physical Therapy, Regular Exercise","Physical Therapy, Regular Exercise","Medications (DMARDs, Biologics, NSAIDs)","Medications (DMARDs, Biologics, NSAIDs)","Healthy Diet, Stress Management","Healthy Diet, Stress Management",Can Be Managed with Medication,Can Be Managed with Medication,"Joint Deformity, Organ Damage","Joint Deformity, Organ Damage","Regular Exercise, Stress Management","Regular Exercise, Stress Management",rheumatoid arthritis,"[""joint pain"", ""swelling"", ""stiffness"", ""fatigue""]",4,1,0,0,"[""allergies_food_env""]"
kp_0416,Sciatica,Sciatica,सायटिका,सायटिका,सायटिका,सायटिका,"Lower back pain, pain radiating down the leg","Lower back pain, pain radiating down the leg","Physical Exam, MRI, X-rays","Physical Exam, MRI, X-rays",Moderate to Severe,moderate to severe,Weeks to Months,Weeks to Months,"Back pain, Nerve compression","Back pain, Nerve compression","Pain relievers, Physical therapy","Pain relievers, Physical therapy","Poor Posture, Spinal Abnormalities","Poor Posture, Spinal Abnormalities","Sedentary lifestyle, Heavy lifting","Sedentary lifestyle, Heavy lifting",Irregular sleep,irregular sleep,Moderate stress,moderate stress,Low,low,Family history of back issues,Family history of back issues,"Low-sodium, Balanced diet","Low-sodium, Balanced diet",None,,All seasons,all seasons,Adults,adults,Both genders,all genders,Requires posture correction,Requires posture correction,Avoids heavy lifting,Avoids heavy lifting,None specific,None specific,None specific,None specific,Ashwagandha (5g daily),Ashwagandha (5g daily),Vata,Vata,Vata,Vata,"Engage in gentle stretching exercises, avoid sitting for long periods, and sleep in a neutral position.","Engage in gentle stretching exercises, avoid sitting for long periods, and sleep in a neutral position.","Physical Therapy, Stretching","Physical Therapy, Stretching","Pain Relievers, Physical Therapy","Pain Relievers, Physical Therapy","Proper Posture, Regular Exercise","Proper Posture, Regular Exercise",Can Be Managed with Treatment,Can Be Managed with Treatment,"Nerve Damage, Chronic Pain","Nerve Damage, Chronic Pain","Posture Correction, Regular Movement","Posture Correction, Regular Movement",sciatica,"[""lower back pain"", ""pain radiating down the leg""]",2,1,0,0,"[""allergies_food_env""]"
kp_0417,Sinusitis,Sinusitis,साइनसाइटिस,साइनसाइटिस,साइनसाइटिस,साइनसाइटिस,"Nasal congestion, facial pain, headache","Nasal congestion, facial pain, headache","Physical Exam, Nasal Endoscopy, Imaging","Physical Exam, Nasal Endoscopy, Imaging",Moderate to Severe,moderate to severe,Weeks to Months,Weeks to Months,"Respiratory issues, Allergies","Respiratory issues, Allergies","Nasal decongestants, Antibiotics","Nasal decongestants, Antibiotics","Allergies, Infection, Pollution","Allergies, Infection, Pollution","Allergies, Respiratory infections","Allergies, Respiratory infections",Irregular sleep,irregular sleep,Moderate stress,moderate stress,Low,low,Family history of sinus issues,Family history of sinus issues,"Low-sodium, Balanced diet","Low-sodium, Balanced diet","Allergies (dust, pollen)","Allergies (dust, pollen)",All seasons,all seasons,All ages,all ages,Both genders,all genders,Requires nasal care,Requires nasal care,Avoids allergens,Avoids allergens,"Eucalyptus, Ginger, Peppermint","Eucalyptus, Ginger, Peppermint",None specific,None specific,Eucalyptus oil (2-3 drops in water),Eucalyptus oil (2-3 drops in water),Vata,Vata,Vata,Vata,"Stay hydrated, practice steam inhalation, and avoid allergens.","Stay hydrated, practice steam inhalation, and avoid allergens.",None specific,None specific,"Antibiotics, Decongestants, Nasal Sprays","Antibiotics, Decongestants, Nasal Sprays","Avoid Allergens, Stay Hydrated","Avoid Allergens, Stay Hydrated",Can Be Managed with Medication,Can Be Managed with Medication,"Chronic Infections, Asthma","Chronic Infections, Asthma","Regular Hydration, Avoid Triggers","Regular Hydration, Avoid Triggers",sinusitis,"[""nasal congestion"", ""facial pain"", ""headache""]",3,1,0,0,[]
kp_0418,Skin Infections,Skin Infections,त्वचा संक्रमण,त्वचा संक्रमण,त्वचा संक्रमण,त्वचा संक्रमण,"Redness, swelling, pus, pain","Redness, swelling, pus, pain","Physical Exam, Cultures, Blood Tests","Physical Exam, Cultures, Blood Tests",Moderate to Severe,moderate to severe,Weeks to Months,Weeks to Months,Bacterial or fungal infections,Bacterial or fungal infections,"Antibiotics, Antifungals","Antibiotics, Antifungals","Poor Hygiene, Weakened Immune System","Poor Hygiene, Weakened Immune System","Poor hygiene, Cuts, Allergies","Poor hygiene, Cuts, Allergies",Irregular sleep,irregular sleep,Moderate stress,moderate stress,Low,low,Family history of skin infections,Family history of skin infections,"Low-sodium, Balanced diet","Low-sodium, Balanced diet","Allergies (food, environment)","Allergies (food, environment)",All seasons,all seasons,All ages,all ages,Both genders,all genders,Requires skin care,Requires skin care,Avoids harsh chemicals,Avoids harsh chemicals,"Aloe Vera, Tea Tree Oil","Aloe Vera, Tea Tree Oil","Aloe Vera, Tea Tree Oil","Aloe Vera, Tea Tree Oil","Neem leaves (5-6), Water (as needed)","Neem leaves (5-6), Water (as needed)",Pitta,Pitta,Pitta,Pitta,"Apply neem paste, avoid harsh chemicals, and keep the skin clean and dry.","Apply neem paste, avoid harsh chemicals, and keep the skin clean and dry.",None specific,None specific,"Antibiotics, Antifungals","Antibiotics, Antifungals","Proper Hygiene, Wound Care","Proper Hygiene, Wound Care",Can Be Managed with Medication,Can Be Managed with Medication,"Scarring, Spreading Infections","Scarring, Spreading Infections","Maintain Hygiene, Treat Wounds Promptly","Maintain Hygiene, Treat Wounds Promptly",skin infections,"[""redness"", ""swelling"", ""pus"", ""pain""]",4,0,1,0,[]
kp_0419,Sleep Apnea,Sleep Apnea,स्लीप एपनिया,स्लीप एपनिया,स्लीप एपनिया,स्लीप एपनिया,"Loud snoring, interrupted breathing, fatigue","Loud snoring, interrupted breathing, fatigue","Sleep Study, Polysomnography","Sleep Study, Polysomnography",Severe,severe,Lifelong,Lifelong,"Obesity, Breathing disorders","Obesity, Breathing disorders","CPAP, Surgery","CPAP, Surgery","Obesity, Alcohol, Smoking","Obesity, Alcohol, Smoking","Obesity, Smoking, Alcohol use","Obesity, Smoking, Alcohol use",Disrupted sleep,disrupted sleep,High stress,high stress,Low,low,Family history of sleep disorders,Family history of sleep disorders,"Low-fat, Balanced diet","Low-fat, Balanced diet","Alcohol, Smoking","Alcohol, Smoking",All seasons,all seasons,Adults,adults,Both genders,all genders,Requires sleep monitoring,Requires sleep monitoring,Avoids alcohol and smoking,Avoids alcohol and smoking,None specific,None specific,None specific,None specific,Ashwagandha (5g daily),Ashwagandha (5g daily),Vata,Vata,Vata,Vata,"Maintain a regular sleep schedule, sleep on your side, and avoid heavy meals before bedtime.","Maintain a regular sleep schedule, sleep on your side, and avoid heavy meals before bedtime.","CPAP Therapy, Sleep Hygiene","CPAP Therapy, Sleep Hygiene","CPAP, Surgery, Medications","CPAP, Surgery, Medications","Weight Loss, Avoid Alcohol","Weight Loss, Avoid Alcohol",Can Be Managed with Treatment,Can Be Managed with Treatment,"Heart Disease, Stroke","Heart Disease, Stroke","Regular Sleep, Healthy Weight","Regular Sleep, Healthy Weight",sleep apnea,"[""loud snoring"", ""interrupted breathing"", ""fatigue""]",3,1,0,0,[]
kp_0420,Spinal Cord Injury,Spinal Cord Injury,रीढ़ की हड्डी की चोट,रीढ़ की हड्डी की चोट,स्पाइनल कॉर्ड इंजुरी,स्पाइनल कॉर्ड इंजुरी,"Loss of movement, pain, numbness, paralysis","Loss of movement, pain, numbness, paralysis","Physical Exam, Imaging (MRI, CT)","Physical Exam, Imaging (MRI, CT)",Severe,severe,Lifelong,Lifelong,"Trauma, Accident, Paralysis","Trauma, Accident, Paralysis","Pain relievers, Muscle relaxants","Pain relievers, Muscle relaxants","Trauma, Accidents, Genetic Conditions","Trauma, Accidents, Genetic Conditions","Trauma, Accident, High-risk activities","Trauma, Accident, High-risk activities",Irregular sleep,irregular sleep,High stress,high stress,Low,low,Family history of spinal disorders,Family history of spinal disorders,"Low-sodium, Balanced diet","Low-sodium, Balanced diet",None,,All seasons,all seasons,Adults,adults,Both genders,all genders,Requires rehabilitation,Requires rehabilitation,Avoids physical strain,Avoids physical strain,None specific,None specific,None specific,None specific,Ashwagandha (5g daily),Ashwagandha (5g daily),Vata,Vata,Vata,Vata,"Focus on rehabilitation, maintain a nutritious diet to support nerve health, and practice gentle exercises.","Focus on rehabilitation, maintain a nutritious diet to support nerve health, and practice gentle exercises.","Physical Therapy, Occupational Therapy","Physical Therapy, Occupational Therapy","Surgery, Rehabilitation","Surgery, Rehabilitation","Safety Precautions, Proper Posture","Safety Precautions, Proper Posture",Depends on Severity,Depends on Severity,"Paralysis, Respiratory Issues","Paralysis, Respiratory Issues","Rehabilitation, Assistive Devices","Rehabilitation, Assistive Devices",spinal cord injury,"[""loss of movement"", ""pain"", ""numbness"", ""paralysis""]",4,1,0,0,"[""allergies_food_env""]"
kp_0421,Spondylosis,Spondylosis,स्पोंडिलोसिस,स्पोंडिलोसिस,स्पॉन्डिलोसिस,स्पॉन्डिलोसिस,"Neck or back pain, stiffness, muscle weakness","Neck or back pain, stiffness, muscle weakness","X-ray, MRI, Physical Exam","X-ray, MRI, Physical Exam",Moderate to Severe,moderate to severe,Lifelong,Lifelong,"Aging, Wear and tear of spine","Aging, Wear and tear of spine","Pain relievers, Muscle relaxants","Pain relievers, Muscle relaxants","Aging, Poor Posture, Injury","Aging, Poor Posture, Injury","Aging, Sedentary lifestyle","Aging, Sedentary lifestyle",Irregular sleep,irregular sleep,Moderate stress,moderate stress,Low,low,Family history of spinal issues,Family history of spinal issues,"Low-sodium, Balanced diet","Low-sodium, Balanced diet",None,,All seasons,all seasons,Adults (Older),adults (older),Both genders,all genders,Requires posture correction,Requires posture correction,Avoids heavy lifting,Avoids heavy lifting,None specific,None specific,None specific,None specific,Turmeric (1 tsp daily),Turmeric (1 tsp daily),Vata,Vata,Vata,Vata,"Maintain a good posture, engage in back-strengthening exercises, and apply warm compresses.","Maintain a good posture, engage in back-strengthening exercises, and apply warm compresses.","Physical Therapy, Stretching","Physical Therapy, Stretching","Pain Relievers, Physical Therapy","Pain Relievers, Physical Therapy","Proper Posture, Regular Exercise","Proper Posture, Regular Exercise",Can Be Managed with Medication,Can Be Managed with Medication,"Chronic Pain, Disability","Chronic Pain, Disability","Regular Exercise, Proper Posture","Regular Exercise, Proper Posture",spondylosis,"[""neck or back pain"", ""stiffness"", ""muscle weakness""]",3,1,0,0,"[""allergies_food_env""]"
kp_0422,Stomach Cancer,Stomach Cancer,पेट का कैंसर,पेट का कैंसर,पोटापट्टा कॅन्सर,पोटापट्टा कॅन्सर,"Abdominal pain, weight loss, nausea, loss of appetite","Abdominal pain, weight loss, nausea, loss of appetite","Endoscopy, Biopsy, Imaging","Endoscopy, Biopsy, Imaging",Severe,severe,Months to Years,Months to Years,"Smoking, Alcohol, Poor diet","Smoking, Alcohol, Poor diet","Chemotherapy, Surgery","Chemotherapy, Surgery","Smoking, Alcohol, H. pylori Infection","Smoking, Alcohol, H. pylori Infection","Smoking, Alcohol use, Poor diet","Smoking, Alcohol use, Poor diet",Irregular sleep,irregular sleep,High stress,high stress,Low,low,Family history of cancer,Family history of cancer,"Low-fat, High-fiber diet","Low-fat, High-fiber diet",None,,All seasons,all seasons,Adults,adults,Both genders,all genders,Requires monitoring,Requires monitoring,Avoids alcohol and smoking,Avoids alcohol and smoking,None specific,None specific,None specific,None specific,"Ginger (2g), Honey (1 tsp)","Ginger (2g), Honey (1 tsp)",Pitta,Pitta,Pitta,Pitta,"Consume small, frequent meals, avoid processed foods, and follow cancer treatment guidelines.","Consume small, frequent meals, avoid processed foods, and follow cancer treatment guidelines.",None specific,None specific,"Surgery, Chemotherapy, Radiation","Surgery, Chemotherapy, Radiation","Healthy Diet, Avoid Smoking","Healthy Diet, Avoid Smoking","Depends on Stage, Can Be Aggressive","Depends on Stage, Can Be Aggressive","Organ Damage, Metastasis","Organ Damage, Metastasis","Early Detection, Healthy Lifestyle","Early Detection, Healthy Lifestyle",stomach cancer,"[""abdominal pain"", ""weight loss"", ""nausea"", ""loss of appetite""]",4,0,1,0,"[""allergies_food_env""]"
kp_0423,Strep Throat,Strep Throat,गले में संक्रमण (स्ट्रेप),गले में संक्रमण (स्ट्रेप),गळ्यातील संक्रमण (स्ट्रेप),गळ्यातील संक्रमण (स्ट्रेप),"Sore throat, fever, swollen lymph nodes","Sore throat, fever, swollen lymph nodes","Throat Culture, Rapid Antigen Test","Throat Culture, Rapid Antigen Test",Moderate,moderate,Days to Weeks,Days to Weeks,Bacterial infection,Bacterial infection,Antibiotics,Antibiotics,"Close Contact, Weakened Immune System","Close Contact, Weakened Immune System","Poor hygiene, Close contact","Poor hygiene, Close contact",Regular sleep,regular sleep,Moderate stress,moderate stress,Low,low,Family history of infections,Family history of infections,"Low-sodium, Balanced diet","Low-sodium, Balanced diet",None,,All seasons,all seasons,All ages,all ages,Both genders,all genders,Requires antibiotic treatment,Requires antibiotic treatment,Avoids cold food,Avoids cold food,"Honey, Warm Salt Water Gargle","Honey, Warm Salt Water Gargle",None specific,None specific,"Honey (1 tsp), Lemon (1 tbsp)","Honey (1 tsp), Lemon (1 tbsp)",Pitta,Pitta,Pitta,Pitta,"Stay hydrated, avoid irritants like smoke, and rest your voice.","Stay hydrated, avoid irritants like smoke, and rest your voice.",None specific,None specific,Antibiotics,Antibiotics,"Proper Hygiene, Avoid Infected Individuals","Proper Hygiene, Avoid Infected Individuals",Can Be Managed with Medication,Can Be Managed with Medication,"Kidney Disease, Rheumatic Fever","Kidney Disease, Rheumatic Fever","Rest, Hydration, Medication Adherence","Rest, Hydration, Medication Adherence",strep throat,"[""sore throat"", ""fever"", ""swollen lymph nodes""]",3,0,1,0,"[""allergies_food_env""]"
kp_0424,Stress,Stress,तनाव,तनाव,तणाव,तणाव,"Anxiety, fatigue, headaches, irritability","Anxiety, fatigue, headaches, irritability","Psychological Evaluation, Self-Reported Symptoms","Psychological Evaluation, Self-Reported Symptoms",Moderate to Severe,moderate to severe,Chronic or Intermittent,Chronic or Intermittent,"Mental health issues, Work pressure","Mental health issues, Work pressure",Stress management techniques,Stress management techniques,"Work Pressure, Family Issues, Lifestyle","Work Pressure, Family Issues, Lifestyle","Work, Personal life","Work, Personal life",Disrupted sleep,disrupted sleep,High stress,high stress,Low,low,Family history of mental health issues,Family history of mental health issues,"Low-sodium, Balanced diet","Low-sodium, Balanced diet",None,,All seasons,all seasons,All ages,all ages,Both genders,all genders,Requires relaxation techniques,Requires relaxation techniques,Avoids stressors,Avoids stressors,"Meditation, Aromatherapy","Meditation, Aromatherapy","Ashwagandha, Brahmi","Ashwagandha, Brahmi",Ashwagandha (5g daily),Ashwagandha (5g daily),Vata,Vata,Vata,Vata,"Practice relaxation techniques like yoga and deep breathing, eat nutrient-dense foods, and engage in regular physical activity.","Practice relaxation techniques like yoga and deep breathing, eat nutrient-dense foods, and engage in regular physical activity.","Relaxation Techniques, Yoga","Relaxation Techniques, Yoga","Stress Management Techniques, Therapy","Stress Management Techniques, Therapy","Regular Exercise, Relaxation Techniques","Regular Exercise, Relaxation Techniques",Can Be Managed with Therapy,Can Be Managed with Therapy,"Anxiety, Depression, Heart Disease","Anxiety, Depression, Heart Disease","Stress Management, Healthy Lifestyle","Stress Management, Healthy Lifestyle",stress,"[""anxiety"", ""fatigue"", ""headaches"", ""irritability""]",4,1,0,0,"[""allergies_food_env""]"
kp_0425,Stroke,Stroke,स्ट्रोक,स्ट्रोक,स्ट्रोक,स्ट्रोक,"Sudden numbness, confusion, difficulty speaking, loss of balance","Sudden numbness, confusion, difficulty speaking, loss of balance","Physical Exam, CT Scan, MRI","Physical Exam, CT Scan, MRI",Severe,severe,Months to Years,Months to Years,"High blood pressure, Heart disease","High blood pressure, Heart disease","Blood thinners, Rehabilitation","Blood thinners, Rehabilitation","Hypertension, Smoking, Diabetes","Hypertension, Smoking, Diabetes","High blood pressure, Smoking, Diabetes","High blood pressure, Smoking, Diabetes",Irregular sleep,irregular sleep,High stress,high stress,Low,low,Family history of stroke,Family history of stroke,"Low-sodium, Balanced diet","Low-sodium, Balanced diet",None,,All seasons,all seasons,Adults,adults,Both genders,all genders,Requires rehabilitation,Requires rehabilitation,Avoids high-fat foods,Avoids high-fat foods,"Ginkgo Biloba, Garlic","Ginkgo Biloba, Garlic","Ashwagandha, Turmeric","Ashwagandha, Turmeric",Ginger (2g daily),Ginger (2g daily),Vata,Vata,Vata,Vata,"Engage in rehabilitation exercises, eat heart-healthy foods, and manage blood pressure.","Engage in rehabilitation exercises, eat heart-healthy foods, and manage blood pressure.","Physical Therapy, Occupational Therapy","Physical Therapy, Occupational Therapy","Emergency Care, Surgery, Rehabilitation","Emergency Care, Surgery, Rehabilitation","Regular Monitoring, Healthy Diet","Regular Monitoring, Healthy Diet",Depends on Severity,Depends on Severity,"Disability, Cognitive Impairment","Disability, Cognitive Impairment","Early Intervention, Rehabilitation","Early Intervention, Rehabilitation",stroke,"[""sudden numbness"", ""confusion"", ""difficulty speaking"", ""loss of balance""]",4,1,0,0,"[""allergies_food_env""]"
kp_0426,Systemic Lupus Erythematosus (SLE),Systemic Lupus Erythematosus (SLE),सिस्टमिक ल्यूपस एरीथेमाटोसस,सिस्टमिक ल्यूपस एरीथेमाटोसस,सिस्टमिक ल्यूपस एरीथेमाटोसस,सिस्टमिक ल्यूपस एरीथेमाटोसस,"Fatigue, joint pain, skin rashes, photosensitivity","Fatigue, joint pain, skin rashes, photosensitivity","Blood Tests, Biopsy, Urinalysis","Blood Tests, Biopsy, Urinalysis",Moderate to Severe,moderate to severe,Lifelong,Lifelong,"Autoimmune disorder, Fatigue, Joint pain","Autoimmune disorder, Fatigue, Joint pain","Immunosuppressants, Pain relievers","Immunosuppressants, Pain relievers","Female Gender, Genetics, Sun Exposure","Female Gender, Genetics, Sun Exposure","Stress, Sun exposure","Stress, Sun exposure",Irregular sleep,irregular sleep,High stress,high stress,Low,low,Family history of autoimmune disorders,Family history of autoimmune disorders,"Low-sodium, Balanced diet","Low-sodium, Balanced diet",Sun exposure,Sun exposure,All seasons,all seasons,Adults,adults,Female,female,Requires immune monitoring,Requires immune monitoring,Avoids sun exposure,Avoids sun exposure,"Turmeric, Fish Oil, Ginger","Turmeric, Fish Oil, Ginger","Ashwagandha, Turmeric","Ashwagandha, Turmeric",Turmeric (1 tsp daily),Turmeric (1 tsp daily),Pitta,Pitta,Pitta,Pitta,"Avoid sun exposure, maintain a balanced diet rich in antioxidants, and engage in regular exercise.","Avoid sun exposure, maintain a balanced diet rich in antioxidants, and engage in regular exercise.","Stress Management, Regular Exercise","Stress Management, Regular Exercise","Immunosuppressants, NSAIDs","Immunosuppressants, NSAIDs","Sun Protection, Stress Management","Sun Protection, Stress Management",Can Be Managed with Medication,Can Be Managed with Medication,"Kidney Damage, Heart Disease","Kidney Damage, Heart Disease","Regular Monitoring, Avoid Sun Exposure","Regular Monitoring, Avoid Sun Exposure",systemic lupus erythematosus sle,"[""fatigue"", ""joint pain"", ""skin rashes"", ""photosensitivity""]",4,0,1,0,[]
kp_0427,Testicular Cancer,Testicular Cancer,अंडकोष का कैंसर,अंडकोष का कैंसर,अंडकोष कॅन्सर,अंडकोष कॅन्सर,"Lump in testicle, pain or swelling, heaviness in scrotum","Lump in testicle, pain or swelling, heaviness in scrotum","Physical Exam, Ultrasound, Biopsy","Physical Exam, Ultrasound, Biopsy",Severe,severe,Months to Years,Months to Years,Family history of cancer,Family history of cancer,"Chemotherapy, Surgery","Chemotherapy, Surgery","Family History, Undescended Testicle","Family History, Undescended Testicle",Family history of cancer,Family history of cancer,Irregular sleep,irregular sleep,High stress,high stress,Low,low,Family history of cancer,Family history of cancer,"Low-fat, High-protein diet","Low-fat, High-protein diet",None,,All seasons,all seasons,Adults (Young),adults (young),Male,male,Requires monitoring,Requires monitoring,Avoids alcohol and smoking,Avoids alcohol and smoking,None specific,None specific,None specific,None specific,Turmeric (1 tsp daily),Turmeric (1 tsp daily),Pitta,Pitta,Pitta,Pitta,"Include antioxidant-rich foods, follow treatment protocols, and avoid exposure to toxins.","Include antioxidant-rich foods, follow treatment protocols, and avoid exposure to toxins.",None specific,None specific,"Surgery, Chemotherapy, Radiation","Surgery, Chemotherapy, Radiation","Early Detection, Regular Self-Exams","Early Detection, Regular Self-Exams",Can Be Managed with Treatment,Can Be Managed with Treatment,"Infertility, Metastasis","Infertility, Metastasis","Regular Self-Exams, Early Detection","Regular Self-Exams, Early Detection",testicular cancer,"[""lump in testicle"", ""pain or swelling"", ""heaviness in scrotum""]",3,0,1,0,"[""allergies_food_env""]"
kp_0428,Thyroid Cancer,Thyroid Cancer,थायरॉयड कैंसर,थायरॉयड कैंसर,थायरॉयड कॅन्सर,थायरॉयड कॅन्सर,"Neck lump, hoarseness, difficulty swallowing, weight loss","Neck lump, hoarseness, difficulty swallowing, weight loss","Blood Tests (Thyroid Function), Biopsy","Blood Tests (Thyroid Function), Biopsy",Severe,severe,Months to Years,Months to Years,Family history of thyroid issues,Family history of thyroid issues,"Surgery, Radioactive iodine","Surgery, Radioactive iodine","Radiation Exposure, Family History","Radiation Exposure, Family History","Family history, Radiation exposure","Family history, Radiation exposure",Irregular sleep,irregular sleep,High stress,high stress,Low,low,Family history of thyroid disorders,Family history of thyroid disorders,"Low-fat, Balanced diet","Low-fat, Balanced diet",None,,All seasons,all seasons,Adults,adults,Both genders,all genders,Requires monitoring,Requires monitoring,Avoids smoking,Avoids smoking,None specific,None specific,None specific,None specific,Ashwagandha (5g daily),Ashwagandha (5g daily),Vata,Vata,Vata,Vata,"Consume thyroid-supportive foods, maintain a stress-free lifestyle, and follow medical guidance.","Consume thyroid-supportive foods, maintain a stress-free lifestyle, and follow medical guidance.",None specific,None specific,"Surgery, Radiation, Chemotherapy","Surgery, Radiation, Chemotherapy","Regular Check-ups, Avoid Radiation","Regular Check-ups, Avoid Radiation",Can Be Managed with Treatment,Can Be Managed with Treatment,"Recurrence, Metastasis","Recurrence, Metastasis","Early Detection, Regular Monitoring","Early Detection, Regular Monitoring",thyroid cancer,"[""neck lump"", ""hoarseness"", ""difficulty swallowing"", ""weight loss""]",4,1,0,0,"[""allergies_food_env""]"
kp_0429,Tinnitus,Tinnitus,कानों में आवाज़,कानों में आवाज़,कानांतील आवाज़,कानांतील आवाज़,"Ringing in the ears, hearing loss, ear fullness","Ringing in the ears, hearing loss, ear fullness","Hearing Tests, Physical Exam","Hearing Tests, Physical Exam",Moderate to Severe,moderate to severe,Lifelong,Lifelong,"Hearing loss, Noise exposure","Hearing loss, Noise exposure","Sound therapy, Antidepressants","Sound therapy, Antidepressants","Age, Noise Exposure, Ear Infections","Age, Noise Exposure, Ear Infections","Noise exposure, Ear infections","Noise exposure, Ear infections",Disrupted sleep,disrupted sleep,High stress,high stress,Low,low,Family history of hearing issues,Family history of hearing issues,"Low-sodium, Balanced diet","Low-sodium, Balanced diet",Noise,Noise,All seasons,all seasons,Adults,adults,Both genders,all genders,Requires sound therapy,Requires sound therapy,Avoids loud environments,Avoids loud environments,"Ginkgo Biloba, Zinc Supplements","Ginkgo Biloba, Zinc Supplements",None specific,None specific,Brahmi (2g daily),Brahmi (2g daily),Vata,Vata,Vata,Vata,"Avoid loud noises, consume anti-inflammatory foods, and practice relaxation techniques.","Avoid loud noises, consume anti-inflammatory foods, and practice relaxation techniques.","Sound Therapy, Relaxation Techniques","Sound Therapy, Relaxation Techniques","Sound Therapy, Medications, Surgery","Sound Therapy, Medications, Surgery","Avoid Loud Noises, Stress Management","Avoid Loud Noises, Stress Management",Can Be Managed with Treatment,Can Be Managed with Treatment,"Hearing Loss, Sleep Disruption","Hearing Loss, Sleep Disruption","Avoid Loud Noises, Relaxation Techniques","Avoid Loud Noises, Relaxation Techniques",tinnitus,"[""ringing in the ears"", ""hearing loss"", ""ear fullness""]",3,1,0,0,[]
kp_0430,Tuberculosis,Tuberculosis,तपेदिक,तपेदिक,तपेदिक,तपेदिक,"Cough, fever, weight loss, night sweats","Cough, fever, weight loss, night sweats","Chest X-ray, Sputum Test, Skin Test","Chest X-ray, Sputum Test, Skin Test",Severe,severe,Months to Years,Months to Years,"Previous lung diseases, Weak immune system","Previous lung diseases, Weak immune system",Antibiotics (6-9 months course),Antibiotics (6-9 months course),"Close Contact, Weakened Immune System","Close Contact, Weakened Immune System","Poor ventilation, Close contact","Poor ventilation, Close contact",Irregular sleep,irregular sleep,High stress,high stress,Low,low,Family history of TB,Family history of TB,"Low-fat, High-fiber diet","Low-fat, High-fiber diet","Air pollution, Smoke","Air pollution, Smoke",Winter season,winter season,"Adults, Elderly","adults, elderly",Both genders,all genders,Healthcare workers at risk,Healthcare workers at risk,Avoids overcrowded places,Avoids overcrowded places,None specific,None specific,None specific,None specific,Turmeric (1 tsp daily),Turmeric (1 tsp daily),Pitta,Pitta,Pitta,Pitta,"Follow medical treatment, avoid smoking, and consume nutrient-dense foods.","Follow medical treatment, avoid smoking, and consume nutrient-dense foods.",None specific,None specific,Antibiotics,Antibiotics,"Early Diagnosis, Proper Hygiene","Early Diagnosis, Proper Hygiene",Can Be Managed with Medication,Can Be Managed with Medication,"Organ Damage, Drug Resistance","Organ Damage, Drug Resistance","Regular Medication, Isolation","Regular Medication, Isolation",tuberculosis,"[""cough"", ""fever"", ""weight loss"", ""night sweats""]",4,0,1,0,[]
kp_0431,Urinary Tract Infection (UTI),Urinary Tract Infection (UTI),मूत्र मार्ग संक्रमण,मूत्र मार्ग संक्रमण,मूत्रमार्ग संक्रमण,मूत्रमार्ग संक्रमण,"Painful urination, frequent urination, lower abdominal pain","Painful urination, frequent urination, lower abdominal pain","Urine Test, Physical Exam","Urine Test, Physical Exam",Moderate,moderate,Days to Weeks,Days to Weeks,"Female, Sexual activity, Pregnancy","Female, Sexual activity, Pregnancy",Antibiotics,Antibiotics,"Female Gender, Sexual Activity, Diabetes","Female Gender, Sexual Activity, Diabetes","Poor hygiene, Dehydration","Poor hygiene, Dehydration",Regular sleep,regular sleep,Moderate stress,moderate stress,Low,low,Family history of UTIs,Family history of UTIs,"Low-sodium, Balanced diet","Low-sodium, Balanced diet",None,,All seasons,all seasons,"Adults, Children","adults, children",Both genders,all genders,Requires hydration,Requires hydration,Avoids dehydration,Avoids dehydration,"Cranberry, Garlic","Cranberry, Garlic",None specific,None specific,Cranberry (1 cup juice),Cranberry (1 cup juice),Pitta,Pitta,Pitta,Pitta,"Drink plenty of fluids, avoid irritants like caffeine, and maintain hygiene.","Drink plenty of fluids, avoid irritants like caffeine, and maintain hygiene.",None specific,None specific,Antibiotics,Antibiotics,"Proper Hygiene, Hydration","Proper Hygiene, Hydration",Can Be Managed with Medication,Can Be Managed with Medication,"Kidney Infection, Sepsis","Kidney Infection, Sepsis","Hydration, Proper Hygiene","Hydration, Proper Hygiene",urinary tract infection uti,"[""painful urination"", ""frequent urination"", ""lower abdominal pain""]",3,0,1,0,"[""allergies_food_env""]"
kp_0432,Varicose Veins,Varicose Veins,नसों का फैलाव,नसों का फैलाव,वेरिकोस वेन्स,वेरिकोस वेन्स,"Swollen, twisted veins, pain, heaviness in legs","Swollen, twisted veins, pain, heaviness in legs","Physical Exam, Ultrasound","Physical Exam, Ultrasound",Moderate to Severe,moderate to severe,Lifelong,Lifelong,"Obesity, Standing for long periods","Obesity, Standing for long periods","Compression stockings, Surgery","Compression stockings, Surgery","Age, Pregnancy, Obesity, Genetics","Age, Pregnancy, Obesity, Genetics","Obesity, Prolonged standing","Obesity, Prolonged standing",Irregular sleep,irregular sleep,Moderate stress,moderate stress,Low,low,Family history of varicose veins,Family history of varicose veins,"High-fiber, Low-sodium diet","High-fiber, Low-sodium diet",None,,All seasons,all seasons,Adults (Older),adults (older),Both genders,all genders,Requires movement breaks,Requires movement breaks,Avoids prolonged standing,Avoids prolonged standing,"Horse Chestnut, Grape Seed Extract","Horse Chestnut, Grape Seed Extract",None specific,None specific,Horse chestnut (1 tsp daily),Horse chestnut (1 tsp daily),Vata,Vata,Vata,Vata,"Avoid prolonged sitting or standing, elevate legs, and incorporate leg-strengthening exercises.","Avoid prolonged sitting or standing, elevate legs, and incorporate leg-strengthening exercises.",None specific,None specific,"Sclerotherapy, Surgery, Compression Stockings","Sclerotherapy, Surgery, Compression Stockings","Regular Exercise, Avoid Prolonged Sitting","Regular Exercise, Avoid Prolonged Sitting",Can Be Managed with Treatment,Can Be Managed with Treatment,"Ulcers, Blood Clots","Ulcers, Blood Clots","Regular Exercise, Elevation of Legs","Regular Exercise, Elevation of Legs",varicose veins,"[""swollen"", ""twisted veins"", ""pain"", ""heaviness in legs""]",4,1,0,0,"[""allergies_food_env""]"
kp_0433,Viral Infections,Viral Infections,वायरल संक्रमण,वायरल संक्रमण,वायरल इन्फेक्शन,वायरल इन्फेक्शन,"Fever, fatigue, cough, body aches","Fever, fatigue, cough, body aches","Blood Tests, Cultures, PCR Testing","Blood Tests, Cultures, PCR Testing",Moderate to Severe,moderate to severe,Days to Weeks,Days to Weeks,Immunocompromised state,Immunocompromised state,"Antiviral drugs, Rest","Antiviral drugs, Rest","Weakened Immune System, Close Contact","Weakened Immune System, Close Contact","Close contact, Poor hygiene","Close contact, Poor hygiene",Regular sleep,regular sleep,Moderate stress,moderate stress,Low,low,Family history of viral infections,Family history of viral infections,"Low-sodium, Balanced diet","Low-sodium, Balanced diet",None,,All seasons,all seasons,All ages,all ages,Both genders,all genders,Avoids crowded places,Avoids crowded places,Avoids exposure to sick individuals,Avoids exposure to sick individuals,"Vitamin C, Echinacea","Vitamin C, Echinacea",None specific,None specific,Echinacea (2g daily),Echinacea (2g daily),Pitta,Pitta,Pitta,Pitta,"Increase fluid intake, rest, and consume immune-boosting foods like garlic.","Increase fluid intake, rest, and consume immune-boosting foods like garlic.",None specific,None specific,"Antiviral Medications, Supportive Care","Antiviral Medications, Supportive Care","Proper Hygiene, Vaccination","Proper Hygiene, Vaccination",Depends on Type,Depends on Type,"Organ Damage, Secondary Infections","Organ Damage, Secondary Infections","Vaccination, Supportive Care","Vaccination, Supportive Care",viral infections,"[""fever"", ""fatigue"", ""cough"", ""body aches""]",4,0,1,0,"[""allergies_food_env""]"
kp_0434,Whipple's Disease,Whipple's Disease,व्हिपल्स रोग,व्हिपल्स रोग,व्हिपल्स रोग,व्हिपल्स रोग,"Abdominal pain, weight loss, diarrhea, malabsorption","Abdominal pain, weight loss, diarrhea, malabsorption","Biopsy, Endoscopy, Imaging","Biopsy, Endoscopy, Imaging",Severe,severe,Months to Years,Months to Years,"Malabsorption, Weight loss","Malabsorption, Weight loss","Antibiotics, Nutritional support","Antibiotics, Nutritional support","Malnutrition, Weakened Immune System","Malnutrition, Weakened Immune System","Poor nutrition, Bacterial infection","Poor nutrition, Bacterial infection",Irregular sleep,irregular sleep,High stress,high stress,Low,low,No significant family history,No significant family history,"High-protein, High-calorie diet","High-protein, High-calorie diet",None,,All seasons,all seasons,Adults (Middle-aged),adults (middle-aged),Both genders,all genders,Requires medical treatment,Requires medical treatment,Avoids malnourishment,Avoids malnourishment,None specific,None specific,None specific,None specific,Probiotic (1 capsule daily),Probiotic (1 capsule daily),Vata,Vata,Vata,Vata,"Follow a high-protein, nutrient-dense diet, avoid sugar, and follow medical advice.","Follow a high-protein, nutrient-dense diet, avoid sugar, and follow medical advice.",None specific,None specific,Antibiotics (Long-term),Antibiotics (Long-term),"Good Nutrition, Proper Hygiene","Good Nutrition, Proper Hygiene",Can Be Managed with Treatment,Can Be Managed with Treatment,"Malabsorption, Heart Issues","Malabsorption, Heart Issues","Regular Monitoring, Nutrition","Regular Monitoring, Nutrition",whipple s disease,"[""abdominal pain"", ""weight loss"", ""diarrhea"", ""malabsorption""]",4,1,0,0,"[""allergies_food_env""]"
kp_0435,Wilson’s Disease,Wilson's Disease,विल्सन रोग,विल्सन रोग,विल्सन रोग,विल्सन रोग,"Jaundice, tremors, difficulty walking, psychiatric symptoms","Jaundice, tremors, difficulty walking, psychiatric symptoms","Blood Tests, Imaging, Biopsy","Blood Tests, Imaging, Biopsy",Severe,severe,Lifelong,Lifelong,"Liver problems, Neurological symptoms","Liver problems, Neurological symptoms","Copper-chelating agents, Zinc","Copper-chelating agents, Zinc","Genetics, Copper Overload","Genetics, Copper Overload","Poor diet, Genetic factors","Poor diet, Genetic factors",Irregular sleep,irregular sleep,High stress,high stress,Low,low,Family history of Wilson’s disease,Family history of Wilson's disease,"Low-copper, High-protein diet","Low-copper, High-protein diet",None,,All seasons,all seasons,Adults (Young),adults (young),Both genders,all genders,Requires monitoring,Requires monitoring,Avoids copper-rich foods,Avoids copper-rich foods,None specific,None specific,None specific,None specific,Zinc (50mg daily),Zinc (50mg daily),Pitta,Pitta,Pitta,Pitta,"Avoid copper-rich foods, maintain a balanced diet, and follow treatment protocols.","Avoid copper-rich foods, maintain a balanced diet, and follow treatment protocols.",None specific,None specific,"Chelation Therapy, Liver Transplant","Chelation Therapy, Liver Transplant","Early Detection, Avoid Copper-Rich Foods","Early Detection, Avoid Copper-Rich Foods",Can Be Managed with Treatment,Can Be Managed with Treatment,"Liver Failure, Neurological Damage","Liver Failure, Neurological Damage","Regular Monitoring, Low Copper Diet","Regular Monitoring, Low Copper Diet",wilson s disease,"[""jaundice"", ""tremors"", ""difficulty walking"", ""psychiatric symptoms""]",4,0,1,0,"[""allergies_food_env""]"
kp_0436,Worm Infections,Worm Infections,कीड़े का संक्रमण,कीड़े का संक्रमण,कृमी संक्रमण,कृमी संक्रमण,"Abdominal pain, diarrhea, weight loss, bloating","Abdominal pain, diarrhea, weight loss, bloating","Stool Test, Blood Tests, Imaging","Stool Test, Blood Tests, Imaging",Moderate,moderate,Weeks to Months,Weeks to Months,"Poor sanitation, Contaminated water","Poor sanitation, Contaminated water",Anti-worm medications,Anti-worm medications,"Poor Hygiene, Contaminated Water","Poor Hygiene, Contaminated Water","Poor sanitation, Contaminated water","Poor sanitation, Contaminated water",Irregular sleep,irregular sleep,Moderate stress,moderate stress,Low,low,Family history of worm infections,Family history of worm infections,"Low-fat, Balanced diet","Low-fat, Balanced diet",None,,All seasons,all seasons,All ages,all ages,Both genders,all genders,Requires hygiene,Requires hygiene,Avoids contaminated water,Avoids contaminated water,"Wormwood, Papaya Seeds","Wormwood, Papaya Seeds",None specific,None specific,Papaya seeds (1 tsp daily),Papaya seeds (1 tsp daily),Vata,Vata,Vata,Vata,"Maintain proper hygiene, eat fiber-rich foods, and consume anti-parasitic herbs.","Maintain proper hygiene, eat fiber-rich foods, and consume anti-parasitic herbs.",None specific,None specific,Anthelmintic Medications,Anthelmintic Medications,"Proper Hygiene, Safe Drinking Water","Proper Hygiene, Safe Drinking Water",Can Be Managed with Medication,Can Be Managed with Medication,"Organ Damage, Malnutrition","Organ Damage, Malnutrition","Maintain Hygiene, Safe Water Sources","Maintain Hygiene, Safe Water Sources",worm infections,"[""abdominal pain"", ""diarrhea"", ""weight loss"", ""bloating""]",4,1,0,0,"[""allergies_food_env""]"
kp_0437,Yeast Infections,Yeast Infections,खमीर का संक्रमण,खमीर का संक्रमण,यीस्ट इन्फेक्शन,यीस्ट इन्फेक्शन,"Itching, discharge, redness, swelling","Itching, discharge, redness, swelling","Physical Exam, Culture, Blood Tests","Physical Exam, Culture, Blood Tests",Moderate,moderate,Days to Weeks,Days to Weeks,"Diabetes, Antibiotic use, Immunosuppression","Diabetes, Antibiotic use, Immunosuppression",Antifungal medications,Antifungal medications,"Antibiotics, Weakened Immune System","Antibiotics, Weakened Immune System","Poor hygiene, Diabetes, Antibiotic use","Poor hygiene, Diabetes, Antibiotic use",Regular sleep,regular sleep,Moderate stress,moderate stress,Low,low,Family history of yeast infections,Family history of yeast infections,"Low-sugar, High-fiber diet","Low-sugar, High-fiber diet",None,,All seasons,all seasons,"Adults, Children","adults, children",Both genders,all genders,Requires antifungal treatment,Requires antifungal treatment,Avoids sugar-rich foods,Avoids sugar-rich foods,"Tea Tree Oil, Coconut Oil","Tea Tree Oil, Coconut Oil",None specific,None specific,Garlic (2-3 cloves daily),Garlic (2-3 cloves daily),Pitta,Pitta,Pitta,Pitta,"Consume antifungal foods like garlic, avoid sugar, and maintain good hygiene.","Consume antifungal foods like garlic, avoid sugar, and maintain good hygiene.",None specific,None specific,Antifungal Medications,Antifungal Medications,"Proper Hygiene, Avoid Excessive Antibiotics","Proper Hygiene, Avoid Excessive Antibiotics",Can Be Managed with Medication,Can Be Managed with Medication,"Recurrent Infections, Spread","Recurrent Infections, Spread","Proper Hygiene, Avoid Triggers","Proper Hygiene, Avoid Triggers",yeast infections,"[""itching"", ""discharge"", ""redness"", ""swelling""]",4,0,1,0,"[""allergies_food_env""]"
kp_0438,Zika Virus,Zika Virus,जीका वायरस,जीका वायरस,झिका व्हायरस,झिका व्हायरस,"Fever, rash, joint pain, conjunctivitis","Fever, rash, joint pain, conjunctivitis","Blood Test, Urine Test","Blood Test, Urine Test",Moderate to Severe,moderate to severe,Weeks to Months,Weeks to Months,Mosquito bites,Mosquito bites,Supportive care,Supportive care,"Mosquito Bites, Travel to Endemic Areas","Mosquito Bites, Travel to Endemic Areas","Mosquito exposure, Travel history","Mosquito exposure, Travel history",Irregular sleep,irregular sleep,High stress,high stress,Low,low,Family history of Zika infection,Family history of Zika infection,"Low-sodium, Balanced diet","Low-sodium, Balanced diet",Mosquito bites,Mosquito bites,Summer season,summer season,"Adults, Children","adults, children",Both genders,all genders,Requires mosquito control,Requires mosquito control,Avoids mosquito exposure,Avoids mosquito exposure,None specific,None specific,None specific,None specific,Echinacea (2g daily),Echinacea (2g daily),Vata,Vata,Vata,Vata,"Avoid mosquito bites, stay hydrated, and maintain a nutrient-rich diet.","Avoid mosquito bites, stay hydrated, and maintain a nutrient-rich diet.",None specific,None specific,"Supportive Care, Antipyretics","Supportive Care, Antipyretics","Avoid Mosquito Bites, Use Repellents","Avoid Mosquito Bites, Use Repellents",Can Resolve on Its Own,Can Resolve on Its Own,"Birth Defects, Neurological Damage","Birth Defects, Neurological Damage","Mosquito Control, Hydration","Mosquito Control, Hydration",zika virus,"[""fever"", ""rash"", ""joint pain"", ""conjunctivitis""]",4,1,0,0,[]
kp_0439,Zoonotic Infections,Zoonotic Infections,जन्तुजन्य संक्रमण,जन्तुजन्य संक्रमण,प्राणीजन्य संक्रमण,प्राणीजन्य संक्रमण,"Fever, chills, nausea, muscle aches, skin rash","Fever, chills, nausea, muscle aches, skin rash","Blood Tests, Cultures, Imaging","Blood Tests, Cultures, Imaging",Moderate to Severe,moderate to severe,Days to Months,Days to Months,"Contact with animals, Poor hygiene","Contact with animals, Poor hygiene","Antibiotics, Antiviral medications","Antibiotics, Antiviral medications","Contact with Animals, Weakened Immune System","Contact with Animals, Weakened Immune System","Animal contact, Poor hygiene","Animal contact, Poor hygiene",Regular sleep,regular sleep,High stress,high stress,Low,low,Family history of zoonotic infections,Family history of zoonotic infections,"Low-sodium, Balanced diet","Low-sodium, Balanced diet",Animal allergens,Animal allergens,All seasons,all seasons,All ages,all ages,Both genders,all genders,Requires hygiene,Requires hygiene,Avoids animal contact,Avoids animal contact,None specific,None specific,None specific,None specific,Turmeric (1 tsp daily),Turmeric (1 tsp daily),Pitta,Pitta,Pitta,Pitta,"Avoid contact with infected animals, practice hygiene, and consume immune-boosting foods.","Avoid contact with infected animals, practice hygiene, and consume immune-boosting foods.",None specific,None specific,"Antibiotics, Antivirals","Antibiotics, Antivirals",Avoid Contact with Infected Animals,Avoid Contact with Infected Animals,Can Be Managed with Treatment,Can Be Managed with Treatment,"Organ Damage, Sepsis","Organ Damage, Sepsis","Avoid Animal Contact, Good Hygiene","Avoid Animal Contact, Good Hygiene",zoonotic infections,"[""fever"", ""chills"", ""nausea"", ""muscle aches"", ""skin rash""]",5,0,1,0,[]
kp_0440,Bell's Palsy,Bell's Palsy,बेल्स पाल्सी,बेल्स पाल्सी,बेल्स पॅल्सी,बेल्स पॅल्सी,"Facial drooping, loss of taste, difficulty closing eyes","Facial drooping, loss of taste, difficulty closing eyes","Physical Exam, Electromyography (EMG)","Physical Exam, Electromyography (EMG)",Moderate,moderate,Weeks to Months,Weeks to Months,"Viral infections, Stress, Pregnancy","Viral infections, Stress, Pregnancy","Steroids, Antiviral medications","Steroids, Antiviral medications","Viral Infections, Pregnancy, Stress","Viral Infections, Pregnancy, Stress","Stress, Cold weather, Viral infections","Stress, Cold weather, Viral infections",Irregular sleep,irregular sleep,High stress,high stress,Low,low,Family history of Bell’s Palsy,Family history of Bell's Palsy,Balanced diet,Balanced diet,None,,Winter season,winter season,Adults,adults,Both genders,all genders,Requires rest and recovery,Requires rest and recovery,Avoids stress,Avoids stress,None specific,None specific,None specific,None specific,Vitamin B12 (1000mcg daily),Vitamin B12 (1000mcg daily),Pitta,Pitta,Pitta,Pitta,"Manage stress, practice facial exercises, and consume nutrient-rich foods.","Manage stress, practice facial exercises, and consume nutrient-rich foods.","Facial Exercises, Stress Management","Facial Exercises, Stress Management","Steroids, Antiviral Medications","Steroids, Antiviral Medications","Stress Management, Healthy Lifestyle","Stress Management, Healthy Lifestyle",Can Be Managed with Treatment,Can Be Managed with Treatment,Permanent Facial Paralysis,Permanent Facial Paralysis,"Early Intervention, Facial Exercises","Early Intervention, Facial Exercises",bell s palsy,"[""facial drooping"", ""loss of taste"", ""difficulty closing eyes""]",3,0,1,0,"[""allergies_food_env""]"
kp_0441,Bipolar Disorder,Bipolar Disorder,द्विध्रुवीय विकार,द्विध्रुवीय विकार,बायपोलर विकार,बायपोलर विकार,"Extreme mood swings, depression, mania","Extreme mood swings, depression, mania","Psychological Evaluation, Blood Tests","Psychological Evaluation, Blood Tests",Severe,severe,Lifelong,Lifelong,Family history of mental disorders,Family history of mental disorders,"Mood stabilizers, Antidepressants","Mood stabilizers, Antidepressants","Family History, Stress, Substance Abuse","Family History, Stress, Substance Abuse","Stress, Lack of sleep, Substance abuse","Stress, Lack of sleep, Substance abuse",Irregular sleep,irregular sleep,High stress,high stress,Low,low,Family history of mental illness,Family history of mental illness,"Low-caffeine, Balanced diet","Low-caffeine, Balanced diet",None,,All seasons,all seasons,Adults,adults,Both genders,all genders,Requires psychological support,Requires psychological support,Avoids high-stress situations,Avoids high-stress situations,"Omega-3 Fatty Acids, St. John's Wort","Omega-3 Fatty Acids, St. John's Wort","Ashwagandha, Brahmi","Ashwagandha, Brahmi",Brahmi (2g daily),Brahmi (2g daily),Vata,Vata,Vata,Vata,"Follow a routine, consume mood-stabilizing foods, and practice relaxation techniques.","Follow a routine, consume mood-stabilizing foods, and practice relaxation techniques.","Meditation, Regular Exercise","Meditation, Regular Exercise","Medications (Mood Stabilizers, Antidepressants)","Medications (Mood Stabilizers, Antidepressants)","Stress Management, Regular Therapy","Stress Management, Regular Therapy",Can Be Managed with Medication,Can Be Managed with Medication,"Suicide, Cardiovascular Issues","Suicide, Cardiovascular Issues","Regular Therapy, Medication Adherence","Regular Therapy, Medication Adherence",bipolar disorder,"[""extreme mood swings"", ""depression"", ""mania""]",3,1,0,0,"[""allergies_food_env""]"
kp_0442,Crohn’s Disease,Crohn's Disease,क्रोहन रोग,क्रोहन रोग,क्रोहन रोग,क्रोहन रोग,"Abdominal pain, diarrhea, fatigue","Abdominal pain, diarrhea, fatigue","Endoscopy, Biopsy, Blood Tests","Endoscopy, Biopsy, Blood Tests",Severe,severe,Lifelong,Lifelong,"Family history, Autoimmune conditions","Family history, Autoimmune conditions","Anti-inflammatory medications, Immunosuppressants","Anti-inflammatory medications, Immunosuppressants","Family History, Smoking, Stress","Family History, Smoking, Stress","Stress, Poor diet, Smoking","Stress, Poor diet, Smoking",Irregular sleep,irregular sleep,High stress,high stress,Low,low,Family history of Crohn’s disease,Family history of Crohn's disease,"Low-fiber, Balanced diet","Low-fiber, Balanced diet","Dairy, Gluten","Dairy, Gluten",All seasons,all seasons,"Adults, Teens","adults, teens",Both genders,all genders,Requires medical treatment,Requires medical treatment,Avoids processed foods,Avoids processed foods,"Turmeric, Ginger, Probiotics","Turmeric, Ginger, Probiotics","Turmeric, Ashwagandha","Turmeric, Ashwagandha",Triphala (1 tsp daily),Triphala (1 tsp daily),Pitta,Pitta,Pitta,Pitta,"Avoid processed foods, consume fiber-rich meals, and follow medical treatment plans.","Avoid processed foods, consume fiber-rich meals, and follow medical treatment plans.","Regular Exercise, Stress Management","Regular Exercise, Stress Management","Immunosuppressants, Surgery","Immunosuppressants, Surgery","Healthy Diet, Stress Management","Healthy Diet, Stress Management",Can Be Managed with Medication,Can Be Managed with Medication,"Bowel Obstruction, Malnutrition","Bowel Obstruction, Malnutrition","Regular Monitoring, Healthy Diet","Regular Monitoring, Healthy Diet",crohn s disease,"[""abdominal pain"", ""diarrhea"", ""fatigue""]",3,0,1,0,[]
kp_0443,Cystic Fibrosis,Cystic Fibrosis,सिस्टिक फाइब्रोसिस,सिस्टिक फाइब्रोसिस,सिस्टिक फायब्रोसिस,सिस्टिक फायब्रोसिस,"Difficulty breathing, frequent lung infections, digestive issues","Difficulty breathing, frequent lung infections, digestive issues","Sweat Test, Genetic Testing, Chest X-ray","Sweat Test, Genetic Testing, Chest X-ray",Severe,severe,Lifelong,Lifelong,"Genetic disorder, Respiratory issues","Genetic disorder, Respiratory issues","Mucus-thinning drugs, Antibiotics","Mucus-thinning drugs, Antibiotics","Genetic Mutations, Chronic Infections","Genetic Mutations, Chronic Infections","Poor air quality, Infection exposure","Poor air quality, Infection exposure",Irregular sleep,irregular sleep,High stress,high stress,Low,low,Family history of Cystic Fibrosis,Family history of Cystic Fibrosis,"High-protein, High-calorie diet","High-protein, High-calorie diet",None,,Winter season,winter season,"Children, Adults","children, adults",Both genders,all genders,Requires respiratory care,Requires respiratory care,Avoids cold environments,Avoids cold environments,"Eucalyptus, Oregano","Eucalyptus, Oregano",None specific,None specific,Turmeric (1 tsp daily),Turmeric (1 tsp daily),Vata,Vata,Vata,Vata,"Consume high-calorie meals, follow a high-protein diet, and manage lung health.","Consume high-calorie meals, follow a high-protein diet, and manage lung health.","Chest Physiotherapy, Regular Exercise","Chest Physiotherapy, Regular Exercise","Chest Physiotherapy, Antibiotics, Enzyme Replacement","Chest Physiotherapy, Antibiotics, Enzyme Replacement","Airway Clearance, Proper Nutrition","Airway Clearance, Proper Nutrition",Can Be Managed with Treatment,Can Be Managed with Treatment,"Lung Infections, Respiratory Failure","Lung Infections, Respiratory Failure","Regular Monitoring, Nutritional Support","Regular Monitoring, Nutritional Support",cystic fibrosis,"[""difficulty breathing"", ""frequent lung infections"", ""digestive issues""]",3,1,0,0,"[""allergies_food_env""]"
kp_0444,Dengue Fever,Dengue Fever,डेंगू बुखार,डेंगू बुखार,डेंगू ताप,डेंगू ताप,"High fever, rash, joint pain, muscle pain","High fever, rash, joint pain, muscle pain","Blood Tests, Serology, PCR Testing","Blood Tests, Serology, PCR Testing",Severe,severe,Days to Weeks,Days to Weeks,"Mosquito exposure, Poor sanitation","Mosquito exposure, Poor sanitation","Pain relievers, Antipyretics","Pain relievers, Antipyretics","Mosquito Bites, Travel to Endemic Areas","Mosquito Bites, Travel to Endemic Areas","Mosquito exposure, Poor hygiene","Mosquito exposure, Poor hygiene",Irregular sleep,irregular sleep,High stress,high stress,Low,low,No significant family history,No significant family history,"Low-sodium, Hydration","Low-sodium, Hydration",Mosquito bites,Mosquito bites,Monsoon season,monsoon season,All ages,all ages,Both genders,all genders,Requires rest and hydration,Requires rest and hydration,Avoids mosquito exposure,Avoids mosquito exposure,None specific,None specific,None specific,None specific,Papaya leaves (fresh juice),Papaya leaves (fresh juice),Pitta,Pitta,Pitta,Pitta,"Rest, stay hydrated, and avoid mosquito bites.","Rest, stay hydrated, and avoid mosquito bites.",None specific,None specific,"Supportive Care, Fluid Replacement","Supportive Care, Fluid Replacement","Avoid Mosquito Bites, Use Repellents","Avoid Mosquito Bites, Use Repellents",Can Resolve on Its Own,Can Resolve on Its Own,"Bleeding, Organ Damage","Bleeding, Organ Damage","Mosquito Control, Hydration","Mosquito Control, Hydration",dengue fever,"[""high fever"", ""rash"", ""joint pain"", ""muscle pain""]",4,0,1,0,[]
kp_0445,Diabetic Retinopathy,Diabetic Retinopathy,डायबिटिक रेटिनोपॅथी,डायबिटिक रेटिनोपॅथी,मधुमेह नेत्रविकार,मधुमेह नेत्रविकार,"Blurred vision, vision loss","Blurred vision, vision loss","Eye Exam, Dilated Fundus Examination","Eye Exam, Dilated Fundus Examination",Moderate to Severe,moderate to severe,Lifelong,Lifelong,"Diabetes, High blood sugar levels","Diabetes, High blood sugar levels","Insulin, Blood sugar control","Insulin, Blood sugar control","Diabetes, High Blood Pressure","Diabetes, High Blood Pressure","High blood sugar, Poor diabetes management","High blood sugar, Poor diabetes management",Irregular sleep,irregular sleep,Moderate stress,moderate stress,Low,low,Family history of diabetes,Family history of diabetes,"Low-sugar, Balanced diet","Low-sugar, Balanced diet",None,,All seasons,all seasons,Adults,adults,Both genders,all genders,Requires regular monitoring,Requires regular monitoring,Avoids sugar-rich foods,Avoids sugar-rich foods,None specific,None specific,None specific,None specific,Amla (1 tsp daily),Amla (1 tsp daily),Vata,Vata,Vata,Vata,"Monitor blood sugar levels, consume antioxidants, and avoid processed sugar.","Monitor blood sugar levels, consume antioxidants, and avoid processed sugar.",None specific,None specific,"Laser Treatment, Anti-VEGF Injections","Laser Treatment, Anti-VEGF Injections","Blood Sugar Control, Regular Eye Exams","Blood Sugar Control, Regular Eye Exams",Can Be Managed with Treatment,Can Be Managed with Treatment,"Vision Loss, Blindness","Vision Loss, Blindness","Regular Monitoring, Blood Sugar Control","Regular Monitoring, Blood Sugar Control",diabetic retinopathy,"[""blurred vision"", ""vision loss""]",2,1,0,0,"[""allergies_food_env""]"
kp_0446,Hodgkin’s Lymphoma,Hodgkin's Lymphoma,होड्जकिन्स लिम्फोमा,होड्जकिन्स लिम्फोमा,होड्जकिन लिम्फोमा,होड्जकिन लिम्फोमा,"Swollen lymph nodes, fever, night sweats, weight loss","Swollen lymph nodes, fever, night sweats, weight loss","Blood Tests, Biopsy, Imaging","Blood Tests, Biopsy, Imaging",Severe,severe,Months to Years,Months to Years,"Family history, Immune system issues","Family history, Immune system issues","Chemotherapy, Radiation therapy","Chemotherapy, Radiation therapy","Family History, Immunosuppression","Family History, Immunosuppression","Weakened immune system, Viral infections","Weakened immune system, Viral infections",Irregular sleep,irregular sleep,High stress,high stress,Low,low,Family history of Hodgkin’s lymphoma,Family history of Hodgkin's lymphoma,Balanced diet,Balanced diet,None,,All seasons,all seasons,"Teens, Adults","teens, adults",Both genders,all genders,Requires cancer treatment,Requires cancer treatment,Avoids infections,Avoids infections,None specific,None specific,None specific,None specific,Ashwagandha (5g daily),Ashwagandha (5g daily),Vata,Vata,Vata,Vata,"Follow prescribed medical treatments, maintain a nutritious diet, and manage stress.","Follow prescribed medical treatments, maintain a nutritious diet, and manage stress.",None specific,None specific,"Chemotherapy, Radiation, Stem Cell Transplant","Chemotherapy, Radiation, Stem Cell Transplant","Early Detection, Regular Check-ups","Early Detection, Regular Check-ups",Can Be Managed with Treatment,Can Be Managed with Treatment,"Organ Damage, Secondary Cancers","Organ Damage, Secondary Cancers","Early Detection, Regular Monitoring","Early Detection, Regular Monitoring",hodgkin s lymphoma,"[""swollen lymph nodes"", ""fever"", ""night sweats"", ""weight loss""]",4,1,0,0,"[""allergies_food_env""]"
